PFco_Code,tahun,bulan,stok_awal,stok_masuk,penjualan,stok_akhir,safety_stock,status_stok
115,2021,2,993.18,1380.32,2273.54,99.96,199.5,understock
115,2021,3,99.96,620.73,560.84,159.85,199.5,understock
115,2021,4,159.85,60.48,110.29,110.04,199.5,understock
115,2021,5,110.04,0.0,0.0,102.52,199.5,understock
115,2021,6,102.52,188.32,170.33,120.51,199.5,understock
119,2021,9,149.88,63.59,151.3,62.17,41.97,normal
119,2021,10,62.17,0.0,0.0,54.18,41.97,normal
119,2021,11,54.18,0.0,0.0,48.68,41.97,normal
119,2021,12,48.68,0.0,0.0,46.02,41.97,normal
119,2022,1,46.02,0.0,0.0,42.93,41.97,normal
119,2022,2,42.93,30.49,0.0,67.13,41.97,normal
119,2022,3,67.13,0.0,0.0,61.73,41.97,normal
119,2022,4,61.73,170.77,165.71,66.79,41.97,normal
123,2024,4,283.36,181.63,202.4,262.59,87.55,normal
123,2024,5,262.59,235.89,455.8,42.68,87.55,understock
124,2024,5,1046.24,323.63,277.7,1092.17,270.99,normal
124,2024,6,1092.17,2021.13,1494.2,1619.1,270.99,overstock
124,2024,7,1619.1,1020.59,1152.3,1487.39,270.99,overstock
125,2023,8,359.42,44.7,60.56,343.56,71.24,normal
125,2023,9,343.56,378.25,398.92,322.89,71.24,normal
125,2023,10,322.89,452.74,664.02,111.61,71.24,normal
125,2023,11,111.61,279.96,296.43,95.14,71.24,normal
125,2023,12,95.14,28.6,0.0,115.89,71.24,normal
125,2024,1,115.89,0.0,0.0,102.71,71.24,normal
125,2024,2,102.71,0.0,0.0,92.72,71.24,normal
125,2024,3,92.72,46.46,0.0,127.49,71.24,normal
125,2024,4,127.49,0.0,0.0,111.29,71.24,normal
125,2024,5,111.29,71.53,59.93,122.89,71.24,normal
126,2023,9,175.04,412.52,464.49,123.07,56.89,normal
126,2023,10,123.07,0.0,0.0,105.75,56.89,normal
126,2023,11,105.75,0.0,0.0,96.12,56.89,normal
126,2023,12,96.12,64.12,119.52,40.72,56.89,understock
126,2024,1,40.72,20.13,0.0,58.16,56.89,normal
126,2024,2,58.16,231.98,139.27,150.87,56.89,normal
126,2024,3,150.87,248.56,179.28,220.15,56.89,normal
126,2024,4,220.15,0.0,0.0,197.27,56.89,normal
126,2024,5,197.27,284.59,174.34,307.52,56.89,normal
127,2022,1,231.12,240.52,147.64,324.0,53.4,normal
127,2022,2,324.0,28.87,0.0,323.15,53.4,normal
127,2022,3,323.15,551.9,590.13,284.92,53.4,normal
127,2022,4,284.92,142.36,139.36,287.92,53.4,normal
127,2022,5,287.92,18.32,35.0,271.24,53.4,normal
139,2024,4,3650.61,4205.19,4180.64,3675.16,949.55,normal
139,2024,5,3675.16,5412.6,5868.39,3219.37,949.55,normal
139,2024,6,3219.37,1555.88,1694.02,3081.23,949.55,normal
139,2024,7,3081.23,4389.99,3751.55,3719.67,949.55,normal
145,2021,12,700.09,34.79,115.5,619.38,239.44,normal
145,2022,1,619.38,115.16,217.6,516.94,239.44,normal
145,2022,2,516.94,21.06,13.51,524.49,239.44,normal
145,2022,3,524.49,0.0,0.0,496.13,239.44,normal
145,2022,4,496.13,0.0,0.0,437.71,239.44,normal
145,2022,5,437.71,96.63,0.0,502.54,239.44,normal
145,2022,6,502.54,2020.29,4427.74,0.0,239.44,stockout
145,2022,7,0.0,0.0,0.0,0.0,239.44,stockout
145,2022,8,0.0,0.0,0.0,0.0,239.44,stockout
145,2022,9,0.0,0.0,0.0,0.0,239.44,stockout
145,2022,10,0.0,0.0,0.0,0.0,239.44,stockout
145,2022,11,0.0,0.0,0.0,0.0,239.44,stockout
145,2022,12,0.0,0.0,0.0,0.0,239.44,stockout
145,2023,1,0.0,140.64,0.0,140.64,239.44,understock
145,2023,2,140.64,0.0,0.0,128.84,239.44,understock
145,2023,3,128.84,0.0,0.0,113.04,239.44,understock
145,2023,4,113.04,0.0,0.0,97.36,239.44,understock
145,2023,5,97.36,0.0,0.0,86.24,239.44,understock
145,2023,6,86.24,56.57,0.0,130.75,239.44,understock
145,2023,7,130.75,0.0,0.0,124.09,239.44,understock
145,2023,8,124.09,397.34,339.54,181.89,239.44,understock
145,2023,9,181.89,56.48,0.0,219.29,239.44,understock
145,2023,10,219.29,0.0,0.0,194.03,239.44,understock
145,2023,11,194.03,0.0,0.0,170.51,239.44,understock
145,2023,12,170.51,0.0,0.0,156.44,239.44,understock
145,2024,1,156.44,0.0,0.0,138.46,239.44,understock
145,2024,2,138.46,0.0,0.0,122.43,239.44,understock
145,2024,3,122.43,0.0,0.0,115.16,239.44,understock
145,2024,4,115.16,461.95,457.27,119.84,239.44,understock
145,2024,5,119.84,454.12,677.69,0.0,239.44,stockout
145,2024,6,0.0,556.85,564.05,0.0,239.44,stockout
145,2024,7,0.0,21.46,44.65,0.0,239.44,stockout
146,2021,1,1611.14,622.73,553.31,1680.56,292.24,normal
146,2021,2,1680.56,537.74,300.14,1918.16,292.24,normal
146,2021,3,1918.16,3908.73,2725.19,3101.7,292.24,overstock
146,2021,4,3101.7,0.0,0.0,2894.04,292.24,overstock
146,2021,5,2894.04,0.0,0.0,2478.41,292.24,overstock
146,2021,6,2478.41,0.0,0.0,2213.2,292.24,overstock
146,2021,7,2213.2,204.13,0.0,2087.55,292.24,normal
146,2021,8,2087.55,183.32,0.0,1983.34,292.24,normal
146,2021,9,1983.34,0.0,0.0,1745.93,292.24,normal
146,2021,10,1745.93,112.18,241.35,1616.76,292.24,normal
146,2021,11,1616.76,0.0,0.0,1405.07,292.24,normal
146,2021,12,1405.07,0.0,0.0,1212.99,292.24,normal
146,2022,1,1212.99,0.0,0.0,1090.32,292.24,normal
146,2022,2,1090.32,0.0,0.0,948.76,292.24,normal
146,2022,3,948.76,0.0,0.0,834.72,292.24,normal
146,2022,4,834.72,3019.24,4313.21,0.0,292.24,stockout
146,2022,5,0.0,196.23,0.0,196.23,292.24,understock
146,2022,6,196.23,1566.87,1575.3,187.8,292.24,understock
146,2022,7,187.8,0.0,0.0,167.31,292.24,understock
146,2022,8,167.31,79.79,0.0,224.97,292.24,understock
146,2022,9,224.97,0.0,0.0,210.86,292.24,understock
146,2022,10,210.86,0.0,0.0,184.08,292.24,understock
146,2022,11,184.08,0.0,0.0,163.41,292.24,understock
146,2022,12,163.41,82.88,0.0,229.44,292.24,understock
146,2023,1,229.44,0.0,0.0,203.34,292.24,understock
146,2023,2,203.34,0.0,0.0,173.33,292.24,understock
146,2023,3,173.33,0.0,0.0,159.07,292.24,understock
146,2023,4,159.07,0.0,0.0,146.81,292.24,understock
146,2023,5,146.81,0.0,0.0,138.32,292.24,understock
146,2023,6,138.32,278.96,0.0,398.8,292.24,normal
146,2023,7,398.8,1078.01,2011.29,0.0,292.24,stockout
146,2023,8,0.0,1862.83,1809.02,53.81,292.24,understock
146,2023,9,53.81,0.0,0.0,47.57,292.24,understock
146,2023,10,47.57,293.15,243.18,97.54,292.24,understock
146,2023,11,97.54,0.0,0.0,88.57,292.24,understock
146,2023,12,88.57,0.0,0.0,80.99,292.24,understock
146,2024,1,80.99,0.0,0.0,76.82,292.24,understock
146,2024,2,76.82,81.65,0.0,154.32,292.24,understock
146,2024,3,154.32,0.0,0.0,135.75,292.24,understock
146,2024,4,135.75,296.89,244.25,188.39,292.24,understock
146,2024,5,188.39,0.0,0.0,170.05,292.24,understock
146,2024,6,170.05,2269.88,2181.14,258.79,292.24,understock
146,2024,7,258.79,363.76,1022.78,0.0,292.24,stockout
148,2021,1,49.85,58.26,53.48,54.63,11.48,normal
148,2021,2,54.63,33.13,30.65,57.11,11.48,normal
148,2021,3,57.11,185.23,176.87,65.47,11.48,normal
148,2021,4,65.47,21.63,19.55,67.55,11.48,overstock
148,2021,5,67.55,24.16,23.5,68.21,11.48,overstock
148,2021,6,68.21,0.0,0.0,58.62,11.48,normal
148,2021,7,58.62,0.0,0.0,55.28,11.48,normal
148,2021,8,55.28,2.36,0.0,54.35,11.48,normal
148,2021,9,54.35,20.75,46.97,28.13,11.48,normal
148,2021,10,28.13,0.0,0.0,24.35,11.48,normal
148,2021,11,24.35,7.71,0.0,30.16,11.48,normal
148,2021,12,30.16,6.92,0.0,33.68,11.48,normal
148,2022,1,33.68,0.0,0.0,29.52,11.48,normal
148,2022,2,29.52,0.0,0.0,27.21,11.48,normal
148,2022,3,27.21,0.0,0.0,23.81,11.48,normal
148,2022,4,23.81,0.0,0.0,20.26,11.48,normal
148,2022,5,20.26,0.0,0.0,18.49,11.48,normal
148,2022,6,18.49,0.0,0.0,16.94,11.48,normal
148,2022,7,16.94,0.0,0.0,14.64,11.48,normal
148,2022,8,14.64,0.0,0.0,12.81,11.48,normal
148,2022,9,12.81,0.0,0.0,12.04,11.48,normal
148,2022,10,12.04,0.0,0.0,10.83,11.48,understock
148,2022,11,10.83,0.0,0.0,9.94,11.48,understock
148,2022,12,9.94,0.0,0.0,9.06,11.48,understock
148,2023,1,9.06,8.32,0.0,16.84,11.48,normal
148,2023,2,16.84,0.0,0.0,14.4,11.48,normal
148,2023,3,14.4,10.63,7.67,17.36,11.48,normal
148,2023,4,17.36,40.84,38.72,19.48,11.48,normal
148,2023,5,19.48,0.0,0.0,17.04,11.48,normal
148,2023,6,17.04,0.0,0.0,14.84,11.48,normal
148,2023,7,14.84,5.56,0.0,19.57,11.48,normal
148,2023,8,19.57,15.39,15.65,19.31,11.48,normal
148,2023,9,19.31,3.2,0.0,20.07,11.48,normal
148,2023,10,20.07,1.92,1.92,20.07,11.48,normal
148,2023,11,20.07,6.95,0.0,25.87,11.48,normal
148,2023,12,25.87,0.0,0.0,22.75,11.48,normal
148,2024,1,22.75,73.16,77.74,18.17,11.48,normal
155,2021,1,2399.23,266.98,552.11,2114.1,634.76,normal
155,2021,2,2114.1,116.77,210.34,2020.53,634.76,normal
155,2021,3,2020.53,1642.75,1156.84,2506.44,634.76,normal
155,2021,4,2506.44,1200.58,1371.85,2335.17,634.76,normal
155,2021,5,2335.17,2090.61,2252.35,2173.43,634.76,normal
155,2021,6,2173.43,3379.62,5070.5,482.55,634.76,understock
155,2021,7,482.55,6263.38,6442.5,303.43,634.76,understock
155,2021,8,303.43,7109.34,5113.91,2298.86,634.76,normal
155,2021,9,2298.86,4732.59,3518.45,3513.0,634.76,overstock
155,2021,10,3513.0,0.0,0.0,2996.83,634.76,overstock
155,2021,11,2996.83,0.0,0.0,2658.37,634.76,normal
155,2021,12,2658.37,0.0,0.0,2404.62,634.76,normal
155,2022,1,2404.62,72.59,130.3,2346.91,634.76,normal
155,2022,2,2346.91,0.0,0.0,2164.47,634.76,normal
155,2022,3,2164.47,3197.54,3093.92,2268.09,634.76,normal
155,2022,4,2268.09,382.18,467.2,2183.07,634.76,normal
155,2022,5,2183.07,4511.35,2853.54,3840.88,634.76,overstock
155,2022,6,3840.88,5406.33,4757.36,4489.85,634.76,overstock
155,2022,7,4489.85,4070.62,3519.66,5040.81,634.76,overstock
155,2022,8,5040.81,0.0,0.0,4765.98,634.76,overstock
155,2022,9,4765.98,197.56,0.0,4338.93,634.76,overstock
155,2022,10,4338.93,0.0,0.0,4056.72,634.76,overstock
155,2022,11,4056.72,0.0,0.0,3699.37,634.76,overstock
155,2022,12,3699.37,0.0,0.0,3202.87,634.76,overstock
155,2023,1,3202.87,0.0,0.0,2892.61,634.76,overstock
155,2023,2,2892.61,0.0,0.0,2668.89,634.76,normal
155,2023,3,2668.89,598.59,536.02,2731.46,634.76,normal
155,2023,4,2731.46,183.99,248.22,2667.23,634.76,normal
155,2023,5,2667.23,0.0,0.0,2467.9,634.76,normal
155,2023,6,2467.9,0.0,0.0,2312.63,634.76,normal
155,2023,7,2312.63,0.0,0.0,2056.81,634.76,normal
155,2023,8,2056.81,1382.27,1374.32,2064.76,634.76,normal
155,2023,9,2064.76,232.97,151.56,2146.17,634.76,normal
155,2023,10,2146.17,1199.71,1037.49,2308.39,634.76,normal
155,2023,11,2308.39,0.0,0.0,2063.48,634.76,normal
155,2023,12,2063.48,0.0,0.0,1877.05,634.76,normal
155,2024,1,1877.05,78.86,82.78,1873.13,634.76,normal
155,2024,2,1873.13,600.23,1059.69,1413.67,634.76,normal
155,2024,3,1413.67,2028.05,2202.06,1239.66,634.76,normal
155,2024,4,1239.66,400.93,445.64,1194.95,634.76,normal
155,2024,5,1194.95,30.05,99.75,1125.25,634.76,normal
155,2024,6,1125.25,634.17,495.94,1263.48,634.76,normal
158,2021,1,7748.54,13419.22,12080.53,9087.23,2001.96,normal
158,2021,2,9087.23,15240.87,15728.22,8599.88,2001.96,normal
158,2021,3,8599.88,17544.36,17868.6,8275.64,2001.96,normal
158,2021,4,8275.64,3695.11,7495.61,4475.14,2001.96,normal
158,2021,5,4475.14,10672.38,10993.09,4154.43,2001.96,normal
158,2021,6,4154.43,21284.3,14409.42,11029.31,2001.96,overstock
158,2021,7,11029.31,7037.58,7630.78,10436.11,2001.96,overstock
158,2021,8,10436.11,6785.74,7018.28,10203.57,2001.96,overstock
158,2021,9,10203.57,19101.44,19464.08,9840.93,2001.96,overstock
158,2021,10,9840.93,9884.19,9334.14,10390.98,2001.96,overstock
158,2021,11,10390.98,13216.97,7898.8,15709.15,2001.96,overstock
158,2021,12,15709.15,14075.98,14407.46,15377.67,2001.96,overstock
158,2022,1,15377.67,9221.83,9538.32,15061.18,2001.96,overstock
158,2022,2,15061.18,11008.15,11050.94,15018.39,2001.96,overstock
158,2022,3,15018.39,12796.66,11544.56,16270.49,2001.96,overstock
158,2022,4,16270.49,7845.7,8037.05,16079.14,2001.96,overstock
158,2022,5,16079.14,9298.81,8946.56,16431.39,2001.96,overstock
158,2022,6,16431.39,3799.53,4044.53,16186.39,2001.96,overstock
158,2022,7,16186.39,2015.01,1989.21,16212.19,2001.96,overstock
158,2022,8,16212.19,3436.87,3625.39,16023.67,2001.96,overstock
158,2022,9,16023.67,1885.25,1854.99,16053.93,2001.96,overstock
158,2022,10,16053.93,1131.6,1776.81,15408.72,2001.96,overstock
158,2022,11,15408.72,771.87,485.36,15695.23,2001.96,overstock
158,2022,12,15695.23,1362.75,2348.14,14709.84,2001.96,overstock
158,2023,1,14709.84,2141.63,2196.61,14654.86,2001.96,overstock
158,2023,2,14654.86,1501.22,2928.19,13227.89,2001.96,overstock
158,2023,3,13227.89,3438.38,3555.39,13110.88,2001.96,overstock
158,2023,4,13110.88,4311.54,4700.81,12721.61,2001.96,overstock
158,2023,5,12721.61,5001.13,4588.79,13133.95,2001.96,overstock
158,2023,6,13133.95,4258.99,4082.59,13310.35,2001.96,overstock
158,2023,7,13310.35,1976.93,1987.16,13300.12,2001.96,overstock
158,2023,8,13300.12,1877.95,1204.67,13973.4,2001.96,overstock
158,2023,9,13973.4,1193.92,989.7,14177.62,2001.96,overstock
158,2023,10,14177.62,1130.81,942.55,14365.88,2001.96,overstock
158,2023,11,14365.88,661.32,1207.92,13819.28,2001.96,overstock
158,2023,12,13819.28,1268.84,1555.74,13532.38,2001.96,overstock
158,2024,1,13532.38,1808.32,1709.53,13631.17,2001.96,overstock
158,2024,2,13631.17,2532.78,2434.52,13729.43,2001.96,overstock
158,2024,3,13729.43,6427.09,7281.75,12874.77,2001.96,overstock
158,2024,4,12874.77,768.84,626.97,13016.64,2001.96,overstock
158,2024,5,13016.64,4472.48,4276.7,13212.42,2001.96,overstock
158,2024,6,13212.42,532.49,1615.85,12129.06,2001.96,overstock
158,2024,7,12129.06,4289.07,3915.98,12502.15,2001.96,overstock
160,2021,1,1222.74,281.13,257.36,1246.51,309.47,normal
160,2021,2,1246.51,0.0,0.0,1079.25,309.47,normal
160,2021,3,1079.25,41.18,41.53,1078.9,309.47,normal
160,2021,4,1078.9,90.01,83.67,1085.24,309.47,normal
160,2021,5,1085.24,171.49,314.77,941.96,309.47,normal
160,2021,6,941.96,0.0,0.0,812.23,309.47,normal
160,2021,7,812.23,0.0,0.0,705.29,309.47,normal
160,2021,8,705.29,195.51,250.46,650.34,309.47,normal
160,2021,9,650.34,107.74,204.51,553.57,309.47,normal
160,2021,10,553.57,0.0,0.0,476.09,309.47,normal
160,2021,11,476.09,0.0,0.0,426.41,309.47,normal
160,2021,12,426.41,0.0,0.0,378.47,309.47,normal
160,2022,1,378.47,182.07,0.0,517.86,309.47,normal
160,2022,2,517.86,0.0,0.0,484.75,309.47,normal
160,2022,3,484.75,0.0,0.0,430.45,309.47,normal
160,2022,4,430.45,175.05,168.22,437.28,309.47,normal
160,2022,5,437.28,92.95,84.6,445.63,309.47,normal
160,2022,6,445.63,66.46,56.55,455.54,309.47,normal
160,2022,7,455.54,0.0,0.0,417.18,309.47,normal
160,2022,8,417.18,909.76,668.22,658.72,309.47,normal
160,2022,9,658.72,514.09,353.28,819.53,309.47,normal
160,2022,10,819.53,490.41,525.56,784.38,309.47,normal
160,2022,11,784.38,0.0,0.0,688.68,309.47,normal
160,2022,12,688.68,97.48,224.24,561.92,309.47,normal
160,2023,1,561.92,111.05,108.96,564.01,309.47,normal
160,2023,2,564.01,1082.02,722.27,923.76,309.47,normal
160,2023,3,923.76,1797.47,1369.21,1352.02,309.47,normal
160,2023,4,1352.02,240.48,426.78,1165.72,309.47,normal
160,2023,5,1165.72,1508.48,900.94,1773.26,309.47,overstock
160,2023,6,1773.26,968.43,1494.55,1247.14,309.47,normal
160,2023,7,1247.14,1317.4,1249.67,1314.87,309.47,normal
160,2023,8,1314.87,477.31,860.71,931.47,309.47,normal
160,2023,9,931.47,2342.03,1580.16,1693.34,309.47,overstock
160,2023,10,1693.34,1523.35,1265.68,1951.01,309.47,overstock
160,2023,11,1951.01,813.86,874.33,1890.54,309.47,overstock
160,2023,12,1890.54,3142.48,2832.8,2200.22,309.47,overstock
160,2024,1,2200.22,3615.01,2559.12,3256.11,309.47,overstock
160,2024,2,3256.11,3182.39,2974.4,3464.1,309.47,overstock
160,2024,3,3464.1,2011.85,2159.2,3316.75,309.47,overstock
160,2024,4,3316.75,0.0,0.0,2985.62,309.47,overstock
160,2024,5,2985.62,1682.59,1463.34,3204.87,309.47,overstock
160,2024,6,3204.87,366.01,1035.1,2535.78,309.47,overstock
160,2024,7,2535.78,1107.52,2445.05,1198.25,309.47,normal
161,2021,1,267.32,21.27,53.21,235.38,88.9,normal
161,2021,2,235.38,14.98,33.49,216.87,88.9,normal
161,2021,3,216.87,176.75,193.12,200.5,88.9,normal
161,2021,4,200.5,43.38,31.49,212.39,88.9,normal
161,2021,5,212.39,0.0,18.81,193.58,88.9,normal
161,2021,6,193.58,0.0,0.0,180.9,88.9,normal
161,2021,7,180.9,0.0,0.0,156.27,88.9,normal
161,2021,8,156.27,0.0,0.0,142.62,88.9,normal
161,2021,9,142.62,77.36,75.51,144.47,88.9,normal
161,2021,10,144.47,0.0,0.0,126.9,88.9,normal
161,2021,11,126.9,0.0,0.0,120.21,88.9,normal
161,2021,12,120.21,0.0,0.0,111.42,88.9,normal
161,2022,1,111.42,0.0,0.0,105.63,88.9,normal
161,2022,2,105.63,275.36,250.81,130.18,88.9,normal
161,2022,3,130.18,0.0,0.0,115.17,88.9,normal
161,2022,4,115.17,0.0,0.0,108.27,88.9,normal
161,2022,5,108.27,0.0,0.0,95.04,88.9,normal
161,2022,6,95.04,0.0,0.0,82.4,88.9,understock
161,2022,7,82.4,0.0,0.0,72.77,88.9,understock
161,2022,8,72.77,471.0,497.02,46.75,88.9,understock
161,2022,9,46.75,1196.71,727.27,516.19,88.9,overstock
161,2022,10,516.19,0.0,0.0,476.99,88.9,overstock
161,2022,11,476.99,0.0,0.0,424.98,88.9,overstock
161,2022,12,424.98,0.0,0.0,377.21,88.9,normal
161,2023,1,377.21,0.0,0.0,337.53,88.9,normal
161,2023,2,337.53,0.0,0.0,310.71,88.9,normal
161,2023,3,310.71,0.0,0.0,271.45,88.9,normal
161,2023,4,271.45,45.85,0.0,290.5,88.9,normal
161,2023,5,290.5,0.0,0.0,252.74,88.9,normal
161,2023,6,252.74,0.0,0.0,239.54,88.9,normal
161,2023,7,239.54,0.0,0.0,214.59,88.9,normal
161,2023,8,214.59,502.75,1022.82,0.0,88.9,stockout
161,2023,9,0.0,0.0,0.0,0.0,88.9,stockout
161,2023,10,0.0,588.58,609.43,0.0,88.9,stockout
161,2023,11,0.0,47.6,0.0,47.6,88.9,understock
161,2023,12,47.6,0.0,0.0,43.92,88.9,understock
161,2024,1,43.92,50.67,86.38,8.21,88.9,understock
161,2024,2,8.21,64.6,64.85,7.96,88.9,understock
161,2024,3,7.96,508.0,300.47,215.49,88.9,normal
161,2024,4,215.49,44.1,69.62,189.97,88.9,normal
161,2024,5,189.97,54.2,34.94,209.23,88.9,normal
164,2024,2,97.14,6.38,33.1,70.42,22.77,normal
164,2024,3,70.42,116.58,250.29,0.0,22.77,stockout
164,2024,4,0.0,47.69,46.6,1.09,22.77,understock
167,2021,3,172.1,69.83,65.09,176.84,38.86,normal
167,2021,4,176.84,111.27,121.64,166.47,38.86,normal
167,2021,5,166.47,0.0,0.0,148.24,38.86,normal
167,2021,6,148.24,19.77,0.0,151.75,38.86,normal
167,2021,7,151.75,0.0,0.0,132.46,38.86,normal
167,2021,8,132.46,43.42,47.44,128.44,38.86,normal
167,2021,9,128.44,32.88,44.26,117.06,38.86,normal
167,2021,10,117.06,0.0,0.0,101.62,38.86,normal
167,2021,11,101.62,0.0,0.0,89.48,38.86,normal
167,2021,12,89.48,0.0,0.0,79.72,38.86,normal
167,2022,1,79.72,0.0,0.0,75.0,38.86,normal
167,2022,2,75.0,0.0,0.0,70.22,38.86,normal
167,2022,3,70.22,0.0,0.0,63.58,38.86,normal
167,2022,4,63.58,0.0,0.0,56.96,38.86,normal
167,2022,5,56.96,0.0,0.0,49.94,38.86,normal
167,2022,6,49.94,0.0,0.0,44.15,38.86,normal
167,2022,7,44.15,42.4,61.28,25.27,38.86,understock
167,2022,8,25.27,0.0,0.0,21.51,38.86,understock
167,2022,9,21.51,73.21,61.66,33.06,38.86,understock
167,2022,10,33.06,135.4,185.28,0.0,38.86,stockout
167,2022,11,0.0,308.51,239.5,69.01,38.86,normal
167,2022,12,69.01,0.0,0.0,63.51,38.86,normal
167,2023,1,63.51,307.24,182.08,188.67,38.86,normal
167,2023,2,188.67,398.6,241.39,345.88,38.86,overstock
167,2023,3,345.88,188.05,169.42,364.51,38.86,overstock
167,2023,4,364.51,479.8,518.2,326.11,38.86,overstock
167,2023,5,326.11,40.27,31.92,334.46,38.86,overstock
167,2023,6,334.46,15.46,0.0,315.15,38.86,overstock
167,2023,7,315.15,0.0,0.0,289.35,38.86,overstock
167,2023,8,289.35,0.0,0.0,249.25,38.86,overstock
167,2023,9,249.25,0.0,0.0,230.98,38.86,normal
167,2023,10,230.98,28.68,0.0,247.62,38.86,overstock
167,2023,11,247.62,0.0,0.0,222.14,38.86,normal
167,2023,12,222.14,0.0,0.0,193.29,38.86,normal
167,2024,1,193.29,0.0,0.0,176.85,38.86,normal
167,2024,2,176.85,0.0,0.0,160.9,38.86,normal
167,2024,3,160.9,0.0,0.0,142.76,38.86,normal
167,2024,4,142.76,0.0,0.0,121.57,38.86,normal
167,2024,5,121.57,0.0,0.0,110.41,38.86,normal
167,2024,6,110.41,272.5,255.22,127.69,38.86,normal
168,2021,3,495.47,545.56,579.34,461.69,136.62,normal
172,2024,2,295.53,529.03,365.33,459.23,75.37,normal
174,2022,8,1164.89,283.76,222.93,1225.72,263.31,normal
174,2022,9,1225.72,400.75,273.92,1352.55,263.31,normal
174,2022,10,1352.55,0.0,0.0,1262.33,263.31,normal
174,2022,11,1262.33,222.36,156.0,1328.69,263.31,normal
174,2022,12,1328.69,528.8,886.55,970.94,263.31,normal
174,2023,1,970.94,1594.38,1708.97,856.35,263.31,normal
174,2023,2,856.35,546.49,1078.41,324.43,263.31,normal
174,2023,3,324.43,107.39,55.89,375.93,263.31,normal
174,2023,4,375.93,177.31,429.22,124.02,263.31,understock
174,2023,5,124.02,895.7,640.02,379.7,263.31,normal
174,2023,6,379.7,537.15,967.81,0.0,263.31,stockout
174,2023,7,0.0,1192.43,1082.06,110.37,263.31,understock
174,2023,8,110.37,3075.06,1835.0,1350.43,263.31,normal
174,2023,9,1350.43,1963.82,1196.96,2117.29,263.31,overstock
174,2023,10,2117.29,710.95,647.95,2180.29,263.31,overstock
174,2023,11,2180.29,1021.0,1059.16,2142.13,263.31,overstock
174,2023,12,2142.13,1034.08,1025.14,2151.07,263.31,overstock
174,2024,1,2151.07,635.64,1491.03,1295.68,263.31,normal
174,2024,2,1295.68,2304.32,2163.8,1436.2,263.31,normal
174,2024,3,1436.2,1937.88,1332.04,2042.04,263.31,overstock
174,2024,4,2042.04,1987.29,1724.34,2304.99,263.31,overstock
174,2024,5,2304.99,885.21,1364.16,1826.04,263.31,overstock
174,2024,6,1826.04,0.0,0.0,1610.54,263.31,overstock
174,2024,7,1610.54,773.5,1142.43,1241.61,263.31,normal
175,2021,1,2699.47,1899.47,1456.42,3142.52,487.02,normal
175,2021,2,3142.52,2863.25,2627.99,3377.78,487.02,overstock
175,2021,3,3377.78,4202.51,3803.22,3777.07,487.02,overstock
175,2021,4,3777.07,579.97,510.93,3846.11,487.02,overstock
175,2021,5,3846.11,3021.54,4183.82,2683.83,487.02,normal
175,2021,6,2683.83,1660.55,2736.57,1607.81,487.02,normal
175,2021,7,1607.81,1903.24,4313.6,0.0,487.02,stockout
175,2021,8,0.0,0.0,0.0,0.0,487.02,stockout
175,2021,9,0.0,0.0,0.0,0.0,487.02,stockout
175,2021,10,0.0,3240.22,2765.77,474.45,487.02,understock
175,2021,11,474.45,1980.23,4507.79,0.0,487.02,stockout
175,2021,12,0.0,2497.25,2452.57,44.68,487.02,understock
175,2022,1,44.68,646.86,647.58,43.96,487.02,understock
175,2022,2,43.96,1290.96,3099.14,0.0,487.02,stockout
175,2022,3,0.0,3168.36,3125.85,42.51,487.02,understock
175,2022,4,42.51,907.63,1639.95,0.0,487.02,stockout
175,2022,5,0.0,1753.47,1607.97,145.5,487.02,understock
175,2022,6,145.5,2720.13,2606.42,259.21,487.02,understock
175,2022,7,259.21,1141.66,2358.7,0.0,487.02,stockout
175,2022,8,0.0,1429.38,2958.22,0.0,487.02,stockout
175,2022,9,0.0,3046.85,2208.43,838.42,487.02,normal
175,2022,10,838.42,1430.07,1355.7,912.79,487.02,normal
175,2022,11,912.79,1152.74,1193.24,872.29,487.02,normal
175,2022,12,872.29,2794.51,1996.16,1670.64,487.02,normal
175,2023,1,1670.64,566.57,714.13,1523.08,487.02,normal
175,2023,2,1523.08,2295.87,1478.3,2340.65,487.02,normal
175,2023,3,2340.65,3573.28,2583.96,3329.97,487.02,overstock
175,2023,4,3329.97,686.08,943.34,3072.71,487.02,normal
175,2023,5,3072.71,647.2,1024.54,2695.37,487.02,normal
175,2023,6,2695.37,545.73,878.48,2362.62,487.02,normal
175,2023,7,2362.62,1850.94,2034.91,2178.65,487.02,normal
175,2023,8,2178.65,3380.89,3190.26,2369.28,487.02,normal
175,2023,9,2369.28,3060.23,2874.58,2554.93,487.02,normal
175,2023,10,2554.93,1288.15,1312.64,2530.44,487.02,normal
175,2023,11,2530.44,306.87,366.4,2470.91,487.02,normal
175,2023,12,2470.91,0.0,0.0,2275.3,487.02,normal
175,2024,1,2275.3,2139.22,3277.22,1137.3,487.02,normal
175,2024,2,1137.3,728.34,1912.38,0.0,487.02,stockout
175,2024,3,0.0,2441.1,2131.58,309.52,487.02,understock
175,2024,4,309.52,2152.58,2004.87,457.23,487.02,understock
175,2024,5,457.23,1123.39,2642.67,0.0,487.02,stockout
175,2024,6,0.0,1085.9,1070.54,15.36,487.02,understock
175,2024,7,15.36,2210.75,2452.33,0.0,487.02,stockout
176,2021,12,105.64,76.11,121.94,59.81,31.65,normal
177,2021,3,288.59,109.2,159.72,238.07,76.23,normal
177,2021,4,238.07,244.44,215.01,267.5,76.23,normal
177,2021,5,267.5,548.1,786.95,28.65,76.23,understock
177,2021,6,28.65,0.0,0.0,24.92,76.23,understock
177,2021,7,24.92,477.42,420.44,81.9,76.23,normal
177,2021,8,81.9,570.3,535.67,116.53,76.23,normal
177,2021,9,116.53,0.0,0.0,102.18,76.23,normal
177,2021,10,102.18,87.87,103.26,86.79,76.23,normal
177,2021,11,86.79,359.94,262.93,183.8,76.23,normal
177,2021,12,183.8,147.65,99.21,232.24,76.23,normal
177,2022,1,232.24,153.09,276.68,108.65,76.23,normal
177,2022,2,108.65,170.71,261.34,18.02,76.23,understock
177,2022,3,18.02,0.0,0.0,15.89,76.23,understock
177,2022,4,15.89,238.32,261.22,0.0,76.23,stockout
177,2022,5,0.0,0.0,0.0,0.0,76.23,stockout
177,2022,6,0.0,407.03,258.94,148.09,76.23,normal
177,2022,7,148.09,895.28,885.7,157.67,76.23,normal
177,2022,8,157.67,72.24,53.16,176.75,76.23,normal
177,2022,9,176.75,300.17,267.76,209.16,76.23,normal
177,2022,10,209.16,57.77,53.22,213.71,76.23,normal
177,2022,11,213.71,394.44,367.77,240.38,76.23,normal
177,2022,12,240.38,280.54,191.83,329.09,76.23,normal
177,2023,1,329.09,83.1,154.86,257.33,76.23,normal
177,2023,2,257.33,262.87,373.82,146.38,76.23,normal
177,2023,3,146.38,840.08,617.1,369.36,76.23,normal
177,2023,4,369.36,776.58,515.1,630.84,76.23,overstock
177,2023,5,630.84,428.81,420.5,639.15,76.23,overstock
177,2023,6,639.15,51.56,52.7,638.01,76.23,overstock
177,2023,7,638.01,209.64,157.5,690.15,76.23,overstock
177,2023,8,690.15,180.39,360.32,510.22,76.23,overstock
177,2023,9,510.22,74.63,48.0,536.85,76.23,overstock
177,2023,10,536.85,439.24,477.43,498.66,76.23,normal
177,2023,11,498.66,690.8,635.67,553.79,76.23,overstock
177,2023,12,553.79,326.66,323.65,556.8,76.23,overstock
177,2024,1,556.8,356.71,369.54,543.97,76.23,overstock
177,2024,2,543.97,395.83,368.14,571.66,76.23,overstock
177,2024,3,571.66,882.75,531.14,923.27,76.23,overstock
177,2024,4,923.27,379.97,543.54,759.7,76.23,overstock
177,2024,5,759.7,48.11,54.8,753.01,76.23,overstock
177,2024,6,753.01,849.4,742.37,860.04,76.23,overstock
177,2024,7,860.04,329.49,321.69,867.84,76.23,overstock
178,2023,3,266.25,521.89,304.57,483.57,62.81,overstock
179,2021,1,5867.91,7087.32,6590.0,6365.23,1487.84,normal
179,2021,2,6365.23,7193.53,7723.59,5835.17,1487.84,normal
179,2021,3,5835.17,9772.38,9309.09,6298.46,1487.84,normal
179,2021,4,6298.46,7396.91,5607.76,8087.61,1487.84,normal
179,2021,5,8087.61,5920.65,4086.57,9921.69,1487.84,overstock
179,2021,6,9921.69,5964.34,8566.23,7319.8,1487.84,normal
179,2021,7,7319.8,9565.95,9014.28,7871.47,1487.84,normal
179,2021,8,7871.47,4020.79,2510.6,9381.66,1487.84,overstock
179,2021,9,9381.66,2264.9,1941.69,9704.87,1487.84,overstock
179,2021,10,9704.87,3521.49,3266.0,9960.36,1487.84,overstock
179,2021,11,9960.36,9108.94,6999.6,12069.7,1487.84,overstock
179,2021,12,12069.7,12176.74,8287.92,15958.52,1487.84,overstock
179,2022,1,15958.52,3990.71,5954.06,13995.17,1487.84,overstock
179,2022,2,13995.17,12871.27,8670.52,18195.92,1487.84,overstock
179,2022,3,18195.92,16161.89,10197.55,24160.26,1487.84,overstock
179,2022,4,24160.26,2967.46,5416.61,21711.11,1487.84,overstock
179,2022,5,21711.11,6896.1,7626.91,20980.3,1487.84,overstock
179,2022,6,20980.3,6099.67,5883.64,21196.33,1487.84,overstock
179,2022,7,21196.33,2791.95,2897.63,21090.65,1487.84,overstock
179,2022,8,21090.65,465.59,193.62,21362.62,1487.84,overstock
179,2022,9,21362.62,1265.49,1951.96,20676.15,1487.84,overstock
179,2022,10,20676.15,1330.21,1564.89,20441.47,1487.84,overstock
179,2022,11,20441.47,6554.37,6265.13,20730.71,1487.84,overstock
179,2022,12,20730.71,4107.11,3938.1,20899.72,1487.84,overstock
179,2023,1,20899.72,3362.51,4427.81,19834.42,1487.84,overstock
179,2023,2,19834.42,7325.71,4535.78,22624.35,1487.84,overstock
179,2023,3,22624.35,7686.71,6750.48,23560.58,1487.84,overstock
179,2023,4,23560.58,4260.12,3868.7,23952.0,1487.84,overstock
179,2023,5,23952.0,5301.87,5547.2,23706.67,1487.84,overstock
179,2023,6,23706.67,6973.11,7107.91,23571.87,1487.84,overstock
179,2023,7,23571.87,7024.61,6453.6,24142.88,1487.84,overstock
179,2023,8,24142.88,1592.1,3543.68,22191.3,1487.84,overstock
179,2023,9,22191.3,3332.08,3148.21,22375.17,1487.84,overstock
179,2023,10,22375.17,3354.19,3349.46,22379.9,1487.84,overstock
179,2023,11,22379.9,2035.12,4046.37,20368.65,1487.84,overstock
179,2023,12,20368.65,11463.6,7651.13,24181.12,1487.84,overstock
179,2024,1,24181.12,5933.54,5392.22,24722.44,1487.84,overstock
179,2024,2,24722.44,7673.27,4975.28,27420.43,1487.84,overstock
179,2024,3,27420.43,7990.39,8377.27,27033.55,1487.84,overstock
179,2024,4,27033.55,3091.98,6065.86,24059.67,1487.84,overstock
179,2024,5,24059.67,2662.98,5599.34,21123.31,1487.84,overstock
179,2024,6,21123.31,14240.52,9767.03,25596.8,1487.84,overstock
179,2024,7,25596.8,1978.75,3462.21,24113.34,1487.84,overstock
181,2022,4,519.35,692.59,991.28,220.66,169.19,normal
181,2022,5,220.66,85.95,0.0,282.18,169.19,normal
181,2022,6,282.18,0.0,0.0,261.53,169.19,normal
181,2022,7,261.53,0.0,0.0,232.91,169.19,normal
181,2022,8,232.91,0.0,0.0,198.26,169.19,normal
181,2022,9,198.26,90.63,0.0,270.96,169.19,normal
181,2022,10,270.96,0.0,0.0,237.97,169.19,normal
181,2022,11,237.97,0.0,0.0,202.48,169.19,normal
181,2022,12,202.48,38.55,0.0,216.24,169.19,normal
181,2023,1,216.24,0.0,0.0,199.5,169.19,normal
181,2023,2,199.5,36.92,0.0,208.61,169.19,normal
181,2023,3,208.61,0.0,0.0,191.43,169.19,normal
181,2023,4,191.43,0.0,0.0,175.06,169.19,normal
181,2023,5,175.06,75.12,0.0,240.24,169.19,normal
181,2023,6,240.24,0.0,0.0,222.61,169.19,normal
181,2023,7,222.61,0.0,0.0,191.89,169.19,normal
181,2023,8,191.89,0.0,0.0,172.07,169.19,normal
181,2023,9,172.07,0.0,0.0,157.74,169.19,understock
181,2023,10,157.74,0.0,0.0,134.17,169.19,understock
181,2023,11,134.17,602.01,1015.24,0.0,169.19,stockout
181,2023,12,0.0,711.71,1261.52,0.0,169.19,stockout
181,2024,1,0.0,0.0,0.0,0.0,169.19,stockout
181,2024,2,0.0,100.81,239.86,0.0,169.19,stockout
181,2024,3,0.0,0.0,0.0,0.0,169.19,stockout
181,2024,4,0.0,0.0,0.0,0.0,169.19,stockout
181,2024,5,0.0,248.49,241.88,6.61,169.19,understock
181,2024,6,6.61,114.08,120.96,0.0,169.19,stockout
181,2024,7,0.0,367.74,241.7,126.04,169.19,understock
183,2023,8,102.7,58.56,121.6,39.66,35.69,normal
187,2021,4,2196.87,497.8,1349.88,1344.79,597.46,normal
187,2021,5,1344.79,0.0,0.0,1265.76,597.46,normal
187,2021,6,1265.76,619.86,439.75,1445.87,597.46,normal
187,2021,7,1445.87,4871.2,4755.5,1561.57,597.46,normal
187,2021,8,1561.57,2535.46,2299.49,1797.54,597.46,normal
187,2021,9,1797.54,1017.26,904.64,1910.16,597.46,normal
187,2021,10,1910.16,3007.92,2214.74,2703.34,597.46,normal
187,2021,11,2703.34,918.49,610.8,3011.03,597.46,overstock
187,2021,12,3011.03,142.65,118.96,3034.72,597.46,overstock
187,2022,1,3034.72,0.0,0.0,2830.32,597.46,overstock
187,2022,2,2830.32,0.0,0.0,2590.85,597.46,normal
187,2022,3,2590.85,4402.27,2836.52,4156.6,597.46,overstock
187,2022,4,4156.6,819.14,484.22,4491.52,597.46,overstock
187,2022,5,4491.52,3825.76,3672.39,4644.89,597.46,overstock
187,2022,6,4644.89,2716.45,2688.04,4673.3,597.46,overstock
187,2022,7,4673.3,193.92,0.0,4601.7,597.46,overstock
187,2022,8,4601.7,168.82,177.44,4593.08,597.46,overstock
187,2022,9,4593.08,0.0,0.0,4164.78,597.46,overstock
187,2022,10,4164.78,0.0,0.0,3745.74,597.46,overstock
187,2022,11,3745.74,0.0,0.0,3518.87,597.46,overstock
187,2022,12,3518.87,0.0,0.0,3266.91,597.46,overstock
187,2023,1,3266.91,0.0,0.0,2891.15,597.46,overstock
187,2023,2,2891.15,0.0,0.0,2728.86,597.46,normal
187,2023,3,2728.86,0.0,0.0,2466.94,597.46,normal
187,2023,4,2466.94,371.35,297.76,2540.53,597.46,normal
187,2023,5,2540.53,2206.87,2086.88,2660.52,597.46,normal
187,2023,6,2660.52,1082.21,2605.36,1137.37,597.46,normal
187,2023,7,1137.37,4550.56,3938.81,1749.12,597.46,normal
187,2023,8,1749.12,0.0,0.0,1552.54,597.46,normal
187,2023,9,1552.54,791.46,720.87,1623.13,597.46,normal
187,2023,10,1623.13,4970.47,4498.82,2094.78,597.46,normal
187,2023,11,2094.78,285.76,297.15,2083.39,597.46,normal
187,2023,12,2083.39,0.0,0.0,1826.38,597.46,normal
187,2024,1,1826.38,0.0,0.0,1733.05,597.46,normal
187,2024,2,1733.05,0.0,0.0,1562.98,597.46,normal
187,2024,3,1562.98,164.11,0.0,1530.11,597.46,normal
187,2024,4,1530.11,625.91,658.64,1497.38,597.46,normal
187,2024,5,1497.38,1504.05,1485.56,1515.87,597.46,normal
187,2024,6,1515.87,2196.21,1689.2,2022.88,597.46,normal
187,2024,7,2022.88,3725.07,3437.38,2310.57,597.46,normal
188,2021,10,279.99,142.5,138.03,284.46,76.92,normal
188,2021,11,284.46,581.96,359.31,507.11,76.92,overstock
188,2021,12,507.11,60.24,68.88,498.47,76.92,overstock
188,2022,1,498.47,0.0,0.0,471.63,76.92,overstock
188,2022,2,471.63,200.09,137.11,534.61,76.92,overstock
188,2022,3,534.61,0.0,0.0,472.63,76.92,overstock
188,2022,4,472.63,1065.7,688.99,849.34,76.92,overstock
188,2022,5,849.34,313.22,332.56,830.0,76.92,overstock
188,2022,6,830.0,35.76,65.1,800.66,76.92,overstock
188,2022,7,800.66,363.83,336.45,828.04,76.92,overstock
188,2022,8,828.04,115.69,133.48,810.25,76.92,overstock
188,2022,9,810.25,0.0,0.0,741.4,76.92,overstock
188,2022,10,741.4,93.07,129.9,704.57,76.92,overstock
188,2022,11,704.57,251.77,264.3,692.04,76.92,overstock
188,2022,12,692.04,0.0,0.0,639.1,76.92,overstock
188,2023,1,639.1,17.66,0.0,562.95,76.92,overstock
188,2023,2,562.95,716.84,661.77,618.02,76.92,overstock
188,2023,3,618.02,350.78,662.42,306.38,76.92,normal
188,2023,4,306.38,41.16,64.5,283.04,76.92,normal
188,2023,5,283.04,31.14,62.52,251.66,76.92,normal
188,2023,6,251.66,213.58,133.5,331.74,76.92,normal
188,2023,7,331.74,0.0,0.0,290.34,76.92,normal
188,2023,8,290.34,629.75,405.0,515.09,76.92,overstock
188,2023,9,515.09,946.78,686.35,775.52,76.92,overstock
188,2023,10,775.52,0.0,0.0,703.24,76.92,overstock
188,2023,11,703.24,357.04,340.78,719.5,76.92,overstock
188,2023,12,719.5,4.82,4.6,719.72,76.92,overstock
188,2024,1,719.72,299.95,272.98,746.69,76.92,overstock
188,2024,2,746.69,0.0,0.0,674.97,76.92,overstock
188,2024,3,674.97,330.32,206.06,799.23,76.92,overstock
188,2024,4,799.23,260.51,411.28,648.46,76.92,overstock
188,2024,5,648.46,334.85,206.5,776.81,76.92,overstock
188,2024,6,776.81,320.33,336.73,760.41,76.92,overstock
188,2024,7,760.41,353.89,259.44,854.86,76.92,overstock
191,2024,5,306.1,110.86,184.9,232.06,69.2,normal
191,2024,6,232.06,349.41,316.76,264.71,69.2,normal
193,2021,1,465.99,38.85,60.65,444.19,114.3,normal
193,2021,2,444.19,105.22,123.81,425.6,114.3,normal
193,2021,3,425.6,859.79,1153.95,131.44,114.3,normal
193,2021,4,131.44,587.79,432.39,286.84,114.3,normal
193,2021,5,286.84,67.36,123.19,231.01,114.3,normal
193,2021,6,231.01,739.47,670.14,300.34,114.3,normal
193,2021,7,300.34,289.18,741.72,0.0,114.3,stockout
193,2021,8,0.0,239.1,160.15,78.95,114.3,understock
193,2021,9,78.95,242.08,249.58,71.45,114.3,understock
193,2021,10,71.45,537.35,374.18,234.62,114.3,normal
193,2021,11,234.62,202.65,185.2,252.07,114.3,normal
193,2021,12,252.07,638.14,625.63,264.58,114.3,normal
193,2022,1,264.58,57.21,185.62,136.17,114.3,normal
193,2022,2,136.17,259.86,567.78,0.0,114.3,stockout
193,2022,3,0.0,245.3,442.84,0.0,114.3,stockout
193,2022,4,0.0,455.73,760.48,0.0,114.3,stockout
193,2022,5,0.0,244.21,380.6,0.0,114.3,stockout
193,2022,6,0.0,287.18,253.54,33.64,114.3,understock
193,2022,7,33.64,1148.92,1251.91,0.0,114.3,stockout
193,2022,8,0.0,72.34,119.6,0.0,114.3,stockout
193,2022,9,0.0,276.01,497.25,0.0,114.3,stockout
193,2022,10,0.0,61.24,62.9,0.0,114.3,stockout
193,2022,11,0.0,423.06,425.01,0.0,114.3,stockout
193,2022,12,0.0,0.0,0.0,0.0,114.3,stockout
193,2023,1,0.0,207.23,365.53,0.0,114.3,stockout
193,2023,2,0.0,163.82,246.5,0.0,114.3,stockout
193,2023,3,0.0,630.67,441.35,189.32,114.3,normal
193,2023,4,189.32,0.0,0.0,168.73,114.3,normal
193,2023,5,168.73,180.86,180.98,168.61,114.3,normal
193,2023,6,168.61,185.79,181.28,173.12,114.3,normal
193,2023,7,173.12,261.62,253.93,180.81,114.3,normal
193,2023,8,180.81,373.0,371.32,182.49,114.3,normal
193,2023,9,182.49,225.97,245.92,162.54,114.3,normal
193,2023,10,162.54,220.82,185.51,197.85,114.3,normal
193,2023,11,197.85,184.35,429.4,0.0,114.3,stockout
193,2023,12,0.0,121.59,187.6,0.0,114.3,stockout
193,2024,1,0.0,160.42,121.69,38.73,114.3,understock
193,2024,2,38.73,116.86,123.9,31.69,114.3,understock
193,2024,3,31.69,266.38,182.92,115.15,114.3,normal
193,2024,4,115.15,326.58,306.77,134.96,114.3,normal
193,2024,5,134.96,609.61,623.36,121.21,114.3,normal
193,2024,6,121.21,759.16,665.95,214.42,114.3,normal
193,2024,7,214.42,520.33,487.43,247.32,114.3,normal
195,2024,5,2431.37,615.89,591.0,2456.26,1002.19,normal
195,2024,6,2456.26,3681.2,4857.16,1280.3,1002.19,normal
195,2024,7,1280.3,3410.11,3381.1,1309.31,1002.19,normal
197,2021,1,525.62,210.77,420.78,315.61,110.19,normal
197,2021,2,315.61,0.0,0.0,282.12,110.19,normal
197,2021,3,282.12,379.47,419.31,242.28,110.19,normal
197,2021,4,242.28,0.0,0.0,212.65,110.19,normal
197,2021,5,212.65,63.83,0.0,254.29,110.19,normal
197,2021,6,254.29,48.53,0.0,277.78,110.19,normal
197,2021,7,277.78,0.0,0.0,237.62,110.19,normal
197,2021,8,237.62,0.0,0.0,209.84,110.19,normal
197,2021,9,209.84,0.0,0.0,190.71,110.19,normal
197,2021,10,190.71,0.0,0.0,170.77,110.19,normal
197,2021,11,170.77,51.86,0.0,200.32,110.19,normal
197,2021,12,200.32,0.0,0.0,189.26,110.19,normal
197,2022,1,189.26,0.0,0.0,175.99,110.19,normal
197,2022,2,175.99,52.57,40.71,187.85,110.19,normal
197,2022,3,187.85,0.0,0.0,174.61,110.19,normal
197,2022,4,174.61,7.43,10.2,171.84,110.19,normal
197,2022,5,171.84,0.0,0.0,159.14,110.19,normal
197,2022,6,159.14,1640.39,1431.75,367.78,110.19,normal
197,2022,7,367.78,0.0,0.0,329.58,110.19,normal
197,2022,8,329.58,0.0,0.0,309.62,110.19,normal
197,2022,9,309.62,80.11,129.6,260.13,110.19,normal
198,2023,10,75.73,133.93,99.48,110.18,16.39,overstock
198,2023,11,110.18,69.34,114.52,65.0,16.39,normal
198,2023,12,65.0,0.0,0.0,56.56,16.39,normal
198,2024,1,56.56,0.0,0.0,48.56,16.39,normal
198,2024,2,48.56,0.0,0.0,45.36,16.39,normal
198,2024,3,45.36,0.0,0.0,39.49,16.39,normal
198,2024,4,39.49,16.23,15.02,40.7,16.39,normal
198,2024,5,40.7,112.49,82.26,70.93,16.39,normal
198,2024,6,70.93,7.68,7.52,71.09,16.39,normal
199,2021,1,177.95,78.1,172.7,83.35,38.87,normal
199,2021,2,83.35,585.93,359.68,309.6,38.87,overstock
199,2021,3,309.6,564.92,492.91,381.61,38.87,overstock
199,2021,4,381.61,126.1,212.69,295.02,38.87,overstock
199,2021,5,295.02,158.62,153.82,299.82,38.87,overstock
199,2021,6,299.82,73.5,71.96,301.36,38.87,overstock
199,2021,7,301.36,310.04,188.57,422.83,38.87,overstock
199,2021,8,422.83,568.42,528.98,462.27,38.87,overstock
199,2021,9,462.27,407.31,281.42,588.16,38.87,overstock
199,2021,10,588.16,98.77,99.05,587.88,38.87,overstock
199,2021,11,587.88,325.06,296.72,616.22,38.87,overstock
199,2021,12,616.22,266.51,201.06,681.67,38.87,overstock
199,2022,1,681.67,277.86,276.53,683.0,38.87,overstock
199,2022,2,683.0,150.32,252.06,581.26,38.87,overstock
199,2022,3,581.26,74.12,45.42,609.96,38.87,overstock
199,2022,4,609.96,594.87,381.63,823.2,38.87,overstock
199,2022,5,823.2,36.47,37.89,821.78,38.87,overstock
199,2022,6,821.78,46.28,51.26,816.8,38.87,overstock
199,2022,7,816.8,88.68,60.88,844.6,38.87,overstock
199,2022,8,844.6,0.0,0.0,743.74,38.87,overstock
199,2022,9,743.74,64.92,60.98,747.68,38.87,overstock
199,2022,10,747.68,286.84,178.18,856.34,38.87,overstock
199,2022,11,856.34,32.56,57.55,831.35,38.87,overstock
199,2022,12,831.35,321.78,202.39,950.74,38.87,overstock
199,2023,1,950.74,11.87,47.37,915.24,38.87,overstock
199,2023,2,915.24,398.0,269.92,1043.32,38.87,overstock
199,2023,3,1043.32,197.36,173.34,1067.34,38.87,overstock
199,2023,4,1067.34,434.37,404.89,1096.82,38.87,overstock
199,2023,5,1096.82,0.0,0.0,1011.26,38.87,overstock
199,2023,6,1011.26,69.42,48.27,1032.41,38.87,overstock
199,2023,7,1032.41,76.16,56.99,1051.58,38.87,overstock
199,2023,8,1051.58,159.8,97.54,1113.84,38.87,overstock
199,2023,9,1113.84,0.0,0.0,960.94,38.87,overstock
199,2023,10,960.94,53.76,52.53,962.17,38.87,overstock
199,2023,11,962.17,214.26,242.53,933.9,38.87,overstock
199,2023,12,933.9,67.15,136.31,864.74,38.87,overstock
199,2024,1,864.74,172.34,156.66,880.42,38.87,overstock
199,2024,2,880.42,134.91,182.78,832.55,38.87,overstock
199,2024,3,832.55,17.76,15.14,835.17,38.87,overstock
199,2024,4,835.17,134.34,131.72,837.79,38.87,overstock
199,2024,5,837.79,260.04,160.68,937.15,38.87,overstock
199,2024,6,937.15,54.97,35.58,956.54,38.87,overstock
199,2024,7,956.54,94.48,100.8,950.22,38.87,overstock
200,2021,12,105.01,16.9,26.28,95.63,27.48,normal
200,2022,1,95.63,213.28,213.97,94.94,27.48,normal
200,2022,2,94.94,87.78,124.47,58.25,27.48,normal
200,2022,3,58.25,50.43,44.99,63.69,27.48,normal
200,2022,4,63.69,106.08,210.37,0.0,27.48,stockout
200,2022,5,0.0,26.63,29.46,0.0,27.48,stockout
200,2022,6,0.0,0.0,0.0,0.0,27.48,stockout
200,2022,7,0.0,22.84,43.84,0.0,27.48,stockout
200,2022,8,0.0,0.0,0.0,0.0,27.48,stockout
200,2022,9,0.0,39.57,42.23,0.0,27.48,stockout
200,2022,10,0.0,99.9,112.84,0.0,27.48,stockout
200,2022,11,0.0,53.03,46.89,6.14,27.48,understock
200,2022,12,6.14,43.77,46.58,3.33,27.48,understock
200,2023,1,3.33,28.91,30.92,1.32,27.48,understock
200,2023,2,1.32,139.95,146.56,0.0,27.48,stockout
200,2023,3,0.0,26.47,25.58,0.89,27.48,understock
200,2023,4,0.89,44.51,79.35,0.0,27.48,stockout
200,2023,5,0.0,0.0,0.0,0.0,27.48,stockout
200,2023,6,0.0,41.71,47.69,0.0,27.48,stockout
200,2023,7,0.0,48.48,46.55,1.93,27.48,understock
200,2023,8,1.93,180.82,121.43,61.32,27.48,normal
200,2023,9,61.32,61.58,62.9,60.0,27.48,normal
200,2023,10,60.0,60.76,52.18,68.58,27.48,normal
200,2023,11,68.58,105.34,91.73,82.19,27.48,normal
200,2023,12,82.19,310.07,190.18,202.08,27.48,overstock
200,2024,1,202.08,67.62,157.2,112.5,27.48,normal
200,2024,2,112.5,168.78,168.67,112.61,27.48,normal
200,2024,3,112.61,9.63,9.57,112.67,27.48,normal
200,2024,4,112.67,29.13,30.25,111.55,27.48,normal
201,2021,1,355.73,402.81,385.72,372.82,93.76,normal
201,2021,2,372.82,732.91,690.23,415.5,93.76,normal
201,2021,3,415.5,1204.17,753.06,866.61,93.76,overstock
201,2021,4,866.61,458.07,406.46,918.22,93.76,overstock
201,2021,5,918.22,266.58,302.97,881.83,93.76,overstock
201,2021,6,881.83,335.71,319.0,898.54,93.76,overstock
201,2021,7,898.54,475.64,515.92,858.26,93.76,overstock
201,2021,8,858.26,438.59,827.86,468.99,93.76,overstock
201,2021,9,468.99,901.33,563.9,806.42,93.76,overstock
201,2021,10,806.42,200.08,195.57,810.93,93.76,overstock
201,2021,11,810.93,316.01,586.53,540.41,93.76,overstock
201,2021,12,540.41,223.12,349.15,414.38,93.76,normal
201,2022,1,414.38,242.06,469.05,187.39,93.76,normal
201,2022,2,187.39,272.11,434.89,24.61,93.76,understock
201,2022,3,24.61,105.93,91.35,39.19,93.76,understock
201,2022,4,39.19,776.37,699.67,115.89,93.76,normal
201,2022,5,115.89,62.71,62.88,115.72,93.76,normal
201,2022,6,115.72,32.66,65.61,82.77,93.76,understock
201,2022,7,82.77,105.41,104.84,83.34,93.76,understock
201,2022,8,83.34,0.0,0.0,76.13,93.76,understock
201,2022,9,76.13,137.97,104.84,109.26,93.76,normal
201,2022,10,109.26,310.57,308.3,111.53,93.76,normal
201,2022,11,111.53,122.09,119.89,113.73,93.76,normal
201,2022,12,113.73,338.29,368.45,83.57,93.76,understock
201,2023,1,83.57,58.65,80.37,61.85,93.76,understock
201,2023,2,61.85,413.34,309.46,165.73,93.76,normal
201,2023,3,165.73,325.95,227.07,264.61,93.76,normal
201,2023,4,264.61,701.95,409.47,557.09,93.76,overstock
201,2023,5,557.09,0.0,0.0,475.69,93.76,overstock
201,2023,6,475.69,95.79,91.17,480.31,93.76,overstock
201,2023,7,480.31,52.26,68.72,463.85,93.76,normal
201,2023,8,463.85,217.45,201.29,480.01,93.76,overstock
201,2023,9,480.01,91.95,83.38,488.58,93.76,overstock
201,2023,10,488.58,231.02,265.57,454.03,93.76,normal
201,2023,11,454.03,777.19,515.59,715.63,93.76,overstock
201,2023,12,715.63,395.84,380.29,731.18,93.76,overstock
201,2024,1,731.18,216.39,397.07,550.5,93.76,overstock
201,2024,2,550.5,621.27,538.58,633.19,93.76,overstock
201,2024,3,633.19,36.1,44.85,624.44,93.76,overstock
201,2024,4,624.44,181.65,182.15,623.94,93.76,overstock
201,2024,5,623.94,68.31,76.94,615.31,93.76,overstock
201,2024,6,615.31,88.34,51.6,652.05,93.76,overstock
201,2024,7,652.05,221.3,151.4,721.95,93.76,overstock
203,2022,11,48.7,13.13,26.87,34.96,17.99,normal
203,2022,12,34.96,29.49,21.08,43.37,17.99,normal
203,2023,1,43.37,0.0,0.0,38.65,17.99,normal
203,2023,2,38.65,0.0,0.0,35.61,17.99,normal
203,2023,3,35.61,57.11,52.0,40.72,17.99,normal
203,2023,4,40.72,45.36,47.36,38.72,17.99,normal
203,2023,5,38.72,0.0,0.0,32.99,17.99,normal
203,2023,6,32.99,0.0,0.0,28.61,17.99,normal
203,2023,7,28.61,0.0,0.0,25.54,17.99,normal
203,2023,8,25.54,0.0,0.0,23.75,17.99,normal
203,2023,9,23.75,10.06,0.0,31.58,17.99,normal
203,2023,10,31.58,45.72,26.98,50.32,17.99,normal
203,2023,11,50.32,17.21,30.64,36.89,17.99,normal
203,2023,12,36.89,141.82,137.28,41.43,17.99,normal
203,2024,1,41.43,72.41,158.38,0.0,17.99,stockout
203,2024,2,0.0,0.0,0.0,0.0,17.99,stockout
203,2024,3,0.0,12.41,7.65,4.76,17.99,understock
204,2021,2,125.02,181.93,259.48,47.47,37.82,normal
204,2021,3,47.47,29.59,57.5,19.56,37.82,understock
204,2021,4,19.56,124.41,180.97,0.0,37.82,stockout
204,2021,5,0.0,232.27,150.37,81.9,37.82,normal
204,2021,6,81.9,197.48,201.2,78.18,37.82,normal
204,2021,7,78.18,307.99,340.07,46.1,37.82,normal
204,2021,8,46.1,656.6,391.9,310.8,37.82,overstock
204,2021,9,310.8,232.96,212.3,331.46,37.82,overstock
204,2021,10,331.46,92.61,89.37,334.7,37.82,overstock
204,2021,11,334.7,124.83,204.33,255.2,37.82,overstock
204,2021,12,255.2,148.82,157.03,246.99,37.82,overstock
204,2022,1,246.99,445.08,263.94,428.13,37.82,overstock
204,2022,2,428.13,244.26,240.56,431.83,37.82,overstock
204,2022,3,431.83,36.09,33.78,434.14,37.82,overstock
204,2022,4,434.14,398.26,373.81,458.59,37.82,overstock
204,2022,5,458.59,147.07,143.56,462.1,37.82,overstock
204,2022,6,462.1,66.31,105.8,422.61,37.82,overstock
204,2022,7,422.61,71.5,63.28,430.83,37.82,overstock
204,2022,8,430.83,0.0,0.0,374.65,37.82,overstock
204,2022,9,374.65,32.09,62.9,343.84,37.82,overstock
204,2022,10,343.84,186.86,170.94,359.76,37.82,overstock
204,2022,11,359.76,46.82,58.96,347.62,37.82,overstock
204,2022,12,347.62,81.24,203.0,225.86,37.82,normal
204,2023,1,225.86,53.81,47.29,232.38,37.82,overstock
204,2023,2,232.38,258.59,268.42,222.55,37.82,normal
204,2023,3,222.55,220.7,169.02,274.23,37.82,overstock
204,2023,4,274.23,317.29,295.19,296.33,37.82,overstock
204,2023,5,296.33,0.0,0.0,273.5,37.82,overstock
204,2023,6,273.5,0.0,0.0,251.25,37.82,overstock
204,2023,7,251.25,15.45,23.67,243.03,37.82,overstock
204,2023,8,243.03,10.71,7.89,245.85,37.82,overstock
204,2023,9,245.85,10.71,10.44,246.12,37.82,overstock
204,2023,10,246.12,163.11,156.98,252.25,37.82,overstock
204,2023,11,252.25,197.89,205.57,244.57,37.82,overstock
204,2023,12,244.57,80.81,126.96,198.42,37.82,normal
204,2024,1,198.42,192.97,207.32,184.07,37.82,normal
204,2024,2,184.07,115.16,185.16,114.07,37.82,normal
204,2024,3,114.07,20.34,14.95,119.46,37.82,normal
204,2024,4,119.46,74.46,75.92,118.0,37.82,normal
204,2024,5,118.0,142.5,162.27,98.23,37.82,normal
204,2024,6,98.23,38.88,68.46,68.65,37.82,normal
204,2024,7,68.65,54.58,49.97,73.26,37.82,normal
205,2021,1,893.41,1164.92,1120.67,937.66,195.13,normal
205,2021,2,937.66,748.09,687.18,998.57,195.13,normal
205,2021,3,998.57,381.93,798.56,581.94,195.13,normal
205,2021,4,581.94,447.2,876.47,152.67,195.13,understock
205,2021,5,152.67,1029.89,736.17,446.39,195.13,normal
205,2021,6,446.39,1413.3,1376.94,482.75,195.13,normal
205,2021,7,482.75,2063.39,1865.26,680.88,195.13,normal
205,2021,8,680.88,1069.14,1089.46,660.56,195.13,normal
205,2021,9,660.56,1036.59,988.77,708.38,195.13,normal
205,2021,10,708.38,580.48,388.8,900.06,195.13,normal
205,2021,11,900.06,420.78,796.06,524.78,195.13,normal
205,2021,12,524.78,1417.61,1225.6,716.79,195.13,normal
205,2022,1,716.79,1449.55,1586.99,579.35,195.13,normal
205,2022,2,579.35,593.94,601.36,571.93,195.13,normal
205,2022,3,571.93,755.22,773.66,553.49,195.13,normal
205,2022,4,553.49,2502.76,2486.85,569.4,195.13,normal
205,2022,5,569.4,1010.4,1032.71,547.09,195.13,normal
205,2022,6,547.09,1077.88,822.32,802.65,195.13,normal
205,2022,7,802.65,326.77,205.54,923.88,195.13,normal
205,2022,8,923.88,133.49,103.81,953.56,195.13,normal
205,2022,9,953.56,195.9,207.02,942.44,195.13,normal
205,2022,10,942.44,183.27,386.65,739.06,195.13,normal
205,2022,11,739.06,482.31,422.89,798.48,195.13,normal
205,2022,12,798.48,947.92,708.84,1037.56,195.13,normal
205,2023,1,1037.56,360.64,385.58,1012.62,195.13,normal
205,2023,2,1012.62,714.19,1070.68,656.13,195.13,normal
205,2023,3,656.13,223.56,471.36,408.33,195.13,normal
205,2023,4,408.33,235.85,197.66,446.52,195.13,normal
205,2023,5,446.52,404.11,414.85,435.78,195.13,normal
205,2023,6,435.78,114.04,92.61,457.21,195.13,normal
205,2023,7,457.21,260.16,659.63,57.74,195.13,understock
205,2023,8,57.74,707.03,580.85,183.92,195.13,understock
205,2023,9,183.92,462.06,435.54,210.44,195.13,normal
205,2023,10,210.44,498.5,514.47,194.47,195.13,understock
205,2023,11,194.47,915.35,649.09,460.73,195.13,normal
205,2023,12,460.73,756.95,768.83,448.85,195.13,normal
205,2024,1,448.85,747.74,794.94,401.65,195.13,normal
205,2024,2,401.65,1201.67,862.33,740.99,195.13,normal
205,2024,3,740.99,123.77,93.24,771.52,195.13,normal
205,2024,4,771.52,337.37,312.27,796.62,195.13,normal
205,2024,5,796.62,451.33,418.85,829.1,195.13,normal
205,2024,6,829.1,137.87,301.06,665.91,195.13,normal
205,2024,7,665.91,735.36,666.74,734.53,195.13,normal
206,2021,1,125.64,114.9,179.73,60.81,42.76,normal
206,2021,2,60.81,374.61,420.76,14.66,42.76,understock
206,2021,3,14.66,592.04,530.08,76.62,42.76,normal
206,2021,4,76.62,174.24,406.36,0.0,42.76,stockout
206,2021,5,0.0,253.24,237.91,15.33,42.76,understock
206,2021,6,15.33,163.19,164.58,13.94,42.76,understock
206,2021,7,13.94,243.49,185.34,72.09,42.76,normal
206,2021,8,72.09,168.47,306.36,0.0,42.76,stockout
206,2021,9,0.0,175.99,106.26,69.73,42.76,normal
206,2021,10,69.73,31.83,66.21,35.35,42.76,understock
206,2021,11,35.35,110.43,203.71,0.0,42.76,stockout
206,2021,12,0.0,57.55,118.74,0.0,42.76,stockout
206,2022,1,0.0,118.62,134.87,0.0,42.76,stockout
206,2022,2,0.0,140.38,150.58,0.0,42.76,stockout
206,2022,3,0.0,0.0,0.0,0.0,42.76,stockout
206,2022,4,0.0,152.08,142.71,9.37,42.76,understock
206,2022,5,9.37,24.3,25.82,7.85,42.76,understock
206,2022,6,7.85,39.09,26.68,20.26,42.76,understock
206,2022,7,20.26,60.51,41.6,39.17,42.76,understock
206,2022,8,39.17,0.0,0.0,36.41,42.76,understock
206,2022,9,36.41,25.66,41.27,20.8,42.76,understock
206,2022,10,20.8,118.26,116.18,22.88,42.76,understock
206,2022,11,22.88,78.24,47.35,53.77,42.76,normal
206,2022,12,53.77,131.58,119.87,65.48,42.76,normal
206,2023,1,65.48,40.97,32.06,74.39,42.76,normal
206,2023,2,74.39,139.71,146.16,67.94,42.76,normal
206,2023,3,67.94,85.62,78.77,74.79,42.76,normal
206,2023,4,74.79,386.01,387.3,73.5,42.76,normal
206,2023,5,73.5,0.0,0.0,68.16,42.76,normal
206,2023,6,68.16,30.84,31.45,67.55,42.76,normal
206,2023,7,67.55,53.41,56.09,64.87,42.76,normal
206,2023,8,64.87,6.38,16.2,55.05,42.76,normal
206,2023,9,55.05,66.15,62.56,58.64,42.76,normal
206,2023,10,58.64,67.75,52.42,73.97,42.76,normal
206,2023,11,73.97,0.0,0.0,63.6,42.76,normal
206,2023,12,63.6,207.98,124.29,147.29,42.76,normal
206,2024,1,147.29,104.63,156.09,95.83,42.76,normal
206,2024,2,95.83,132.93,131.72,97.04,42.76,normal
206,2024,3,97.04,11.55,15.42,93.17,42.76,normal
206,2024,4,93.17,215.43,161.47,147.13,42.76,normal
206,2024,5,147.13,221.71,211.51,157.33,42.76,normal
206,2024,6,157.33,39.94,72.07,125.2,42.76,normal
206,2024,7,125.2,71.09,51.0,145.29,42.76,normal
208,2023,8,132.85,34.89,60.7,107.04,37.49,normal
208,2023,9,107.04,0.0,0.0,92.46,37.49,normal
208,2023,10,92.46,0.0,0.0,80.37,37.49,normal
208,2023,11,80.37,0.0,0.0,73.58,37.49,normal
208,2023,12,73.58,0.0,0.0,62.7,37.49,normal
208,2024,1,62.7,0.0,0.0,55.17,37.49,normal
208,2024,2,55.17,0.0,0.0,49.31,37.49,normal
208,2024,3,49.31,0.0,0.0,44.4,37.49,normal
208,2024,4,44.4,0.0,0.0,41.46,37.49,normal
208,2024,5,41.46,113.84,170.62,0.0,37.49,stockout
209,2021,12,130.96,732.58,567.18,296.36,41.52,overstock
209,2022,1,296.36,0.0,0.0,257.33,41.52,overstock
209,2022,2,257.33,21.85,20.65,258.53,41.52,overstock
209,2022,3,258.53,20.26,0.0,247.29,41.52,overstock
209,2022,4,247.29,43.73,31.02,260.0,41.52,overstock
209,2022,5,260.0,0.0,0.0,243.58,41.52,overstock
209,2022,6,243.58,0.0,0.0,227.57,41.52,normal
209,2022,7,227.57,0.0,0.0,209.59,41.52,normal
209,2022,8,209.59,0.0,0.0,185.01,41.52,normal
209,2022,9,185.01,0.0,0.0,171.13,41.52,normal
209,2022,10,171.13,0.0,0.0,152.79,41.52,normal
209,2022,11,152.79,0.0,0.0,131.31,41.52,normal
209,2022,12,131.31,24.35,0.0,148.41,41.52,normal
209,2023,1,148.41,0.0,0.0,136.72,41.52,normal
209,2023,2,136.72,32.21,25.81,143.12,41.52,normal
211,2021,2,299.31,154.74,294.91,159.14,90.75,normal
211,2021,3,159.14,64.37,155.35,68.16,90.75,understock
211,2021,4,68.16,313.77,314.33,67.6,90.75,understock
211,2021,5,67.6,0.0,0.0,59.95,90.75,understock
211,2021,6,59.95,188.87,183.37,65.45,90.75,understock
211,2021,7,65.45,44.25,122.17,0.0,90.75,stockout
211,2021,8,0.0,413.48,368.85,44.63,90.75,understock
211,2021,9,44.63,164.32,161.66,47.29,90.75,understock
211,2021,10,47.29,0.0,0.0,41.59,90.75,understock
211,2021,11,41.59,176.7,187.79,30.5,90.75,understock
211,2021,12,30.5,0.0,0.0,28.17,90.75,understock
211,2022,1,28.17,0.0,0.0,25.4,90.75,understock
211,2022,2,25.4,126.38,128.06,23.72,90.75,understock
211,2022,3,23.72,0.0,0.0,22.35,90.75,understock
211,2022,4,22.35,220.47,193.2,49.62,90.75,understock
211,2022,5,49.62,0.0,0.0,46.68,90.75,understock
211,2022,6,46.68,0.0,0.0,41.43,90.75,understock
211,2022,7,41.43,197.86,385.6,0.0,90.75,stockout
211,2022,8,0.0,0.0,0.0,0.0,90.75,stockout
211,2022,9,0.0,51.51,64.24,0.0,90.75,stockout
211,2022,10,0.0,0.0,0.0,0.0,90.75,stockout
211,2022,11,0.0,793.61,587.39,206.22,90.75,normal
211,2022,12,206.22,0.0,0.0,183.79,90.75,normal
211,2023,1,183.79,249.62,386.27,47.14,90.75,understock
211,2023,2,47.14,0.0,0.0,44.71,90.75,understock
211,2023,3,44.71,216.4,432.04,0.0,90.75,stockout
211,2023,4,0.0,0.0,0.0,0.0,90.75,stockout
211,2023,5,0.0,0.0,0.0,0.0,90.75,stockout
211,2023,6,0.0,0.0,0.0,0.0,90.75,stockout
211,2023,7,0.0,35.61,0.0,35.61,90.75,understock
211,2023,8,35.61,0.0,0.0,30.57,90.75,understock
211,2023,9,30.57,0.0,0.0,28.25,90.75,understock
211,2023,10,28.25,0.0,0.0,24.79,90.75,understock
211,2023,11,24.79,260.23,249.02,36.0,90.75,understock
211,2023,12,36.0,50.87,69.6,17.27,90.75,understock
211,2024,1,17.27,24.73,0.0,39.62,90.75,understock
211,2024,2,39.62,423.28,1067.95,0.0,90.75,stockout
211,2024,3,0.0,232.89,253.15,0.0,90.75,stockout
211,2024,4,0.0,570.51,569.83,0.68,90.75,understock
211,2024,5,0.68,0.0,0.0,0.6,90.75,understock
211,2024,6,0.6,141.29,318.98,0.0,90.75,stockout
211,2024,7,0.0,483.52,315.7,167.82,90.75,normal
212,2022,12,315.95,181.11,285.05,212.01,65.57,normal
214,2022,6,982.71,1853.56,3148.57,0.0,199.34,stockout
214,2022,7,0.0,0.0,0.0,0.0,199.34,stockout
214,2022,8,0.0,0.0,0.0,0.0,199.34,stockout
214,2022,9,0.0,0.0,0.0,0.0,199.34,stockout
214,2022,10,0.0,0.0,0.0,0.0,199.34,stockout
214,2022,11,0.0,0.0,0.0,0.0,199.34,stockout
214,2022,12,0.0,503.36,485.92,17.44,199.34,understock
214,2023,1,17.44,1216.19,1320.94,0.0,199.34,stockout
214,2023,2,0.0,814.38,794.32,20.06,199.34,understock
214,2023,3,20.06,1062.02,803.3,278.78,199.34,normal
214,2023,4,278.78,145.52,321.89,102.41,199.34,understock
214,2023,5,102.41,173.26,164.07,111.6,199.34,understock
214,2023,6,111.6,60.7,0.0,159.31,199.34,understock
214,2023,7,159.31,837.44,525.13,471.62,199.34,normal
214,2023,8,471.62,523.56,527.74,467.44,199.34,normal
214,2023,9,467.44,337.88,377.2,428.12,199.34,normal
214,2023,10,428.12,0.0,0.0,371.24,199.34,normal
214,2023,11,371.24,0.0,0.0,341.25,199.34,normal
214,2023,12,341.25,0.0,0.0,291.67,199.34,normal
214,2024,1,291.67,0.0,0.0,266.75,199.34,normal
214,2024,2,266.75,673.2,582.01,357.94,199.34,normal
214,2024,3,357.94,0.0,0.0,336.37,199.34,normal
214,2024,4,336.37,0.0,0.0,300.94,199.34,normal
214,2024,5,300.94,0.0,0.0,280.06,199.34,normal
214,2024,6,280.06,0.0,0.0,247.1,199.34,normal
214,2024,7,247.1,492.42,305.16,434.36,199.34,normal
215,2023,4,201.03,116.59,228.4,89.22,66.6,normal
216,2021,3,730.12,989.18,1048.0,671.3,242.7,normal
216,2021,4,671.3,533.15,533.59,670.86,242.7,normal
216,2021,5,670.86,296.3,321.88,645.28,242.7,normal
216,2021,6,645.28,0.0,0.0,606.22,242.7,normal
216,2021,7,606.22,0.0,0.0,544.43,242.7,normal
216,2021,8,544.43,0.0,0.0,503.85,242.7,normal
216,2021,9,503.85,86.72,0.0,553.58,242.7,normal
216,2021,10,553.58,0.0,0.0,472.76,242.7,normal
216,2021,11,472.76,0.0,0.0,422.8,242.7,normal
216,2021,12,422.8,0.0,0.0,383.52,242.7,normal
216,2022,1,383.52,0.0,0.0,337.63,242.7,normal
216,2022,2,337.63,0.0,0.0,314.95,242.7,normal
216,2022,3,314.95,3926.66,3904.81,336.8,242.7,normal
216,2022,4,336.8,0.0,0.0,298.69,242.7,normal
216,2022,5,298.69,0.0,0.0,280.31,242.7,normal
216,2022,6,280.31,0.0,0.0,263.01,242.7,normal
216,2022,7,263.01,0.0,0.0,246.1,242.7,normal
216,2022,8,246.1,0.0,0.0,228.72,242.7,understock
216,2022,9,228.72,0.0,0.0,196.8,242.7,understock
216,2022,10,196.8,0.0,0.0,176.97,242.7,understock
216,2022,11,176.97,0.0,0.0,167.8,242.7,understock
216,2022,12,167.8,0.0,0.0,158.25,242.7,understock
216,2023,1,158.25,0.0,0.0,141.46,242.7,understock
216,2023,2,141.46,1293.94,2008.08,0.0,242.7,stockout
216,2023,3,0.0,472.33,264.17,208.16,242.7,understock
216,2023,4,208.16,502.82,318.98,392.0,242.7,normal
216,2023,5,392.0,429.81,470.25,351.56,242.7,normal
216,2023,6,351.56,674.61,419.7,606.47,242.7,normal
216,2023,7,606.47,0.0,0.0,527.41,242.7,normal
216,2023,8,527.41,0.0,0.0,490.31,242.7,normal
216,2023,9,490.31,220.34,198.21,512.44,242.7,normal
216,2023,10,512.44,92.72,103.58,501.58,242.7,normal
216,2023,11,501.58,579.9,522.13,559.35,242.7,normal
216,2023,12,559.35,257.71,263.33,553.73,242.7,normal
216,2024,1,553.73,224.11,211.89,565.95,242.7,normal
216,2024,2,565.95,1744.28,1917.58,392.65,242.7,normal
216,2024,3,392.65,0.0,0.0,347.23,242.7,normal
216,2024,4,347.23,53.44,263.7,136.97,242.7,understock
217,2022,5,1503.41,695.9,745.59,1453.72,309.3,normal
217,2022,6,1453.72,3903.76,4229.8,1127.68,309.3,normal
217,2022,7,1127.68,0.0,0.0,1005.47,309.3,normal
217,2022,8,1005.47,0.0,0.0,879.61,309.3,normal
217,2022,9,879.61,1216.62,796.36,1299.87,309.3,normal
217,2022,10,1299.87,0.0,0.0,1138.39,309.3,normal
217,2022,11,1138.39,0.0,0.0,1059.27,309.3,normal
217,2022,12,1059.27,467.03,313.36,1212.94,309.3,normal
217,2023,1,1212.94,0.0,0.0,1060.27,309.3,normal
217,2023,2,1060.27,0.0,0.0,937.9,309.3,normal
217,2023,3,937.9,0.0,0.0,836.72,309.3,normal
217,2023,4,836.72,214.5,312.99,738.23,309.3,normal
217,2023,5,738.23,2048.9,2164.61,622.52,309.3,normal
217,2023,6,622.52,0.0,0.0,576.36,309.3,normal
217,2023,7,576.36,53.45,52.5,577.31,309.3,normal
217,2023,8,577.31,1527.26,1622.28,482.29,309.3,normal
217,2023,9,482.29,1358.77,2506.47,0.0,309.3,stockout
217,2023,10,0.0,0.0,0.0,0.0,309.3,stockout
217,2023,11,0.0,0.0,0.0,0.0,309.3,stockout
217,2023,12,0.0,0.0,0.0,0.0,309.3,stockout
217,2024,1,0.0,0.0,0.0,0.0,309.3,stockout
217,2024,2,0.0,0.0,0.0,0.0,309.3,stockout
217,2024,3,0.0,0.0,0.0,0.0,309.3,stockout
217,2024,4,0.0,2038.19,1874.34,163.85,309.3,understock
217,2024,5,163.85,2542.53,1595.27,1111.11,309.3,normal
217,2024,6,1111.11,885.49,802.32,1194.28,309.3,normal
217,2024,7,1194.28,283.21,267.1,1210.39,309.3,normal
218,2021,1,830.37,440.64,422.44,848.57,150.81,normal
218,2021,2,848.57,911.79,632.42,1127.94,150.81,overstock
218,2021,3,1127.94,3949.78,3776.02,1301.7,150.81,overstock
218,2021,4,1301.7,256.67,259.86,1298.51,150.81,overstock
218,2021,5,1298.51,0.0,0.0,1104.04,150.81,overstock
218,2021,6,1104.04,201.8,206.95,1098.89,150.81,normal
218,2021,7,1098.89,305.16,328.16,1075.89,150.81,normal
218,2021,8,1075.89,349.42,589.1,836.21,150.81,normal
218,2021,9,836.21,335.79,302.86,869.14,150.81,normal
218,2021,10,869.14,157.36,309.81,716.69,150.81,normal
218,2021,11,716.69,1278.05,797.14,1197.6,150.81,overstock
218,2021,12,1197.6,422.45,260.59,1359.46,150.81,overstock
218,2022,1,1359.46,31.38,52.36,1338.48,150.81,overstock
218,2022,2,1338.48,177.18,266.34,1249.32,150.81,overstock
218,2022,3,1249.32,610.63,574.29,1285.66,150.81,overstock
218,2022,4,1285.66,2437.16,2161.46,1561.36,150.81,overstock
218,2022,5,1561.36,339.66,208.94,1692.08,150.81,overstock
218,2022,6,1692.08,0.0,0.0,1598.45,150.81,overstock
218,2022,7,1598.45,0.0,0.0,1410.67,150.81,overstock
218,2022,8,1410.67,0.0,0.0,1287.5,150.81,overstock
218,2022,9,1287.5,0.0,0.0,1201.58,150.81,overstock
218,2022,10,1201.58,30.62,10.4,1221.8,150.81,overstock
218,2022,11,1221.8,0.0,0.0,1081.46,150.81,normal
218,2022,12,1081.46,0.0,0.0,1010.49,150.81,normal
218,2023,1,1010.49,790.58,1276.27,524.8,150.81,normal
218,2023,2,524.8,818.04,784.84,558.0,150.81,normal
218,2023,3,558.0,177.58,104.85,630.73,150.81,normal
218,2023,4,630.73,103.55,52.3,681.98,150.81,normal
218,2023,5,681.98,1355.05,931.51,1105.52,150.81,overstock
218,2023,6,1105.52,1473.13,1418.44,1160.21,150.81,overstock
218,2023,7,1160.21,595.03,492.29,1262.95,150.81,overstock
218,2023,8,1262.95,0.0,0.0,1193.24,150.81,overstock
218,2023,9,1193.24,83.15,0.0,1206.64,150.81,overstock
218,2023,10,1206.64,0.0,0.0,1040.01,150.81,normal
218,2023,11,1040.01,1109.46,687.44,1462.03,150.81,overstock
218,2023,12,1462.03,648.95,584.91,1526.07,150.81,overstock
218,2024,1,1526.07,479.4,948.95,1056.52,150.81,normal
218,2024,2,1056.52,2507.4,1472.17,2091.75,150.81,overstock
218,2024,3,2091.75,1579.45,1419.09,2252.11,150.81,overstock
218,2024,4,2252.11,1561.47,1579.49,2234.09,150.81,overstock
218,2024,5,2234.09,852.24,633.76,2452.57,150.81,overstock
218,2024,6,2452.57,178.37,210.15,2420.79,150.81,overstock
218,2024,7,2420.79,391.54,420.86,2391.47,150.81,overstock
222,2021,1,143.64,177.52,162.53,158.63,34.97,normal
223,2021,1,1034.97,754.19,802.72,986.44,343.59,normal
223,2021,2,986.44,442.74,413.44,1015.74,343.59,normal
223,2021,3,1015.74,0.0,23.39,992.35,343.59,normal
223,2021,4,992.35,670.27,472.38,1190.24,343.59,normal
223,2021,5,1190.24,255.66,291.0,1154.9,343.59,normal
223,2021,6,1154.9,715.53,688.74,1181.69,343.59,normal
223,2021,7,1181.69,194.19,177.09,1198.79,343.59,normal
223,2021,8,1198.79,0.0,0.0,1121.58,343.59,normal
223,2021,9,1121.58,97.72,252.16,967.14,343.59,normal
223,2021,10,967.14,342.0,351.0,958.14,343.59,normal
223,2021,11,958.14,199.54,179.75,977.93,343.59,normal
223,2021,12,977.93,2511.54,4303.48,0.0,343.59,stockout
223,2022,1,0.0,982.47,1481.95,0.0,343.59,stockout
223,2022,2,0.0,2416.4,2153.48,262.92,343.59,understock
223,2022,3,262.92,2921.59,1787.51,1397.0,343.59,normal
223,2022,4,1397.0,162.74,164.77,1394.97,343.59,normal
223,2022,5,1394.97,2372.55,2337.62,1429.9,343.59,normal
223,2022,6,1429.9,1484.97,992.38,1922.49,343.59,overstock
223,2022,7,1922.49,1055.46,1057.04,1920.91,343.59,overstock
223,2022,8,1920.91,344.3,292.81,1972.4,343.59,overstock
223,2022,9,1972.4,1.25,12.06,1961.59,343.59,overstock
223,2022,10,1961.59,369.22,588.35,1742.46,343.59,overstock
223,2022,11,1742.46,606.56,1198.15,1150.87,343.59,normal
223,2022,12,1150.87,520.92,1092.76,579.03,343.59,normal
223,2023,1,579.03,986.65,1018.56,547.12,343.59,normal
223,2023,2,547.12,1747.5,1556.28,738.34,343.59,normal
223,2023,3,738.34,169.85,118.5,789.69,343.59,normal
223,2023,4,789.69,410.95,838.19,362.45,343.59,normal
223,2023,5,362.45,583.91,549.42,396.94,343.59,normal
223,2023,6,396.94,2410.99,2242.94,564.99,343.59,normal
223,2023,7,564.99,1700.0,1793.12,471.87,343.59,normal
223,2023,8,471.87,280.66,292.49,460.04,343.59,normal
223,2023,9,460.04,1201.17,715.83,945.38,343.59,normal
223,2023,10,945.38,206.79,181.93,970.24,343.59,normal
223,2023,11,970.24,411.44,416.6,965.08,343.59,normal
223,2023,12,965.08,468.24,482.2,951.12,343.59,normal
223,2024,1,951.12,907.07,947.66,910.53,343.59,normal
223,2024,2,910.53,3923.14,3572.42,1261.25,343.59,normal
223,2024,3,1261.25,1757.99,1659.27,1359.97,343.59,normal
223,2024,4,1359.97,2027.79,1289.33,2098.43,343.59,overstock
223,2024,5,2098.43,1048.32,964.54,2182.21,343.59,overstock
223,2024,6,2182.21,4999.08,4777.89,2403.4,343.59,overstock
223,2024,7,2403.4,884.0,601.74,2685.66,343.59,overstock
224,2023,7,366.42,331.16,298.38,399.2,69.92,normal
224,2023,8,399.2,782.17,880.6,300.77,69.92,normal
224,2023,9,300.77,93.96,89.76,304.97,69.92,normal
224,2023,10,304.97,242.04,237.98,309.03,69.92,normal
224,2023,11,309.03,0.0,0.0,268.81,69.92,normal
224,2023,12,268.81,0.0,0.0,235.19,69.92,normal
224,2024,1,235.19,120.74,115.55,240.38,69.92,normal
224,2024,2,240.38,0.0,0.0,212.08,69.92,normal
224,2024,3,212.08,81.88,121.92,172.04,69.92,normal
224,2024,4,172.04,59.29,0.0,213.7,69.92,normal
224,2024,5,213.7,307.05,640.49,0.0,69.92,stockout
226,2022,7,238.26,691.83,442.11,487.98,73.6,overstock
226,2022,8,487.98,0.0,0.0,430.47,73.6,normal
226,2022,9,430.47,0.0,0.0,372.44,73.6,normal
226,2022,10,372.44,0.0,0.0,320.86,73.6,normal
226,2022,11,320.86,0.0,0.0,295.91,73.6,normal
226,2022,12,295.91,0.0,0.0,252.61,73.6,normal
226,2023,1,252.61,46.01,0.0,268.15,73.6,normal
226,2023,2,268.15,0.0,0.0,228.19,73.6,normal
226,2023,3,228.19,386.1,390.07,224.22,73.6,normal
226,2023,4,224.22,604.84,605.55,223.51,73.6,normal
226,2023,5,223.51,0.0,0.0,191.43,73.6,normal
226,2023,6,191.43,0.0,0.0,174.73,73.6,normal
226,2023,7,174.73,0.0,0.0,164.91,73.6,normal
226,2023,8,164.91,21.75,0.0,168.6,73.6,normal
226,2023,9,168.6,0.0,0.0,143.85,73.6,normal
226,2023,10,143.85,0.0,0.0,129.44,73.6,normal
226,2023,11,129.44,0.0,0.0,116.87,73.6,normal
226,2023,12,116.87,0.0,0.0,102.25,73.6,normal
226,2024,1,102.25,0.0,0.0,91.23,73.6,normal
226,2024,2,91.23,0.0,0.0,79.21,73.6,normal
226,2024,3,79.21,0.0,0.0,74.81,73.6,normal
226,2024,4,74.81,96.62,112.88,58.55,73.6,understock
226,2024,5,58.55,69.2,112.2,15.55,73.6,understock
226,2024,6,15.55,185.26,112.6,88.21,73.6,normal
226,2024,7,88.21,283.32,270.84,100.69,73.6,normal
228,2022,3,286.59,58.59,57.76,287.42,67.2,normal
228,2022,4,287.42,47.29,0.0,305.06,67.2,normal
228,2022,5,305.06,0.0,0.0,274.77,67.2,normal
228,2022,6,274.77,0.0,0.0,244.65,67.2,normal
228,2022,7,244.65,326.61,345.89,225.37,67.2,normal
228,2022,8,225.37,0.0,0.0,206.35,67.2,normal
228,2022,9,206.35,27.72,58.13,175.94,67.2,normal
228,2022,10,175.94,300.28,174.02,302.2,67.2,normal
228,2022,11,302.2,92.47,58.43,336.24,67.2,normal
228,2022,12,336.24,291.79,318.66,309.37,67.2,normal
228,2023,1,309.37,229.77,215.75,323.39,67.2,normal
228,2023,2,323.39,313.79,336.11,301.07,67.2,normal
228,2023,3,301.07,52.6,142.5,211.17,67.2,normal
228,2023,4,211.17,112.3,217.88,105.59,67.2,normal
228,2023,5,105.59,181.45,108.32,178.72,67.2,normal
228,2023,6,178.72,595.63,424.69,349.66,67.2,normal
228,2023,7,349.66,198.14,212.75,335.05,67.2,normal
228,2023,8,335.05,387.92,374.07,348.9,67.2,normal
228,2023,9,348.9,204.5,422.86,130.54,67.2,normal
228,2023,10,130.54,222.19,415.4,0.0,67.2,stockout
228,2023,11,0.0,575.41,578.69,0.0,67.2,stockout
228,2023,12,0.0,112.19,110.53,1.66,67.2,understock
228,2024,1,1.66,274.57,275.61,0.62,67.2,understock
228,2024,2,0.62,490.37,446.12,44.87,67.2,understock
228,2024,3,44.87,444.66,279.96,209.57,67.2,normal
228,2024,4,209.57,326.56,318.22,217.91,67.2,normal
228,2024,5,217.91,296.33,262.9,251.34,67.2,normal
228,2024,6,251.34,0.0,0.0,225.41,67.2,normal
228,2024,7,225.41,935.25,927.87,232.79,67.2,normal
230,2021,2,717.97,145.59,231.97,631.59,166.69,normal
230,2021,3,631.59,1679.7,1667.86,643.43,166.69,normal
230,2021,4,643.43,0.0,0.0,568.68,166.69,normal
230,2021,5,568.68,57.64,0.0,566.57,166.69,normal
230,2021,6,566.57,0.0,0.0,491.01,166.69,normal
230,2021,7,491.01,0.0,0.0,436.42,166.69,normal
230,2021,8,436.42,0.0,0.0,403.46,166.69,normal
230,2021,9,403.46,57.66,0.0,424.28,166.69,normal
230,2021,10,424.28,0.0,0.0,375.14,166.69,normal
230,2021,11,375.14,61.04,0.0,410.6,166.69,normal
230,2021,12,410.6,0.0,0.0,356.1,166.69,normal
230,2022,1,356.1,63.04,0.0,395.35,166.69,normal
230,2022,2,395.35,0.0,0.0,353.56,166.69,normal
230,2022,3,353.56,818.49,812.87,359.18,166.69,normal
230,2022,4,359.18,1297.06,1755.84,0.0,166.69,stockout
230,2022,5,0.0,0.0,0.0,0.0,166.69,stockout
230,2022,6,0.0,0.0,0.0,0.0,166.69,stockout
230,2022,7,0.0,0.0,0.0,0.0,166.69,stockout
230,2022,8,0.0,0.0,0.0,0.0,166.69,stockout
230,2022,9,0.0,0.0,0.0,0.0,166.69,stockout
230,2022,10,0.0,0.0,0.0,0.0,166.69,stockout
230,2022,11,0.0,0.0,0.0,0.0,166.69,stockout
230,2022,12,0.0,0.0,0.0,0.0,166.69,stockout
230,2023,1,0.0,644.39,574.68,69.71,166.69,understock
230,2023,2,69.71,0.0,0.0,60.34,166.69,understock
230,2023,3,60.34,0.0,0.0,54.22,166.69,understock
230,2023,4,54.22,0.0,0.0,48.4,166.69,understock
230,2023,5,48.4,0.0,0.0,45.79,166.69,understock
230,2023,6,45.79,0.0,0.0,43.47,166.69,understock
230,2023,7,43.47,0.0,0.0,37.1,166.69,understock
230,2023,8,37.1,0.0,0.0,32.54,166.69,understock
230,2023,9,32.54,140.51,110.46,62.59,166.69,understock
230,2023,10,62.59,413.76,367.48,108.87,166.69,understock
230,2023,11,108.87,135.3,108.3,135.87,166.69,understock
230,2023,12,135.87,106.55,0.0,233.16,166.69,normal
230,2024,1,233.16,0.0,0.0,216.31,166.69,normal
230,2024,2,216.31,0.0,0.0,193.67,166.69,normal
230,2024,3,193.67,117.77,105.9,205.54,166.69,normal
230,2024,4,205.54,59.17,52.41,212.3,166.69,normal
230,2024,5,212.3,862.38,859.65,215.03,166.69,normal
230,2024,6,215.03,66.76,54.4,227.39,166.69,normal
232,2021,1,2156.07,2335.54,2001.16,2490.45,527.79,normal
232,2021,2,2490.45,4695.94,3442.14,3744.25,527.79,overstock
232,2021,3,3744.25,7881.58,5386.68,6239.15,527.79,overstock
232,2021,4,6239.15,3082.6,3536.07,5785.68,527.79,overstock
232,2021,5,5785.68,1203.93,1062.26,5927.35,527.79,overstock
232,2021,6,5927.35,4460.3,4072.22,6315.43,527.79,overstock
232,2021,7,6315.43,2894.22,5372.64,3837.01,527.79,overstock
232,2021,8,3837.01,2318.9,1483.69,4672.22,527.79,overstock
232,2021,9,4672.22,4537.52,4093.53,5116.21,527.79,overstock
232,2021,10,5116.21,1928.43,1865.52,5179.12,527.79,overstock
232,2021,11,5179.12,3494.79,2180.49,6493.42,527.79,overstock
232,2021,12,6493.42,2925.1,3066.23,6352.29,527.79,overstock
232,2022,1,6352.29,1590.16,1479.33,6463.12,527.79,overstock
232,2022,2,6463.12,2149.21,2470.95,6141.38,527.79,overstock
232,2022,3,6141.38,2224.58,2254.08,6111.88,527.79,overstock
232,2022,4,6111.88,1911.31,1932.89,6090.3,527.79,overstock
232,2022,5,6090.3,1407.81,3053.16,4444.95,527.79,overstock
232,2022,6,4444.95,2353.34,2517.75,4280.54,527.79,overstock
232,2022,7,4280.54,1144.11,3019.48,2405.17,527.79,normal
232,2022,8,2405.17,1895.9,1966.6,2334.47,527.79,normal
232,2022,9,2334.47,645.81,1228.06,1752.22,527.79,normal
232,2022,10,1752.22,1298.39,825.61,2225.0,527.79,normal
232,2022,11,2225.0,1605.44,1727.39,2103.05,527.79,normal
232,2022,12,2103.05,964.39,1299.29,1768.15,527.79,normal
232,2023,1,1768.15,1402.08,1453.82,1716.41,527.79,normal
232,2023,2,1716.41,2641.05,5179.89,0.0,527.79,stockout
232,2023,3,0.0,3598.58,3079.35,519.23,527.79,understock
232,2023,4,519.23,4341.84,3730.13,1130.94,527.79,normal
232,2023,5,1130.94,2584.37,1734.24,1981.07,527.79,normal
232,2023,6,1981.07,1367.1,1398.68,1949.49,527.79,normal
232,2023,7,1949.49,2827.42,2843.3,1933.61,527.79,normal
232,2023,8,1933.61,2879.4,2076.14,2736.87,527.79,normal
232,2023,9,2736.87,3285.16,2138.06,3883.97,527.79,overstock
232,2023,10,3883.97,458.41,1295.62,3046.76,527.79,normal
232,2023,11,3046.76,182.41,471.11,2758.06,527.79,normal
232,2023,12,2758.06,2472.35,1796.11,3434.3,527.79,normal
232,2024,1,3434.3,3018.67,2793.73,3659.24,527.79,overstock
232,2024,2,3659.24,617.97,926.32,3350.89,527.79,normal
232,2024,3,3350.89,778.79,674.01,3455.67,527.79,normal
232,2024,4,3455.67,709.16,1634.48,2530.35,527.79,normal
232,2024,5,2530.35,1532.28,2235.66,1826.97,527.79,normal
232,2024,6,1826.97,1442.37,1554.51,1714.83,527.79,normal
232,2024,7,1714.83,3568.29,2760.23,2522.89,527.79,normal
234,2021,1,1548.09,2261.79,2015.33,1794.55,494.61,normal
234,2021,2,1794.55,2109.97,2397.76,1506.76,494.61,normal
234,2021,3,1506.76,1654.0,1880.17,1280.59,494.61,normal
234,2021,4,1280.59,1740.65,1747.66,1273.58,494.61,normal
234,2021,5,1273.58,1854.06,1731.05,1396.59,494.61,normal
234,2021,6,1396.59,1523.47,2571.02,349.04,494.61,understock
234,2021,7,349.04,1469.23,1679.27,139.0,494.61,understock
234,2021,8,139.0,1034.25,672.48,500.77,494.61,normal
234,2021,9,500.77,2498.62,2306.21,693.18,494.61,normal
234,2021,10,693.18,1168.28,1758.05,103.41,494.61,understock
234,2021,11,103.41,807.38,1240.39,0.0,494.61,stockout
234,2021,12,0.0,1817.32,2010.75,0.0,494.61,stockout
234,2022,1,0.0,1096.21,1089.01,7.2,494.61,understock
234,2022,2,7.2,568.59,1232.15,0.0,494.61,stockout
234,2022,3,0.0,592.46,1092.32,0.0,494.61,stockout
234,2022,4,0.0,1254.14,1243.79,10.35,494.61,understock
234,2022,5,10.35,2417.06,2171.71,255.7,494.61,understock
234,2022,6,255.7,2395.39,2363.26,287.83,494.61,understock
234,2022,7,287.83,1336.35,2050.99,0.0,494.61,stockout
234,2022,8,0.0,944.05,973.4,0.0,494.61,stockout
234,2022,9,0.0,1346.42,1206.53,139.89,494.61,understock
234,2022,10,139.89,472.13,483.71,128.31,494.61,understock
234,2022,11,128.31,349.94,426.79,51.46,494.61,understock
234,2022,12,51.46,2161.42,2261.99,0.0,494.61,stockout
234,2023,1,0.0,1117.44,1135.7,0.0,494.61,stockout
234,2023,2,0.0,4836.09,2917.82,1918.27,494.61,normal
234,2023,3,1918.27,1127.15,1731.38,1314.04,494.61,normal
234,2023,4,1314.04,788.34,786.23,1316.15,494.61,normal
234,2023,5,1316.15,519.86,986.93,849.08,494.61,normal
234,2023,6,849.08,2005.14,1962.45,891.77,494.61,normal
234,2023,7,891.77,1354.68,2060.14,186.31,494.61,understock
234,2023,8,186.31,1483.36,1354.25,315.42,494.61,understock
234,2023,9,315.42,670.19,1225.78,0.0,494.61,stockout
234,2023,10,0.0,3024.22,2229.07,795.15,494.61,normal
234,2023,11,795.15,868.38,763.42,900.11,494.61,normal
234,2023,12,900.11,370.34,707.98,562.47,494.61,normal
234,2024,1,562.47,2456.7,2676.84,342.33,494.61,understock
234,2024,2,342.33,1988.18,2119.54,210.97,494.61,understock
234,2024,3,210.97,539.63,785.64,0.0,494.61,stockout
234,2024,4,0.0,235.89,540.81,0.0,494.61,stockout
234,2024,5,0.0,1715.6,1556.4,159.2,494.61,understock
234,2024,6,159.2,2007.56,1867.58,299.18,494.61,understock
234,2024,7,299.18,2455.58,2566.29,188.47,494.61,understock
235,2021,7,328.95,112.21,100.2,340.96,66.49,normal
235,2021,8,340.96,220.21,209.12,352.05,66.49,normal
235,2021,9,352.05,0.0,0.0,320.51,66.49,normal
235,2021,10,320.51,158.51,266.28,212.74,66.49,normal
235,2021,11,212.74,0.0,0.0,182.22,66.49,normal
235,2021,12,182.22,0.0,0.0,170.91,66.49,normal
235,2022,1,170.91,0.0,0.0,145.8,66.49,normal
235,2022,2,145.8,447.6,488.23,105.17,66.49,normal
235,2022,3,105.17,0.0,0.0,92.99,66.49,normal
235,2022,4,92.99,141.85,107.1,127.74,66.49,normal
235,2022,5,127.74,92.39,106.47,113.66,66.49,normal
235,2022,6,113.66,79.23,162.03,30.86,66.49,understock
235,2022,7,30.86,182.43,425.32,0.0,66.49,stockout
235,2022,8,0.0,0.0,0.0,0.0,66.49,stockout
235,2022,9,0.0,112.45,184.59,0.0,66.49,stockout
235,2022,10,0.0,258.91,265.22,0.0,66.49,stockout
235,2022,11,0.0,0.0,0.0,0.0,66.49,stockout
235,2022,12,0.0,0.0,0.0,0.0,66.49,stockout
235,2023,1,0.0,155.76,268.51,0.0,66.49,stockout
235,2023,2,0.0,336.68,214.26,122.42,66.49,normal
235,2023,3,122.42,175.84,195.98,102.28,66.49,normal
235,2023,4,102.28,0.0,0.0,87.88,66.49,normal
235,2023,5,87.88,261.69,269.25,80.32,66.49,normal
235,2023,6,80.32,280.35,267.84,92.83,66.49,normal
235,2023,7,92.83,1026.35,900.86,218.32,66.49,normal
235,2023,8,218.32,154.72,107.37,265.67,66.49,normal
235,2023,9,265.67,0.0,0.0,235.65,66.49,normal
235,2023,10,235.65,0.0,0.0,205.41,66.49,normal
235,2023,11,205.41,237.84,206.49,236.76,66.49,normal
235,2023,12,236.76,95.82,159.05,173.53,66.49,normal
235,2024,1,173.53,0.0,0.0,156.5,66.49,normal
235,2024,2,156.5,0.0,0.0,133.8,66.49,normal
235,2024,3,133.8,114.04,104.17,143.67,66.49,normal
235,2024,4,143.67,109.95,106.62,147.0,66.49,normal
235,2024,5,147.0,541.69,585.66,103.03,66.49,normal
235,2024,6,103.03,357.55,373.05,87.53,66.49,normal
235,2024,7,87.53,198.15,213.58,72.1,66.49,normal
236,2021,1,70.09,9.14,13.87,65.36,20.68,normal
236,2021,2,65.36,0.0,0.0,57.96,20.68,normal
236,2021,3,57.96,0.0,0.0,51.59,20.68,normal
236,2021,4,51.59,0.0,0.0,44.07,20.68,normal
236,2021,5,44.07,107.52,101.1,50.49,20.68,normal
236,2021,6,50.49,43.88,100.34,0.0,20.68,stockout
237,2021,1,1289.39,992.61,1660.17,621.83,244.43,normal
237,2021,2,621.83,1874.8,1895.02,601.61,244.43,normal
237,2021,3,601.61,475.82,520.63,556.8,244.43,normal
237,2021,4,556.8,737.98,782.46,512.32,244.43,normal
237,2021,5,512.32,2102.93,2022.6,592.65,244.43,normal
237,2021,6,592.65,147.23,0.0,706.57,244.43,normal
237,2021,7,706.57,260.59,262.39,704.77,244.43,normal
237,2021,8,704.77,0.0,0.0,607.65,244.43,normal
237,2021,9,607.65,0.0,0.0,518.95,244.43,normal
237,2021,10,518.95,1027.3,1031.33,514.92,244.43,normal
237,2021,11,514.92,141.15,105.78,550.29,244.43,normal
237,2021,12,550.29,1796.36,1306.76,1039.89,244.43,normal
237,2022,1,1039.89,1570.25,1364.9,1245.24,244.43,normal
237,2022,2,1245.24,1821.51,2503.91,562.84,244.43,normal
237,2022,3,562.84,412.11,1048.66,0.0,244.43,stockout
237,2022,4,0.0,1510.92,1451.84,59.08,244.43,understock
237,2022,5,59.08,2314.41,2243.62,129.87,244.43,understock
237,2022,6,129.87,117.34,0.0,238.42,244.43,understock
237,2022,7,238.42,226.38,0.0,438.59,244.43,normal
237,2022,8,438.59,0.0,0.0,402.83,244.43,normal
237,2022,9,402.83,0.0,0.0,373.14,244.43,normal
237,2022,10,373.14,89.91,0.0,414.63,244.43,normal
237,2022,11,414.63,630.24,1017.23,27.64,244.43,understock
237,2022,12,27.64,499.51,516.62,10.53,244.43,understock
237,2023,1,10.53,556.89,506.84,60.58,244.43,understock
237,2023,2,60.58,1908.34,1906.86,62.06,244.43,understock
237,2023,3,62.06,0.0,0.0,52.89,244.43,understock
237,2023,4,52.89,938.38,814.27,177.0,244.43,understock
237,2023,5,177.0,2853.0,2760.67,269.33,244.43,normal
237,2023,6,269.33,2941.35,1831.0,1379.68,244.43,normal
237,2023,7,1379.68,673.45,634.97,1418.16,244.43,normal
237,2023,8,1418.16,0.0,0.0,1273.56,244.43,normal
237,2023,9,1273.56,538.55,422.75,1389.36,244.43,normal
237,2023,10,1389.36,499.71,470.94,1418.13,244.43,normal
237,2023,11,1418.13,593.21,371.48,1639.86,244.43,normal
237,2023,12,1639.86,752.41,1393.94,998.33,244.43,normal
237,2024,1,998.33,613.95,567.38,1044.9,244.43,normal
237,2024,2,1044.9,0.0,0.0,943.36,244.43,normal
237,2024,3,943.36,126.42,102.1,967.68,244.43,normal
237,2024,4,967.68,1251.25,1154.21,1064.72,244.43,normal
237,2024,5,1064.72,1181.93,1988.01,258.64,244.43,normal
237,2024,6,258.64,1772.92,1606.17,425.39,244.43,normal
242,2022,8,310.57,303.16,322.0,291.73,87.2,normal
242,2022,9,291.73,664.64,658.58,297.79,87.2,normal
242,2022,10,297.79,0.0,0.0,282.71,87.2,normal
242,2022,11,282.71,0.0,0.0,260.5,87.2,normal
242,2022,12,260.5,0.0,0.0,246.85,87.2,normal
242,2023,1,246.85,289.36,367.61,168.6,87.2,normal
242,2023,2,168.6,0.0,0.0,152.22,87.2,normal
242,2023,3,152.22,40.43,0.0,176.66,87.2,normal
242,2023,4,176.66,334.87,325.32,186.21,87.2,normal
242,2023,5,186.21,50.38,0.0,216.53,87.2,normal
242,2023,6,216.53,0.0,0.0,192.78,87.2,normal
242,2023,7,192.78,0.0,0.0,174.86,87.2,normal
242,2023,8,174.86,7.79,10.24,172.41,87.2,normal
242,2023,9,172.41,0.0,2.53,169.88,87.2,normal
243,2021,1,4910.6,2748.23,4699.39,2959.44,1221.09,normal
243,2021,2,2959.44,8332.85,7896.57,3395.72,1221.09,normal
243,2021,3,3395.72,9897.92,10401.33,2892.31,1221.09,normal
243,2021,4,2892.31,8007.75,7110.49,3789.57,1221.09,normal
243,2021,5,3789.57,8464.67,6399.81,5854.43,1221.09,normal
243,2021,6,5854.43,7187.7,6091.31,6950.82,1221.09,normal
243,2021,7,6950.82,1330.69,2445.36,5836.15,1221.09,normal
243,2021,8,5836.15,4858.16,2948.35,7745.96,1221.09,overstock
243,2021,9,7745.96,3677.17,2668.45,8754.68,1221.09,overstock
243,2021,10,8754.68,5890.0,5351.86,9292.82,1221.09,overstock
243,2021,11,9292.82,8254.01,7503.87,10042.96,1221.09,overstock
243,2021,12,10042.96,12481.86,11566.12,10958.7,1221.09,overstock
243,2022,1,10958.7,3923.04,7941.09,6940.65,1221.09,normal
243,2022,2,6940.65,7576.5,7949.45,6567.7,1221.09,normal
243,2022,3,6567.7,7001.56,4913.87,8655.39,1221.09,overstock
243,2022,4,8655.39,3464.95,5414.72,6705.62,1221.09,normal
243,2022,5,6705.62,3538.52,5467.22,4776.92,1221.09,normal
243,2022,6,4776.92,1066.41,2904.69,2938.64,1221.09,normal
243,2022,7,2938.64,1987.24,1865.62,3060.26,1221.09,normal
243,2022,8,3060.26,110.39,724.79,2445.86,1221.09,normal
243,2022,9,2445.86,1640.26,1586.03,2500.09,1221.09,normal
243,2022,10,2500.09,216.77,104.7,2612.16,1221.09,normal
243,2022,11,2612.16,6593.78,4771.99,4433.95,1221.09,normal
243,2022,12,4433.95,8411.86,5851.54,6994.27,1221.09,normal
243,2023,1,6994.27,2322.55,2535.2,6781.62,1221.09,normal
243,2023,2,6781.62,4758.14,4818.21,6721.55,1221.09,normal
243,2023,3,6721.55,8765.5,7834.23,7652.82,1221.09,normal
243,2023,4,7652.82,12806.26,7931.9,12527.18,1221.09,overstock
243,2023,5,12527.18,10318.41,6640.75,16204.84,1221.09,overstock
243,2023,6,16204.84,6389.61,6208.69,16385.76,1221.09,overstock
243,2023,7,16385.76,4969.72,4731.79,16623.69,1221.09,overstock
243,2023,8,16623.69,5975.39,3521.32,19077.76,1221.09,overstock
243,2023,9,19077.76,1953.8,3139.81,17891.75,1221.09,overstock
243,2023,10,17891.75,2874.76,1905.5,18861.01,1221.09,overstock
243,2023,11,18861.01,2526.77,4898.42,16489.36,1221.09,overstock
243,2023,12,16489.36,6323.71,4615.87,18197.2,1221.09,overstock
243,2024,1,18197.2,7792.73,7027.0,18962.93,1221.09,overstock
243,2024,2,18962.93,4667.28,4924.97,18705.24,1221.09,overstock
243,2024,3,18705.24,6793.96,6114.26,19384.94,1221.09,overstock
243,2024,4,19384.94,4492.63,4086.77,19790.8,1221.09,overstock
243,2024,5,19790.8,9608.52,6081.73,23317.59,1221.09,overstock
243,2024,6,23317.59,7505.02,6593.37,24229.24,1221.09,overstock
243,2024,7,24229.24,3895.39,3332.65,24791.98,1221.09,overstock
246,2022,2,177.2,98.67,82.08,193.79,63.9,normal
246,2022,3,193.79,417.03,424.04,186.78,63.9,normal
246,2022,4,186.78,0.0,0.0,171.87,63.9,normal
246,2022,5,171.87,0.0,0.0,156.52,63.9,normal
246,2022,6,156.52,10.68,0.0,150.86,63.9,normal
246,2022,7,150.86,0.0,0.0,137.75,63.9,normal
246,2022,8,137.75,0.0,0.0,126.12,63.9,normal
246,2022,9,126.12,0.0,0.0,114.26,63.9,normal
246,2022,10,114.26,0.0,0.0,102.77,63.9,normal
246,2022,11,102.77,0.0,0.0,96.21,63.9,normal
246,2022,12,96.21,0.0,0.0,88.99,63.9,normal
246,2023,1,88.99,30.93,0.0,110.17,63.9,normal
246,2023,2,110.17,0.0,0.0,100.01,63.9,normal
246,2023,3,100.01,0.0,0.0,93.05,63.9,normal
246,2023,4,93.05,0.0,0.0,82.36,63.9,normal
246,2023,5,82.36,0.0,0.0,74.47,63.9,normal
246,2023,6,74.47,0.0,0.0,65.15,63.9,normal
246,2023,7,65.15,0.0,0.0,59.8,63.9,understock
246,2023,8,59.8,0.0,0.0,50.86,63.9,understock
246,2023,9,50.86,0.0,0.0,43.63,63.9,understock
246,2023,10,43.63,0.0,0.0,41.21,63.9,understock
246,2023,11,41.21,0.0,0.0,37.42,63.9,understock
246,2023,12,37.42,0.0,0.0,35.55,63.9,understock
246,2024,1,35.55,0.0,0.0,30.77,63.9,understock
246,2024,2,30.77,54.61,114.68,0.0,63.9,stockout
247,2021,11,1069.05,1234.06,1243.7,1059.41,329.06,normal
248,2024,6,146.94,51.71,106.55,92.1,33.9,normal
248,2024,7,92.1,158.02,158.05,92.07,33.9,normal
249,2021,1,3884.11,3181.28,1913.63,5151.76,1109.99,normal
249,2021,2,5151.76,5308.51,4631.43,5828.84,1109.99,overstock
249,2021,3,5828.84,2097.4,4255.44,3670.8,1109.99,normal
249,2021,4,3670.8,6521.42,4869.1,5323.12,1109.99,normal
249,2021,5,5323.12,2938.48,5499.6,2762.0,1109.99,normal
249,2021,6,2762.0,6330.87,5774.76,3318.11,1109.99,normal
249,2021,7,3318.11,5229.09,5440.9,3106.3,1109.99,normal
249,2021,8,3106.3,5807.58,6222.7,2691.18,1109.99,normal
249,2021,9,2691.18,4248.1,8865.86,0.0,1109.99,stockout
249,2021,10,0.0,6569.11,4033.92,2535.19,1109.99,normal
249,2021,11,2535.19,1202.25,1240.52,2496.92,1109.99,normal
249,2021,12,2496.92,3146.1,3246.81,2396.21,1109.99,normal
249,2022,1,2396.21,3158.49,2850.48,2704.22,1109.99,normal
249,2022,2,2704.22,4458.61,4965.42,2197.41,1109.99,normal
249,2022,3,2197.41,4771.71,3453.14,3515.98,1109.99,normal
249,2022,4,3515.98,3796.78,3207.38,4105.38,1109.99,normal
249,2022,5,4105.38,6822.2,6093.56,4834.02,1109.99,normal
249,2022,6,4834.02,7230.48,7059.79,5004.71,1109.99,normal
249,2022,7,5004.71,2257.68,3129.68,4132.71,1109.99,normal
249,2022,8,4132.71,3878.43,3965.05,4046.09,1109.99,normal
249,2022,9,4046.09,4422.78,4564.92,3903.95,1109.99,normal
249,2022,10,3903.95,1468.54,3163.48,2209.01,1109.99,normal
249,2022,11,2209.01,2429.4,2297.66,2340.75,1109.99,normal
249,2022,12,2340.75,1158.1,2350.82,1148.03,1109.99,normal
249,2023,1,1148.03,3858.93,4337.6,669.36,1109.99,understock
249,2023,2,669.36,2557.14,2844.91,381.59,1109.99,understock
249,2023,3,381.59,12237.89,7303.32,5316.16,1109.99,normal
249,2023,4,5316.16,3398.08,3418.4,5295.84,1109.99,normal
249,2023,5,5295.84,3869.53,2885.2,6280.17,1109.99,overstock
249,2023,6,6280.17,3614.91,2468.01,7427.07,1109.99,overstock
249,2023,7,7427.07,2025.58,4146.03,5306.62,1109.99,normal
249,2023,8,5306.62,3469.27,3010.44,5765.45,1109.99,overstock
249,2023,9,5765.45,3729.98,2174.86,7320.57,1109.99,overstock
249,2023,10,7320.57,1220.79,1187.0,7354.36,1109.99,overstock
249,2023,11,7354.36,2711.82,2662.2,7403.98,1109.99,overstock
249,2023,12,7403.98,5582.83,8213.84,4772.97,1109.99,normal
249,2024,1,4772.97,1015.77,1161.4,4627.34,1109.99,normal
249,2024,2,4627.34,3285.99,3171.9,4741.43,1109.99,normal
249,2024,3,4741.43,753.3,983.1,4511.63,1109.99,normal
249,2024,4,4511.63,669.98,708.9,4472.71,1109.99,normal
249,2024,5,4472.71,0.0,0.0,4168.49,1109.99,normal
249,2024,6,4168.49,855.0,635.0,4388.49,1109.99,normal
249,2024,7,4388.49,200.58,301.1,4287.97,1109.99,normal
250,2021,1,227.29,196.38,417.82,5.85,67.93,understock
250,2021,2,5.85,514.07,529.18,0.0,67.93,stockout
250,2021,3,0.0,355.71,315.48,40.23,67.93,understock
250,2021,4,40.23,26.4,0.0,60.89,67.93,understock
250,2021,5,60.89,61.5,55.44,66.95,67.93,understock
250,2021,6,66.95,350.79,315.58,102.16,67.93,normal
250,2021,7,102.16,364.51,619.17,0.0,67.93,stockout
250,2021,8,0.0,0.0,0.0,0.0,67.93,stockout
250,2021,9,0.0,235.21,156.72,78.49,67.93,normal
250,2021,10,78.49,53.1,51.39,80.2,67.93,normal
250,2021,11,80.2,30.12,52.7,57.62,67.93,understock
250,2021,12,57.62,0.0,0.0,50.45,67.93,understock
250,2022,1,50.45,0.0,0.0,45.79,67.93,understock
250,2022,2,45.79,480.52,433.42,92.89,67.93,normal
250,2022,3,92.89,604.55,585.76,111.68,67.93,normal
250,2022,4,111.68,254.25,384.44,0.0,67.93,stockout
250,2022,5,0.0,0.0,0.0,0.0,67.93,stockout
250,2022,6,0.0,315.22,274.6,40.62,67.93,understock
250,2022,7,40.62,336.52,220.16,156.98,67.93,normal
250,2022,8,156.98,0.0,0.0,136.49,67.93,normal
250,2022,9,136.49,241.16,166.1,211.55,67.93,normal
250,2022,10,211.55,138.72,257.19,93.08,67.93,normal
250,2022,11,93.08,202.46,403.5,0.0,67.93,stockout
250,2022,12,0.0,96.84,157.06,0.0,67.93,stockout
250,2023,1,0.0,146.72,151.78,0.0,67.93,stockout
250,2023,2,0.0,592.15,506.6,85.55,67.93,normal
250,2023,3,85.55,144.79,206.9,23.44,67.93,understock
250,2023,4,23.44,0.0,0.0,21.04,67.93,understock
250,2023,5,21.04,0.0,0.0,19.46,67.93,understock
250,2023,6,19.46,0.0,0.0,18.25,67.93,understock
250,2023,7,18.25,0.0,0.0,17.34,67.93,understock
250,2023,8,17.34,53.97,0.0,70.02,67.93,normal
250,2023,9,70.02,57.55,113.7,13.87,67.93,understock
250,2023,10,13.87,0.0,0.0,12.96,67.93,understock
250,2023,11,12.96,0.0,0.0,11.53,67.93,understock
250,2023,12,11.53,0.0,0.0,10.07,67.93,understock
250,2024,1,10.07,0.0,0.0,8.99,67.93,understock
250,2024,2,8.99,110.8,107.03,12.76,67.93,understock
250,2024,3,12.76,0.0,0.0,11.36,67.93,understock
250,2024,4,11.36,0.0,0.0,10.25,67.93,understock
250,2024,5,10.25,147.71,107.29,50.67,67.93,understock
251,2021,2,145.94,239.14,345.35,39.73,57.14,understock
251,2021,3,39.73,172.38,166.27,45.84,57.14,understock
251,2021,4,45.84,0.0,0.0,40.64,57.14,understock
251,2021,5,40.64,0.0,0.0,37.75,57.14,understock
251,2021,6,37.75,118.74,115.19,41.3,57.14,understock
251,2021,7,41.3,163.36,293.97,0.0,57.14,stockout
251,2021,8,0.0,0.0,0.0,0.0,57.14,stockout
251,2021,9,0.0,83.21,57.15,26.06,57.14,understock
251,2021,10,26.06,0.0,0.0,23.37,57.14,understock
251,2021,11,23.37,0.0,0.0,20.8,57.14,understock
251,2021,12,20.8,0.0,0.0,18.97,57.14,understock
251,2022,1,18.97,0.0,0.0,16.18,57.14,understock
251,2022,2,16.18,0.0,0.0,13.88,57.14,understock
251,2022,3,13.88,0.0,0.0,12.36,57.14,understock
251,2022,4,12.36,243.14,226.18,29.32,57.14,understock
251,2022,5,29.32,0.0,0.0,26.09,57.14,understock
251,2022,6,26.09,352.73,340.52,38.3,57.14,understock
251,2022,7,38.3,238.3,226.19,50.41,57.14,understock
251,2022,8,50.41,0.0,0.0,47.46,57.14,understock
251,2022,9,47.46,51.18,56.3,42.34,57.14,understock
251,2022,10,42.34,0.0,0.0,38.75,57.14,understock
251,2022,11,38.75,277.91,167.97,148.69,57.14,normal
251,2022,12,148.69,0.0,0.0,136.38,57.14,normal
251,2023,1,136.38,12.43,56.22,92.59,57.14,normal
251,2023,2,92.59,290.07,223.58,159.08,57.14,normal
251,2023,3,159.08,0.0,0.0,139.34,57.14,normal
251,2023,4,139.34,0.0,0.0,131.18,57.14,normal
251,2023,5,131.18,0.0,0.0,117.83,57.14,normal
251,2023,6,117.83,0.0,0.0,109.15,57.14,normal
251,2023,7,109.15,53.8,55.92,107.03,57.14,normal
251,2023,8,107.03,0.0,0.0,96.27,57.14,normal
251,2023,9,96.27,74.34,168.5,2.11,57.14,understock
251,2023,10,2.11,0.0,0.0,1.98,57.14,understock
251,2023,11,1.98,102.83,113.05,0.0,57.14,stockout
251,2023,12,0.0,320.8,230.47,90.33,57.14,normal
251,2024,1,90.33,0.0,0.0,85.45,57.14,normal
251,2024,2,85.45,49.92,57.0,78.37,57.14,normal
251,2024,3,78.37,0.0,0.0,73.62,57.14,normal
251,2024,4,73.62,263.49,280.5,56.61,57.14,understock
251,2024,5,56.61,90.2,110.96,35.85,57.14,understock
251,2024,6,35.85,0.0,0.0,31.8,57.14,understock
251,2024,7,31.8,174.41,166.83,39.38,57.14,understock
252,2021,5,212.51,255.31,225.84,241.98,70.84,normal
257,2021,2,994.2,992.83,1050.9,936.13,303.09,normal
257,2021,3,936.13,987.83,870.54,1053.42,303.09,normal
257,2021,4,1053.42,47.14,0.0,946.37,303.09,normal
257,2021,5,946.37,0.0,0.0,841.97,303.09,normal
257,2021,6,841.97,137.16,0.0,858.51,303.09,normal
257,2021,7,858.51,0.0,0.0,804.76,303.09,normal
257,2021,8,804.76,0.0,0.0,702.85,303.09,normal
257,2021,9,702.85,0.0,0.0,605.87,303.09,normal
257,2021,10,605.87,0.0,0.0,521.09,303.09,normal
257,2021,11,521.09,0.0,0.0,488.19,303.09,normal
257,2021,12,488.19,0.0,0.0,453.93,303.09,normal
257,2022,1,453.93,897.27,511.99,839.21,303.09,normal
257,2022,2,839.21,0.0,0.0,771.99,303.09,normal
257,2022,3,771.99,0.0,0.0,674.99,303.09,normal
257,2022,4,674.99,0.0,0.0,626.0,303.09,normal
257,2022,5,626.0,0.0,0.0,592.18,303.09,normal
257,2022,6,592.18,0.0,0.0,534.82,303.09,normal
257,2022,7,534.82,177.85,0.0,674.75,303.09,normal
257,2022,8,674.75,72.44,0.0,661.56,303.09,normal
257,2022,9,661.56,0.0,0.0,591.08,303.09,normal
257,2022,10,591.08,49.63,0.0,584.8,303.09,normal
257,2022,11,584.8,0.0,0.0,503.79,303.09,normal
257,2022,12,503.79,117.62,0.0,550.21,303.09,normal
257,2023,1,550.21,0.0,0.0,477.06,303.09,normal
257,2023,2,477.06,171.2,0.0,588.56,303.09,normal
257,2023,3,588.56,0.0,0.0,519.31,303.09,normal
257,2023,4,519.31,995.87,899.44,615.74,303.09,normal
257,2023,5,615.74,1383.85,2121.31,0.0,303.09,stockout
257,2023,6,0.0,0.0,0.0,0.0,303.09,stockout
257,2023,7,0.0,135.77,212.8,0.0,303.09,stockout
257,2023,8,0.0,598.2,630.11,0.0,303.09,stockout
258,2021,8,151.38,272.97,361.36,62.99,46.9,normal
258,2021,9,62.99,0.0,0.0,54.36,46.9,normal
258,2021,10,54.36,206.53,183.42,77.47,46.9,normal
258,2021,11,77.47,0.0,0.0,71.07,46.9,normal
258,2021,12,71.07,0.0,0.0,64.72,46.9,normal
258,2022,1,64.72,71.66,135.1,1.28,46.9,understock
258,2022,2,1.28,23.71,21.2,3.79,46.9,understock
258,2022,3,3.79,0.0,0.0,3.54,46.9,understock
258,2022,4,3.54,101.41,100.93,4.02,46.9,understock
258,2022,5,4.02,8.25,7.95,4.32,46.9,understock
262,2021,3,1557.91,996.53,921.54,1632.9,398.53,normal
262,2021,4,1632.9,37.27,135.55,1534.62,398.53,normal
262,2021,5,1534.62,0.0,0.0,1452.0,398.53,normal
262,2021,6,1452.0,1359.86,1185.5,1626.36,398.53,normal
262,2021,7,1626.36,4930.94,3177.84,3379.46,398.53,overstock
262,2021,8,3379.46,1599.22,2362.4,2616.28,398.53,overstock
262,2021,9,2616.28,2472.17,2435.05,2653.4,398.53,overstock
262,2021,10,2653.4,1585.97,1024.52,3214.85,398.53,overstock
262,2021,11,3214.85,0.0,0.0,2920.0,398.53,overstock
262,2021,12,2920.0,431.85,313.6,3038.25,398.53,overstock
262,2022,1,3038.25,1400.15,969.75,3468.65,398.53,overstock
262,2022,2,3468.65,0.0,0.0,2997.66,398.53,overstock
262,2022,3,2997.66,130.85,133.11,2995.4,398.53,overstock
262,2022,4,2995.4,130.26,0.0,2742.23,398.53,overstock
262,2022,5,2742.23,560.48,606.62,2696.09,398.53,overstock
262,2022,6,2696.09,4577.03,3212.41,4060.71,398.53,overstock
262,2022,7,4060.71,3926.59,2577.98,5409.32,398.53,overstock
262,2022,8,5409.32,3443.07,2618.97,6233.42,398.53,overstock
262,2022,9,6233.42,217.47,0.0,5963.55,398.53,overstock
262,2022,10,5963.55,0.0,0.0,5641.9,398.53,overstock
262,2022,11,5641.9,228.62,0.0,5512.58,398.53,overstock
262,2022,12,5512.58,0.0,0.0,4902.95,398.53,overstock
262,2023,1,4902.95,0.0,0.0,4644.51,398.53,overstock
262,2023,2,4644.51,0.0,0.0,4407.4,398.53,overstock
262,2023,3,4407.4,748.15,975.44,4180.11,398.53,overstock
262,2023,4,4180.11,566.3,668.25,4078.16,398.53,overstock
262,2023,5,4078.16,3090.3,1837.03,5331.43,398.53,overstock
262,2023,6,5331.43,0.0,0.0,4551.94,398.53,overstock
262,2023,7,4551.94,0.0,0.0,4118.22,398.53,overstock
262,2023,8,4118.22,0.0,0.0,3517.42,398.53,overstock
262,2023,9,3517.42,188.45,0.0,3430.61,398.53,overstock
262,2023,10,3430.61,0.0,0.0,3120.15,398.53,overstock
262,2023,11,3120.15,0.0,0.0,2946.99,398.53,overstock
262,2023,12,2946.99,0.0,0.0,2775.31,398.53,overstock
262,2024,1,2775.31,0.0,0.0,2514.55,398.53,overstock
262,2024,2,2514.55,0.0,0.0,2323.75,398.53,overstock
262,2024,3,2323.75,0.0,0.0,2187.35,398.53,overstock
262,2024,4,2187.35,841.8,793.96,2235.19,398.53,overstock
262,2024,5,2235.19,2310.38,1586.82,2958.75,398.53,overstock
262,2024,6,2958.75,887.24,799.14,3046.85,398.53,overstock
262,2024,7,3046.85,730.21,556.25,3220.81,398.53,overstock
269,2021,1,9357.52,8110.23,12341.42,5126.33,2178.72,normal
269,2021,2,5126.33,20432.58,14055.08,11503.83,2178.72,normal
269,2021,3,11503.83,15808.65,16113.98,11198.5,2178.72,normal
269,2021,4,11198.5,25405.49,15059.53,21544.46,2178.72,overstock
269,2021,5,21544.46,9090.15,8785.45,21849.16,2178.72,overstock
269,2021,6,21849.16,9868.53,16398.42,15319.27,2178.72,overstock
269,2021,7,15319.27,16590.16,16822.35,15087.08,2178.72,overstock
269,2021,8,15087.08,10239.31,10181.58,15144.81,2178.72,overstock
269,2021,9,15144.81,15281.67,24707.19,5719.29,2178.72,normal
269,2021,10,5719.29,8189.78,7617.09,6291.98,2178.72,normal
269,2021,11,6291.98,15711.26,16482.16,5521.08,2178.72,normal
269,2021,12,5521.08,19927.29,19511.61,5936.76,2178.72,normal
269,2022,1,5936.76,11460.49,7391.99,10005.26,2178.72,normal
269,2022,2,10005.26,12701.64,9154.98,13551.92,2178.72,normal
269,2022,3,13551.92,3041.13,4585.68,12007.37,2178.72,normal
269,2022,4,12007.37,9884.01,11378.19,10513.19,2178.72,normal
269,2022,5,10513.19,17357.79,12596.53,15274.45,2178.72,overstock
269,2022,6,15274.45,9010.01,5474.82,18809.64,2178.72,overstock
269,2022,7,18809.64,14223.69,8635.48,24397.85,2178.72,overstock
269,2022,8,24397.85,4270.91,3811.89,24856.87,2178.72,overstock
269,2022,9,24856.87,5057.9,4596.96,25317.81,2178.72,overstock
269,2022,10,25317.81,2155.97,2835.53,24638.25,2178.72,overstock
269,2022,11,24638.25,2948.61,3210.01,24376.85,2178.72,overstock
269,2022,12,24376.85,1822.74,2304.19,23895.4,2178.72,overstock
269,2023,1,23895.4,3036.93,4862.58,22069.75,2178.72,overstock
269,2023,2,22069.75,8324.86,7583.46,22811.15,2178.72,overstock
269,2023,3,22811.15,6074.55,5289.56,23596.14,2178.72,overstock
269,2023,4,23596.14,11641.25,11312.3,23925.09,2178.72,overstock
269,2023,5,23925.09,13442.2,10101.85,27265.44,2178.72,overstock
269,2023,6,27265.44,14440.14,9811.33,31894.25,2178.72,overstock
269,2023,7,31894.25,15297.24,11580.07,35611.42,2178.72,overstock
269,2023,8,35611.42,12894.41,12838.83,35667.0,2178.72,overstock
269,2023,9,35667.0,6881.66,6461.14,36087.52,2178.72,overstock
269,2023,10,36087.52,5631.66,5433.07,36286.11,2178.72,overstock
269,2023,11,36286.11,1311.44,1520.89,36076.66,2178.72,overstock
269,2023,12,36076.66,3640.73,3454.37,36263.02,2178.72,overstock
269,2024,1,36263.02,5046.9,4834.86,36475.06,2178.72,overstock
269,2024,2,36475.06,11176.41,6590.23,41061.24,2178.72,overstock
269,2024,3,41061.24,3666.45,4318.84,40408.85,2178.72,overstock
269,2024,4,40408.85,3346.67,9463.81,34291.71,2178.72,overstock
269,2024,5,34291.71,3381.45,5436.16,32237.0,2178.72,overstock
269,2024,6,32237.0,7443.36,6864.51,32815.85,2178.72,overstock
269,2024,7,32815.85,6423.88,10760.12,28479.61,2178.72,overstock
270,2021,2,362.08,340.13,546.32,155.89,138.12,normal
270,2021,3,155.89,0.0,0.0,140.7,138.12,normal
270,2021,4,140.7,0.0,0.0,125.51,138.12,understock
270,2021,5,125.51,0.0,0.0,112.09,138.12,understock
270,2021,6,112.09,0.0,0.0,100.67,138.12,understock
270,2021,7,100.67,33.7,0.0,124.38,138.12,understock
270,2021,8,124.38,0.0,0.0,115.9,138.12,understock
270,2021,9,115.9,0.0,0.0,106.36,138.12,understock
270,2021,10,106.36,0.0,0.0,96.11,138.12,understock
270,2021,11,96.11,75.05,0.0,158.02,138.12,normal
270,2021,12,158.02,0.0,0.0,148.44,138.12,normal
270,2022,1,148.44,0.0,0.0,129.02,138.12,understock
270,2022,2,129.02,0.0,0.0,121.1,138.12,understock
270,2022,3,121.1,0.0,0.0,104.94,138.12,understock
270,2022,4,104.94,0.0,0.0,92.91,138.12,understock
270,2022,5,92.91,0.0,0.0,83.35,138.12,understock
270,2022,6,83.35,57.87,0.0,136.37,138.12,understock
270,2022,7,136.37,0.0,0.0,125.56,138.12,understock
270,2022,8,125.56,0.0,0.0,117.61,138.12,understock
270,2022,9,117.61,0.0,0.0,102.38,138.12,understock
270,2022,10,102.38,0.0,0.0,96.19,138.12,understock
270,2022,11,96.19,72.04,0.0,158.34,138.12,normal
270,2022,12,158.34,0.0,0.0,148.73,138.12,normal
270,2023,1,148.73,0.0,0.0,128.38,138.12,understock
270,2023,2,128.38,0.0,0.0,113.92,138.12,understock
270,2023,3,113.92,26.53,0.0,134.19,138.12,understock
270,2023,4,134.19,0.0,0.0,125.66,138.12,understock
270,2023,5,125.66,0.0,0.0,114.54,138.12,understock
270,2023,6,114.54,0.0,0.0,101.82,138.12,understock
270,2023,7,101.82,410.16,247.22,264.76,138.12,normal
271,2021,2,383.89,678.6,648.7,413.79,71.28,normal
271,2021,3,413.79,1438.3,1105.32,746.77,71.28,overstock
271,2021,4,746.77,379.25,572.66,553.36,71.28,overstock
271,2021,5,553.36,58.62,108.0,503.98,71.28,overstock
271,2021,6,503.98,152.94,207.26,449.66,71.28,normal
271,2021,7,449.66,165.53,158.68,456.51,71.28,normal
271,2021,8,456.51,668.74,427.26,697.99,71.28,overstock
271,2021,9,697.99,274.78,270.71,702.06,71.28,overstock
271,2021,10,702.06,677.57,433.68,945.95,71.28,overstock
271,2021,11,945.95,290.4,270.85,965.5,71.28,overstock
271,2021,12,965.5,127.49,111.8,981.19,71.28,overstock
271,2022,1,981.19,0.0,0.0,861.94,71.28,overstock
271,2022,2,861.94,577.02,600.39,838.57,71.28,overstock
271,2022,3,838.57,116.27,108.34,846.5,71.28,overstock
271,2022,4,846.5,1442.38,873.7,1415.18,71.28,overstock
271,2022,5,1415.18,336.13,329.01,1422.3,71.28,overstock
271,2022,6,1422.3,359.61,261.22,1520.69,71.28,overstock
271,2022,7,1520.69,544.53,493.72,1571.5,71.28,overstock
271,2022,8,1571.5,96.8,196.56,1471.74,71.28,overstock
271,2022,9,1471.74,655.38,576.3,1550.82,71.28,overstock
271,2022,10,1550.82,738.3,658.54,1630.58,71.28,overstock
271,2022,11,1630.58,43.68,53.1,1621.16,71.28,overstock
271,2022,12,1621.16,67.17,109.62,1578.71,71.28,overstock
271,2023,1,1578.71,161.78,158.85,1581.64,71.28,overstock
271,2023,2,1581.64,144.46,155.16,1570.94,71.28,overstock
271,2023,3,1570.94,415.16,621.07,1365.03,71.28,overstock
271,2023,4,1365.03,247.54,525.61,1086.96,71.28,overstock
271,2023,5,1086.96,52.68,0.0,1017.29,71.28,overstock
271,2023,6,1017.29,61.45,108.98,969.76,71.28,overstock
271,2023,7,969.76,299.66,315.02,954.4,71.28,overstock
271,2023,8,954.4,102.37,106.33,950.44,71.28,overstock
271,2023,9,950.44,252.5,224.72,978.22,71.28,overstock
271,2023,10,978.22,41.01,55.23,964.0,71.28,overstock
271,2023,11,964.0,227.02,164.36,1026.66,71.28,overstock
271,2023,12,1026.66,202.42,277.39,951.69,71.28,overstock
271,2024,1,951.69,111.22,109.44,953.47,71.28,overstock
271,2024,2,953.47,290.7,273.29,970.88,71.28,overstock
271,2024,3,970.88,45.61,55.98,960.51,71.28,overstock
271,2024,4,960.51,0.0,0.0,824.61,71.28,overstock
271,2024,5,824.61,0.0,0.0,771.49,71.28,overstock
271,2024,6,771.49,143.18,270.1,644.57,71.28,overstock
271,2024,7,644.57,534.77,493.17,686.17,71.28,overstock
274,2021,5,300.74,211.59,207.34,304.99,73.83,normal
274,2021,6,304.99,0.0,0.0,280.75,73.83,normal
274,2021,7,280.75,0.0,0.0,250.86,73.83,normal
274,2021,8,250.86,0.0,0.0,215.36,73.83,normal
274,2021,9,215.36,0.0,0.0,185.3,73.83,normal
274,2021,10,185.3,37.93,0.0,197.16,73.83,normal
274,2021,11,197.16,0.0,0.0,168.21,73.83,normal
274,2021,12,168.21,0.0,0.0,143.89,73.83,normal
274,2022,1,143.89,0.0,0.0,132.36,73.83,normal
274,2022,2,132.36,0.0,0.0,121.72,73.83,normal
274,2022,3,121.72,18.28,0.0,132.64,73.83,normal
274,2022,4,132.64,0.0,0.0,115.46,73.83,normal
274,2022,5,115.46,17.76,0.0,120.02,73.83,normal
274,2022,6,120.02,280.22,303.5,96.74,73.83,normal
280,2021,1,117.57,136.25,93.55,160.27,20.97,overstock
280,2021,2,160.27,67.52,96.6,131.19,20.97,normal
280,2021,3,131.19,80.34,163.23,48.3,20.97,normal
280,2021,4,48.3,0.0,0.0,43.13,20.97,normal
280,2021,5,43.13,0.0,0.0,36.7,20.97,normal
280,2021,6,36.7,0.0,0.0,32.33,20.97,normal
280,2021,7,32.33,0.0,0.0,27.55,20.97,normal
280,2021,8,27.55,0.0,0.0,24.28,20.97,normal
280,2021,9,24.28,0.0,0.0,21.13,20.97,normal
280,2021,10,21.13,15.57,0.0,33.72,20.97,normal
280,2021,11,33.72,18.89,19.32,33.29,20.97,normal
281,2021,1,329.97,552.1,505.09,376.98,85.67,normal
281,2021,2,376.98,108.73,224.85,260.86,85.67,normal
281,2021,3,260.86,371.99,382.35,250.5,85.67,normal
281,2021,4,250.5,0.0,0.0,231.53,85.67,normal
281,2021,5,231.53,0.0,0.0,219.3,85.67,normal
281,2021,6,219.3,742.35,695.9,265.75,85.67,normal
281,2021,7,265.75,899.03,806.91,357.87,85.67,normal
281,2021,8,357.87,764.52,740.07,382.32,85.67,normal
281,2021,9,382.32,1077.91,1194.7,265.53,85.67,normal
281,2021,10,265.53,469.08,273.49,461.12,85.67,normal
281,2021,11,461.12,27.4,26.12,462.4,85.67,normal
281,2021,12,462.4,205.74,136.55,531.59,85.67,overstock
281,2022,1,531.59,105.37,246.45,390.51,85.67,normal
281,2022,2,390.51,79.15,90.3,379.36,85.67,normal
281,2022,3,379.36,0.0,0.0,346.04,85.67,normal
281,2022,4,346.04,49.06,49.5,345.6,85.67,normal
281,2022,5,345.6,47.34,49.2,343.74,85.67,normal
281,2022,6,343.74,0.0,0.0,298.34,85.67,normal
281,2022,7,298.34,730.88,788.9,240.32,85.67,normal
281,2022,8,240.32,315.97,283.27,273.02,85.67,normal
281,2022,9,273.02,48.75,52.2,269.57,85.67,normal
281,2022,10,269.57,0.0,0.0,238.91,85.67,normal
281,2022,11,238.91,33.76,0.0,247.95,85.67,normal
281,2022,12,247.95,79.07,49.5,277.52,85.67,normal
281,2023,1,277.52,0.0,0.0,251.65,85.67,normal
281,2023,2,251.65,0.0,0.0,224.08,85.67,normal
281,2023,3,224.08,0.0,0.0,203.67,85.67,normal
281,2023,4,203.67,0.0,0.0,180.65,85.67,normal
281,2023,5,180.65,0.0,0.0,169.01,85.67,normal
281,2023,6,169.01,17.0,0.0,162.8,85.67,normal
281,2023,7,162.8,0.0,0.0,151.22,85.67,normal
281,2023,8,151.22,0.0,0.0,138.82,85.67,normal
281,2023,9,138.82,43.7,49.2,133.32,85.67,normal
281,2023,10,133.32,0.0,0.0,124.74,85.67,normal
281,2023,11,124.74,17.16,0.0,128.35,85.67,normal
281,2023,12,128.35,0.0,0.0,115.28,85.67,normal
281,2024,1,115.28,36.73,0.0,137.97,85.67,normal
281,2024,2,137.97,0.0,0.0,120.97,85.67,normal
281,2024,3,120.97,64.78,49.59,136.16,85.67,normal
281,2024,4,136.16,0.0,0.0,126.48,85.67,normal
281,2024,5,126.48,48.68,48.87,126.29,85.67,normal
281,2024,6,126.29,348.72,301.81,173.2,85.67,normal
281,2024,7,173.2,210.83,403.88,0.0,85.67,stockout
285,2024,5,38.59,58.72,39.4,57.91,11.58,normal
286,2021,1,938.73,2040.37,1231.17,1747.93,236.55,overstock
286,2021,2,1747.93,695.33,1232.66,1210.6,236.55,normal
286,2021,3,1210.6,566.67,550.54,1226.73,236.55,normal
286,2021,4,1226.73,0.0,0.0,1048.58,236.55,normal
286,2021,5,1048.58,850.73,808.42,1090.89,236.55,normal
286,2021,6,1090.89,106.55,136.58,1060.86,236.55,normal
286,2021,7,1060.86,0.0,0.0,960.41,236.55,normal
286,2021,8,960.41,0.0,4.46,955.95,236.55,normal
286,2021,9,955.95,0.0,0.0,869.31,236.55,normal
286,2021,10,869.31,2115.79,1326.41,1658.69,236.55,overstock
286,2021,11,1658.69,171.36,0.0,1636.58,236.55,overstock
286,2021,12,1636.58,0.0,0.0,1458.88,236.55,overstock
286,2022,1,1458.88,1876.33,1703.54,1631.67,236.55,overstock
286,2022,2,1631.67,1153.4,1065.91,1719.16,236.55,overstock
286,2022,3,1719.16,1259.26,2020.28,958.14,236.55,normal
286,2022,4,958.14,956.6,1351.3,563.44,236.55,normal
286,2022,5,563.44,195.08,183.15,575.37,236.55,normal
286,2022,6,575.37,167.67,179.7,563.34,236.55,normal
286,2022,7,563.34,0.0,0.0,519.33,236.55,normal
286,2022,8,519.33,0.0,0.0,481.19,236.55,normal
286,2022,9,481.19,157.69,0.0,568.36,236.55,normal
286,2022,10,568.36,0.0,0.0,520.7,236.55,normal
286,2022,11,520.7,2041.12,1891.31,670.51,236.55,normal
286,2022,12,670.51,246.06,172.81,743.76,236.55,normal
286,2023,1,743.76,268.05,676.63,335.18,236.55,normal
286,2023,2,335.18,732.33,1375.45,0.0,236.55,stockout
286,2023,3,0.0,0.0,0.0,0.0,236.55,stockout
286,2023,4,0.0,0.0,0.0,0.0,236.55,stockout
286,2023,5,0.0,669.27,1204.06,0.0,236.55,stockout
286,2023,6,0.0,0.0,0.0,0.0,236.55,stockout
286,2023,7,0.0,165.11,0.0,165.11,236.55,understock
286,2023,8,165.11,67.08,119.98,112.21,236.55,understock
286,2023,9,112.21,0.0,0.0,95.91,236.55,understock
286,2023,10,95.91,62.83,0.0,148.79,236.55,understock
286,2023,11,148.79,0.0,0.0,131.75,236.55,understock
286,2023,12,131.75,168.22,0.0,292.8,236.55,normal
286,2024,1,292.8,45.16,0.0,306.72,236.55,normal
286,2024,2,306.72,0.0,0.0,270.96,236.55,normal
286,2024,3,270.96,0.0,0.0,257.05,236.55,normal
286,2024,4,257.05,0.0,0.0,232.38,236.55,understock
286,2024,5,232.38,0.0,0.0,219.08,236.55,understock
286,2024,6,219.08,261.77,438.25,42.6,236.55,understock
286,2024,7,42.6,313.26,531.16,0.0,236.55,stockout
288,2022,3,27.05,9.33,21.88,14.5,4.94,normal
401,2021,1,106.27,443.54,417.55,132.26,34.55,normal
401,2021,2,132.26,119.2,71.58,179.88,34.55,overstock
401,2021,3,179.88,0.0,0.0,162.7,34.55,overstock
401,2021,4,162.7,30.22,54.22,138.7,34.55,normal
401,2021,5,138.7,11.31,0.0,131.24,34.55,normal
401,2021,6,131.24,70.97,48.42,153.79,34.55,overstock
401,2021,7,153.79,49.48,52.91,150.36,34.55,normal
401,2021,8,150.36,0.0,0.0,137.49,34.55,normal
401,2021,9,137.49,0.0,0.0,127.4,34.55,normal
401,2021,10,127.4,0.0,0.0,118.03,34.55,normal
401,2021,11,118.03,0.0,0.0,101.82,34.55,normal
401,2021,12,101.82,56.92,50.18,108.56,34.55,normal
401,2022,1,108.56,43.3,105.42,46.44,34.55,normal
401,2022,2,46.44,35.07,53.83,27.68,34.55,understock
401,2022,3,27.68,56.04,52.7,31.02,34.55,understock
401,2022,4,31.02,53.78,53.8,31.0,34.55,understock
401,2022,5,31.0,239.16,161.94,108.22,34.55,normal
401,2022,6,108.22,74.66,51.58,131.3,34.55,normal
401,2022,7,131.3,59.32,51.9,138.72,34.55,normal
401,2022,8,138.72,0.0,0.0,120.77,34.55,normal
401,2022,9,120.77,49.06,50.82,119.01,34.55,normal
401,2022,10,119.01,8.61,0.0,110.37,34.55,normal
401,2022,11,110.37,95.5,107.4,98.47,34.55,normal
401,2022,12,98.47,155.31,159.54,94.24,34.55,normal
401,2023,1,94.24,158.66,155.04,97.86,34.55,normal
401,2023,2,97.86,65.64,49.48,114.02,34.55,normal
401,2023,3,114.02,0.0,0.0,105.54,34.55,normal
401,2023,4,105.54,116.43,105.0,116.97,34.55,normal
401,2023,5,116.97,11.32,0.0,113.37,34.55,normal
401,2023,6,113.37,155.11,151.7,116.78,34.55,normal
401,2023,7,116.78,58.62,53.15,122.25,34.55,normal
401,2023,8,122.25,0.0,0.0,107.3,34.55,normal
401,2023,9,107.3,0.0,0.0,92.21,34.55,normal
401,2023,10,92.21,99.61,106.24,85.58,34.55,normal
401,2023,11,85.58,0.0,0.0,80.6,34.55,normal
401,2023,12,80.6,60.88,53.76,87.72,34.55,normal
401,2024,1,87.72,78.84,51.46,115.1,34.55,normal
401,2024,2,115.1,116.06,105.48,125.68,34.55,normal
401,2024,3,125.68,6.73,0.0,126.08,34.55,normal
401,2024,4,126.08,343.11,213.88,255.31,34.55,overstock
401,2024,5,255.31,58.93,106.1,208.14,34.55,overstock
401,2024,6,208.14,157.34,159.7,205.78,34.55,overstock
401,2024,7,205.78,31.67,54.8,182.65,34.55,overstock
403,2021,1,525.72,5584.01,3764.72,2345.01,159.77,overstock
403,2021,2,2345.01,0.0,0.0,2202.34,159.77,overstock
403,2021,3,2202.34,91.74,56.45,2237.63,159.77,overstock
403,2021,4,2237.63,1.32,18.31,2220.64,159.77,overstock
403,2021,5,2220.64,158.04,109.02,2269.66,159.77,overstock
403,2021,6,2269.66,36.7,0.0,2185.51,159.77,overstock
403,2021,7,2185.51,71.84,108.76,2148.59,159.77,overstock
403,2021,8,2148.59,82.43,0.0,2090.33,159.77,overstock
403,2021,9,2090.33,0.0,0.0,1933.77,159.77,overstock
403,2021,10,1933.77,0.0,7.2,1926.57,159.77,overstock
403,2021,11,1926.57,945.61,718.36,2153.82,159.77,overstock
403,2021,12,2153.82,27.22,0.0,1938.55,159.77,overstock
403,2022,1,1938.55,82.46,0.0,1824.84,159.77,overstock
403,2022,2,1824.84,0.0,0.0,1631.12,159.77,overstock
403,2022,3,1631.12,0.0,0.0,1517.32,159.77,overstock
403,2022,4,1517.32,0.0,0.0,1351.4,159.77,overstock
403,2022,5,1351.4,0.0,0.0,1268.11,159.77,overstock
403,2022,6,1268.11,0.0,0.0,1201.92,159.77,overstock
403,2022,7,1201.92,0.0,0.0,1047.11,159.77,overstock
403,2022,8,1047.11,0.0,0.0,980.55,159.77,overstock
403,2022,9,980.55,72.66,0.0,941.15,159.77,overstock
403,2022,10,941.15,0.0,0.0,805.86,159.77,overstock
403,2022,11,805.86,0.0,0.0,753.01,159.77,overstock
403,2022,12,753.01,0.0,0.0,651.94,159.77,normal
403,2023,1,651.94,0.0,0.0,614.61,159.77,normal
403,2023,2,614.61,594.89,1093.92,115.58,159.77,understock
403,2023,3,115.58,90.31,0.0,197.12,159.77,normal
403,2023,4,197.12,0.0,0.0,179.33,159.77,normal
403,2023,5,179.33,58.5,0.0,226.65,159.77,normal
403,2023,6,226.65,0.0,0.0,207.37,159.77,normal
403,2023,7,207.37,0.0,0.0,180.35,159.77,normal
403,2023,8,180.35,80.57,72.2,188.72,159.77,normal
403,2023,9,188.72,0.0,0.0,176.43,159.77,normal
403,2023,10,176.43,182.16,292.13,66.46,159.77,understock
403,2023,11,66.46,0.0,3.6,62.86,159.77,understock
403,2023,12,62.86,0.0,3.6,59.26,159.77,understock
403,2024,1,59.26,0.0,0.0,50.9,159.77,understock
403,2024,2,50.9,0.0,0.0,47.47,159.77,understock
403,2024,3,47.47,0.0,0.0,41.09,159.77,understock
403,2024,4,41.09,192.75,277.29,0.0,159.77,stockout
403,2024,5,0.0,0.0,0.0,0.0,159.77,stockout
403,2024,6,0.0,0.0,0.0,0.0,159.77,stockout
403,2024,7,0.0,66.44,53.6,12.84,159.77,understock
404,2021,1,466.91,85.89,161.24,391.56,87.65,normal
404,2021,2,391.56,517.73,535.16,374.13,87.65,normal
404,2021,3,374.13,112.99,219.22,267.9,87.65,normal
404,2021,4,267.9,1434.67,1034.95,667.62,87.65,overstock
404,2021,5,667.62,0.0,0.0,627.74,87.65,overstock
404,2021,6,627.74,468.45,428.56,667.63,87.65,overstock
404,2021,7,667.63,1041.09,918.76,789.96,87.65,overstock
404,2021,8,789.96,402.73,654.37,538.32,87.65,normal
404,2021,9,538.32,273.74,280.74,531.32,87.65,normal
404,2021,10,531.32,624.21,405.97,749.56,87.65,overstock
404,2021,11,749.56,35.61,48.92,736.25,87.65,overstock
404,2021,12,736.25,783.07,542.69,976.63,87.65,overstock
404,2022,1,976.63,408.03,278.04,1106.62,87.65,overstock
404,2022,2,1106.62,222.2,164.04,1164.78,87.65,overstock
404,2022,3,1164.78,285.92,177.66,1273.04,87.65,overstock
404,2022,4,1273.04,225.1,447.62,1050.52,87.65,overstock
404,2022,5,1050.52,192.24,314.24,928.52,87.65,overstock
404,2022,6,928.52,527.75,523.06,933.21,87.65,overstock
404,2022,7,933.21,614.77,603.59,944.39,87.65,overstock
404,2022,8,944.39,436.58,422.12,958.85,87.65,overstock
404,2022,9,958.85,211.16,420.41,749.6,87.65,overstock
404,2022,10,749.6,208.15,348.62,609.13,87.65,overstock
404,2022,11,609.13,140.73,337.54,412.32,87.65,normal
404,2022,12,412.32,241.33,215.57,438.08,87.65,normal
404,2023,1,438.08,719.25,759.85,397.48,87.65,normal
404,2023,2,397.48,370.0,397.93,369.55,87.65,normal
404,2023,3,369.55,207.35,184.42,392.48,87.65,normal
404,2023,4,392.48,414.7,348.3,458.88,87.65,normal
404,2023,5,458.88,277.09,314.59,421.38,87.65,normal
404,2023,6,421.38,444.34,422.31,443.41,87.65,normal
404,2023,7,443.41,346.9,516.25,274.06,87.65,normal
404,2023,8,274.06,583.95,511.44,346.57,87.65,normal
404,2023,9,346.57,241.45,372.22,215.8,87.65,normal
404,2023,10,215.8,364.62,352.49,227.93,87.65,normal
404,2023,11,227.93,286.04,184.09,329.88,87.65,normal
404,2023,12,329.88,397.47,238.05,489.3,87.65,normal
404,2024,1,489.3,371.57,367.7,493.17,87.65,normal
404,2024,2,493.17,257.33,264.0,486.5,87.65,normal
404,2024,3,486.5,388.0,396.3,478.2,87.65,normal
404,2024,4,478.2,289.19,557.5,209.89,87.65,normal
404,2024,5,209.89,370.32,217.3,362.91,87.65,normal
404,2024,6,362.91,345.43,204.8,503.54,87.65,normal
404,2024,7,503.54,181.75,266.8,418.49,87.65,normal
405,2021,11,31.73,29.32,28.7,32.35,7.68,normal
405,2021,12,32.35,53.49,52.64,33.2,7.68,normal
405,2022,1,33.2,0.0,0.0,30.62,7.68,normal
405,2022,2,30.62,0.0,0.0,28.08,7.68,normal
405,2022,3,28.08,4.88,3.6,29.36,7.68,normal
405,2022,4,29.36,0.0,0.0,25.3,7.68,normal
405,2022,5,25.3,0.0,0.0,21.83,7.68,normal
405,2022,6,21.83,6.93,7.06,21.7,7.68,normal
405,2022,7,21.7,0.0,0.0,18.57,7.68,normal
405,2022,8,18.57,2.79,0.0,18.84,7.68,normal
405,2022,9,18.84,16.0,17.8,17.04,7.68,normal
405,2022,10,17.04,0.0,0.0,15.53,7.68,normal
405,2022,11,15.53,0.0,0.0,13.57,7.68,normal
405,2022,12,13.57,0.0,0.0,11.55,7.68,normal
405,2023,1,11.55,47.87,52.74,6.68,7.68,understock
406,2021,2,146.13,106.36,226.68,25.81,25.64,normal
406,2021,3,25.81,78.72,112.5,0.0,25.64,stockout
406,2021,4,0.0,202.23,340.29,0.0,25.64,stockout
406,2021,5,0.0,7.91,0.0,7.91,25.64,understock
406,2021,6,7.91,0.0,0.0,7.5,25.64,understock
406,2021,7,7.5,71.68,166.25,0.0,25.64,stockout
406,2021,8,0.0,137.95,87.0,50.95,25.64,normal
406,2021,9,50.95,193.58,192.55,51.98,25.64,normal
406,2021,10,51.98,71.9,54.0,69.88,25.64,normal
406,2021,11,69.88,0.0,0.0,63.55,25.64,normal
406,2021,12,63.55,108.68,107.03,65.2,25.64,normal
406,2022,1,65.2,90.45,67.02,88.63,25.64,normal
406,2022,2,88.63,0.0,0.0,83.71,25.64,normal
406,2022,3,83.71,122.95,130.13,76.53,25.64,normal
406,2022,4,76.53,84.68,112.22,48.99,25.64,normal
406,2022,5,48.99,11.95,21.4,39.54,25.64,normal
406,2022,6,39.54,50.19,53.7,36.03,25.64,normal
406,2022,7,36.03,63.69,112.2,0.0,25.64,stockout
406,2022,8,0.0,176.57,124.81,51.76,25.64,normal
406,2022,9,51.76,53.23,54.4,50.59,25.64,normal
406,2022,10,50.59,0.0,0.0,46.96,25.64,normal
406,2022,11,46.96,249.84,182.68,114.12,25.64,normal
406,2022,12,114.12,0.0,0.0,108.12,25.64,normal
406,2023,1,108.12,180.96,166.1,122.98,25.64,normal
406,2023,2,122.98,19.63,0.0,126.97,25.64,normal
406,2023,3,126.97,183.37,111.72,198.62,25.64,overstock
406,2023,4,198.62,0.0,0.0,187.65,25.64,overstock
406,2023,5,187.65,72.79,104.4,156.04,25.64,normal
406,2023,6,156.04,131.84,114.2,173.68,25.64,overstock
406,2023,7,173.68,73.61,101.1,146.19,25.64,normal
406,2023,8,146.19,92.74,86.2,152.73,25.64,normal
406,2023,9,152.73,0.0,0.0,144.08,25.64,normal
406,2023,10,144.08,40.37,31.93,152.52,25.64,normal
406,2023,11,152.52,200.41,129.3,223.63,25.64,overstock
406,2023,12,223.63,95.8,55.7,263.73,25.64,overstock
406,2024,1,263.73,0.0,0.0,238.41,25.64,overstock
406,2024,2,238.41,22.65,57.3,203.76,25.64,overstock
406,2024,3,203.76,0.0,0.0,173.86,25.64,overstock
406,2024,4,173.86,56.92,55.2,175.58,25.64,overstock
406,2024,5,175.58,46.64,52.9,169.32,25.64,normal
406,2024,6,169.32,62.58,54.7,177.2,25.64,overstock
406,2024,7,177.2,319.29,290.8,205.69,25.64,overstock
416,2023,6,184.43,125.5,120.4,189.53,57.58,normal
416,2023,7,189.53,0.0,0.0,177.12,57.58,normal
416,2023,8,177.12,403.06,378.1,202.08,57.58,normal
416,2023,9,202.08,0.0,0.0,184.17,57.58,normal
416,2023,10,184.17,0.0,0.0,164.61,57.58,normal
416,2023,11,164.61,11.59,0.0,153.46,57.58,normal
416,2023,12,153.46,29.27,0.0,160.94,57.58,normal
416,2024,1,160.94,0.0,0.0,146.93,57.58,normal
416,2024,2,146.93,0.0,0.0,126.63,57.58,normal
416,2024,3,126.63,0.0,0.0,110.93,57.58,normal
416,2024,4,110.93,179.92,172.8,118.05,57.58,normal
416,2024,5,118.05,14.76,0.0,117.58,57.58,normal
416,2024,6,117.58,63.29,79.05,101.82,57.58,normal
417,2024,4,18.47,7.77,16.0,10.24,3.88,normal
417,2024,5,10.24,0.0,0.0,9.13,3.88,normal
417,2024,6,9.13,14.56,14.1,9.59,3.88,normal
418,2021,1,97.08,52.29,56.0,93.37,20.56,normal
418,2021,2,93.37,97.02,70.0,120.39,20.56,normal
418,2021,3,120.39,55.61,34.2,141.8,20.56,overstock
418,2021,4,141.8,83.72,85.56,139.96,20.56,overstock
418,2021,5,139.96,0.0,0.0,122.81,20.56,overstock
418,2021,6,122.81,41.38,34.23,129.96,20.56,overstock
418,2021,7,129.96,69.21,52.47,146.7,20.56,overstock
418,2021,8,146.7,15.25,6.9,155.05,20.56,overstock
418,2021,9,155.05,20.57,20.7,154.92,20.56,overstock
418,2021,10,154.92,0.0,0.0,139.05,20.56,overstock
418,2021,11,139.05,0.0,0.0,127.4,20.56,overstock
418,2021,12,127.4,157.01,102.45,181.96,20.56,overstock
418,2022,1,181.96,44.6,68.8,157.76,20.56,overstock
418,2022,2,157.76,76.53,69.4,164.89,20.56,overstock
418,2022,3,164.89,1291.98,781.28,675.59,20.56,overstock
418,2022,4,675.59,0.0,0.0,583.78,20.56,overstock
418,2022,5,583.78,79.67,73.47,589.98,20.56,overstock
418,2022,6,589.98,49.63,50.7,588.91,20.56,overstock
418,2022,7,588.91,0.0,0.0,540.59,20.56,overstock
418,2022,8,540.59,7.62,0.0,490.24,20.56,overstock
418,2022,9,490.24,36.05,35.4,490.89,20.56,overstock
418,2022,10,490.89,28.11,53.1,465.9,20.56,overstock
418,2022,11,465.9,3.72,10.14,459.48,20.56,overstock
418,2022,12,459.48,0.0,0.0,425.19,20.56,overstock
418,2023,1,425.19,5.63,0.0,373.05,20.56,overstock
418,2023,2,373.05,24.33,54.1,343.28,20.56,overstock
418,2023,3,343.28,0.0,0.0,308.01,20.56,overstock
418,2023,4,308.01,0.0,0.0,285.43,20.56,overstock
418,2023,5,285.43,148.35,106.7,327.08,20.56,overstock
418,2023,6,327.08,0.0,0.0,308.35,20.56,overstock
418,2023,7,308.35,0.0,0.0,286.22,20.56,overstock
418,2023,8,286.22,0.0,0.0,248.92,20.56,overstock
418,2023,9,248.92,0.0,0.0,218.03,20.56,overstock
418,2023,10,218.03,15.51,35.4,198.14,20.56,overstock
418,2023,11,198.14,35.29,22.2,211.23,20.56,overstock
418,2023,12,211.23,22.95,22.38,211.8,20.56,overstock
418,2024,1,211.8,0.0,0.0,183.89,20.56,overstock
418,2024,2,183.89,83.2,53.7,213.39,20.56,overstock
418,2024,3,213.39,6.84,0.0,194.43,20.56,overstock
418,2024,4,194.43,141.9,85.97,250.36,20.56,overstock
418,2024,5,250.36,49.4,57.5,242.26,20.56,overstock
418,2024,6,242.26,0.0,0.0,211.44,20.56,overstock
418,2024,7,211.44,59.38,54.4,216.42,20.56,overstock
419,2021,1,148.62,192.86,196.67,144.81,35.75,normal
419,2021,2,144.81,107.66,90.08,162.39,35.75,normal
419,2021,3,162.39,0.0,0.0,151.66,35.75,normal
419,2021,4,151.66,79.75,108.22,123.19,35.75,normal
419,2021,5,123.19,0.0,0.0,111.15,35.75,normal
419,2021,6,111.15,496.47,318.38,289.24,35.75,overstock
419,2021,7,289.24,198.0,178.14,309.1,35.75,overstock
419,2021,8,309.1,51.07,106.42,253.75,35.75,overstock
419,2021,9,253.75,52.9,53.22,253.43,35.75,overstock
419,2021,10,253.43,92.81,124.78,221.46,35.75,overstock
419,2021,11,221.46,100.75,105.1,217.11,35.75,overstock
419,2021,12,217.11,115.52,106.3,226.33,35.75,overstock
419,2022,1,226.33,271.42,159.55,338.2,35.75,overstock
419,2022,2,338.2,183.37,198.89,322.68,35.75,overstock
419,2022,3,322.68,190.55,123.24,389.99,35.75,overstock
419,2022,4,389.99,150.35,143.18,397.16,35.75,overstock
419,2022,5,397.16,144.89,126.84,415.21,35.75,overstock
419,2022,6,415.21,0.0,0.0,373.56,35.75,overstock
419,2022,7,373.56,119.79,112.51,380.84,35.75,overstock
419,2022,8,380.84,363.2,215.78,528.26,35.75,overstock
419,2022,9,528.26,98.26,140.51,486.01,35.75,overstock
419,2022,10,486.01,54.94,56.38,484.57,35.75,overstock
419,2022,11,484.57,52.15,52.7,484.02,35.75,overstock
419,2022,12,484.02,0.0,0.0,455.07,35.75,overstock
419,2023,1,455.07,47.95,53.5,449.52,35.75,overstock
419,2023,2,449.52,389.71,387.82,451.41,35.75,overstock
419,2023,3,451.41,143.49,229.14,365.76,35.75,overstock
419,2023,4,365.76,0.0,0.0,319.16,35.75,overstock
419,2023,5,319.16,94.25,108.02,305.39,35.75,overstock
419,2023,6,305.39,69.53,125.22,249.7,35.75,overstock
419,2023,7,249.7,84.25,52.5,281.45,35.75,overstock
419,2023,8,281.45,31.39,52.0,260.84,35.75,overstock
419,2023,9,260.84,193.64,139.64,314.84,35.75,overstock
419,2023,10,314.84,273.69,196.54,391.99,35.75,overstock
419,2023,11,391.99,184.91,167.07,409.83,35.75,overstock
419,2023,12,409.83,53.37,53.5,409.7,35.75,overstock
419,2024,1,409.7,35.81,87.73,357.78,35.75,overstock
419,2024,2,357.78,266.6,160.9,463.48,35.75,overstock
419,2024,3,463.48,84.42,85.45,462.45,35.75,overstock
419,2024,4,462.45,112.37,112.83,461.99,35.75,overstock
419,2024,5,461.99,189.5,173.41,478.08,35.75,overstock
419,2024,6,478.08,0.0,0.0,450.74,35.75,overstock
419,2024,7,450.74,178.49,105.9,523.33,35.75,overstock
420,2023,6,106.57,167.96,163.3,111.23,26.26,normal
420,2023,7,111.23,0.0,0.0,100.07,26.26,normal
420,2023,8,100.07,15.29,0.0,106.95,26.26,normal
420,2023,9,106.95,0.0,0.0,96.95,26.26,normal
420,2023,10,96.95,0.0,0.0,90.25,26.26,normal
420,2023,11,90.25,0.0,0.0,83.34,26.26,normal
420,2023,12,83.34,0.0,0.0,77.46,26.26,normal
420,2024,1,77.46,0.0,0.0,69.98,26.26,normal
420,2024,2,69.98,0.0,0.0,59.96,26.26,normal
420,2024,3,59.96,0.0,0.0,54.81,26.26,normal
420,2024,4,54.81,54.96,50.6,59.17,26.26,normal
421,2023,6,7.54,8.52,7.6,8.46,2.58,normal
422,2022,2,48.83,59.98,60.9,47.91,19.55,normal
423,2021,4,307.78,31.01,39.53,299.26,56.43,normal
423,2021,5,299.26,0.0,0.0,260.3,56.43,normal
423,2021,6,260.3,0.0,0.0,234.71,56.43,normal
423,2021,7,234.71,0.0,0.0,200.02,56.43,normal
423,2021,8,200.02,103.45,115.8,187.67,56.43,normal
423,2021,9,187.67,0.0,0.0,161.19,56.43,normal
423,2021,10,161.19,400.88,744.85,0.0,56.43,stockout
423,2021,11,0.0,842.66,636.68,205.98,56.43,normal
423,2021,12,205.98,14.02,61.86,158.14,56.43,normal
423,2022,1,158.14,20.87,12.09,166.92,56.43,normal
423,2022,2,166.92,353.11,369.93,150.1,56.43,normal
423,2022,3,150.1,346.33,371.84,124.59,56.43,normal
423,2022,4,124.59,0.0,0.0,108.81,56.43,normal
423,2022,5,108.81,490.72,496.46,103.07,56.43,normal
423,2022,6,103.07,815.42,496.77,421.72,56.43,overstock
423,2022,7,421.72,80.05,118.44,383.33,56.43,normal
423,2022,8,383.33,23.13,0.0,353.46,56.43,normal
423,2022,9,353.46,635.91,604.19,385.18,56.43,normal
423,2022,10,385.18,254.21,239.7,399.69,56.43,normal
423,2022,11,399.69,71.86,60.0,411.55,56.43,normal
423,2022,12,411.55,646.67,421.9,636.32,56.43,overstock
423,2023,1,636.32,195.2,181.4,650.12,56.43,overstock
423,2023,2,650.12,276.66,241.93,684.85,56.43,overstock
423,2023,3,684.85,0.0,8.4,676.45,56.43,overstock
423,2023,4,676.45,54.51,132.08,598.88,56.43,overstock
423,2023,5,598.88,425.09,397.5,626.47,56.43,overstock
423,2023,6,626.47,484.64,303.38,807.73,56.43,overstock
423,2023,7,807.73,228.91,234.95,801.69,56.43,overstock
423,2023,8,801.69,1022.25,624.15,1199.79,56.43,overstock
423,2023,9,1199.79,409.83,416.8,1192.82,56.43,overstock
423,2023,10,1192.82,52.69,0.0,1157.16,56.43,overstock
423,2023,11,1157.16,0.0,0.0,1089.65,56.43,overstock
423,2023,12,1089.65,0.0,0.0,972.0,56.43,overstock
423,2024,1,972.0,42.28,60.0,954.28,56.43,overstock
423,2024,2,954.28,151.9,140.0,966.18,56.43,overstock
423,2024,3,966.18,143.77,139.42,970.53,56.43,overstock
423,2024,4,970.53,212.84,243.3,940.07,56.43,overstock
423,2024,5,940.07,0.0,0.0,817.31,56.43,overstock
423,2024,6,817.31,126.49,139.2,804.6,56.43,overstock
423,2024,7,804.6,198.69,179.3,823.99,56.43,overstock
424,2023,10,158.14,146.75,214.6,90.29,34.15,normal
424,2023,11,90.29,0.0,0.0,78.62,34.15,normal
424,2023,12,78.62,0.0,0.0,70.81,34.15,normal
424,2024,1,70.81,26.63,0.0,91.18,34.15,normal
424,2024,2,91.18,135.1,124.2,102.08,34.15,normal
424,2024,3,102.08,37.9,80.0,59.98,34.15,normal
424,2024,4,59.98,0.0,0.0,55.39,34.15,normal
424,2024,5,55.39,128.78,120.1,64.07,34.15,normal
425,2022,2,67.38,69.16,60.0,76.54,15.55,normal
426,2023,7,93.61,58.95,59.3,93.26,20.69,normal
426,2023,8,93.26,0.0,0.0,79.93,20.69,normal
426,2023,9,79.93,0.0,0.0,72.01,20.69,normal
426,2023,10,72.01,65.18,59.3,77.89,20.69,normal
426,2023,11,77.89,0.0,0.0,66.99,20.69,normal
426,2023,12,66.99,0.0,0.0,57.32,20.69,normal
426,2024,1,57.32,0.0,0.0,50.57,20.69,normal
426,2024,2,50.57,53.59,122.5,0.0,20.69,stockout
428,2021,1,272.16,119.49,119.68,271.97,85.19,normal
428,2021,2,271.97,318.28,301.4,288.85,85.19,normal
428,2021,3,288.85,0.0,0.0,257.83,85.19,normal
428,2021,4,257.83,32.11,66.54,223.4,85.19,normal
428,2021,5,223.4,0.0,0.0,204.73,85.19,normal
428,2021,6,204.73,55.32,63.4,196.65,85.19,normal
428,2021,7,196.65,636.88,600.89,232.64,85.19,normal
428,2021,8,232.64,129.58,250.75,111.47,85.19,normal
428,2021,9,111.47,32.11,0.0,131.4,85.19,normal
428,2021,10,131.4,1435.54,1086.08,480.86,85.19,overstock
428,2021,11,480.86,72.27,63.44,489.69,85.19,overstock
428,2021,12,489.69,288.74,310.3,468.13,85.19,overstock
428,2022,1,468.13,295.46,309.46,454.13,85.19,normal
428,2022,2,454.13,0.0,0.0,389.72,85.19,normal
428,2022,3,389.72,12.94,4.12,398.54,85.19,normal
428,2022,4,398.54,0.0,0.0,342.42,85.19,normal
428,2022,5,342.42,0.0,0.0,323.04,85.19,normal
428,2022,6,323.04,453.15,738.94,37.25,85.19,understock
428,2022,7,37.25,0.0,0.0,33.59,85.19,understock
428,2022,8,33.59,299.18,307.68,25.09,85.19,understock
428,2022,9,25.09,0.0,0.0,21.46,85.19,understock
428,2022,10,21.46,548.0,548.4,21.06,85.19,understock
428,2022,11,21.06,136.33,121.6,35.79,85.19,understock
428,2022,12,35.79,464.04,304.15,195.68,85.19,normal
428,2023,1,195.68,166.72,120.7,241.7,85.19,normal
428,2023,2,241.7,0.0,0.0,223.21,85.19,normal
428,2023,3,223.21,959.33,608.7,573.84,85.19,overstock
428,2023,4,573.84,0.0,0.0,509.7,85.19,overstock
428,2023,5,509.7,113.45,244.9,378.25,85.19,normal
428,2023,6,378.25,0.0,0.0,325.66,85.19,normal
428,2023,7,325.66,312.87,306.8,331.73,85.19,normal
428,2023,8,331.73,219.46,197.86,353.33,85.19,normal
428,2023,9,353.33,0.0,0.0,321.14,85.19,normal
428,2023,10,321.14,0.0,0.0,282.63,85.19,normal
428,2023,11,282.63,51.93,127.1,207.46,85.19,normal
428,2023,12,207.46,610.76,624.98,193.24,85.19,normal
428,2024,1,193.24,159.21,130.5,221.95,85.19,normal
428,2024,2,221.95,14.95,20.8,216.1,85.19,normal
428,2024,3,216.1,391.82,243.6,364.32,85.19,normal
428,2024,4,364.32,547.18,559.6,351.9,85.19,normal
428,2024,5,351.9,190.31,308.1,234.11,85.19,normal
428,2024,6,234.11,140.35,121.7,252.76,85.19,normal
428,2024,7,252.76,268.97,493.2,28.53,85.19,understock
429,2022,4,97.34,183.43,168.0,112.77,29.26,normal
429,2022,5,112.77,0.0,0.0,96.45,29.26,normal
429,2022,6,96.45,0.0,0.0,90.32,29.26,normal
429,2022,7,90.32,0.0,0.0,84.79,29.26,normal
429,2022,8,84.79,0.0,0.0,78.99,29.26,normal
429,2022,9,78.99,0.0,0.0,71.83,29.26,normal
429,2022,10,71.83,0.0,0.0,62.53,29.26,normal
429,2022,11,62.53,0.0,0.0,58.34,29.26,normal
429,2022,12,58.34,0.0,0.0,52.45,29.26,normal
429,2023,1,52.45,12.88,0.0,59.74,29.26,normal
429,2023,2,59.74,0.0,0.0,51.15,29.26,normal
429,2023,3,51.15,0.0,0.0,43.75,29.26,normal
429,2023,4,43.75,0.0,0.0,40.99,29.26,normal
429,2023,5,40.99,0.0,0.0,35.27,29.26,normal
429,2023,6,35.27,0.0,0.0,30.48,29.26,normal
429,2023,7,30.48,17.46,0.0,45.13,29.26,normal
429,2023,8,45.13,10.58,0.0,53.25,29.26,normal
429,2023,9,53.25,0.0,0.0,48.78,29.26,normal
429,2023,10,48.78,0.0,0.0,43.35,29.26,normal
429,2023,11,43.35,25.08,13.8,54.63,29.26,normal
432,2023,2,106.45,101.96,106.0,102.41,41.58,normal
432,2023,3,102.41,18.6,0.0,107.05,41.58,normal
432,2023,4,107.05,0.0,0.0,93.0,41.58,normal
432,2023,5,93.0,0.0,0.0,79.85,41.58,normal
432,2023,6,79.85,0.0,0.0,68.64,41.58,normal
432,2023,7,68.64,0.0,0.0,61.42,41.58,normal
432,2023,8,61.42,7.0,0.0,60.92,41.58,normal
432,2023,9,60.92,0.0,0.0,56.31,41.58,normal
432,2023,10,56.31,0.0,0.0,49.72,41.58,normal
432,2023,11,49.72,21.16,0.0,68.0,41.58,normal
432,2023,12,68.0,0.0,0.0,61.97,41.58,normal
432,2024,1,61.97,0.0,0.0,56.67,41.58,normal
432,2024,2,56.67,0.0,0.0,48.37,41.58,normal
432,2024,3,48.37,68.87,159.4,0.0,41.58,stockout
432,2024,4,0.0,0.0,0.0,0.0,41.58,stockout
432,2024,5,0.0,0.0,0.0,0.0,41.58,stockout
432,2024,6,0.0,43.68,106.0,0.0,41.58,stockout
435,2023,2,233.59,204.51,210.2,227.9,46.47,normal
436,2023,10,187.83,73.82,168.8,92.85,52.64,normal
436,2023,11,92.85,19.06,0.0,105.78,52.64,normal
436,2023,12,105.78,0.0,0.0,98.81,52.64,normal
436,2024,1,98.81,0.0,0.0,90.27,52.64,normal
436,2024,2,90.27,17.2,55.8,51.67,52.64,understock
436,2024,3,51.67,364.87,279.0,137.54,52.64,normal
436,2024,4,137.54,186.72,111.6,212.66,52.64,normal
437,2021,1,247.91,111.74,118.53,241.12,39.54,normal
437,2021,2,241.12,105.67,119.9,226.89,39.54,normal
437,2021,3,226.89,51.97,28.98,249.88,39.54,normal
437,2021,4,249.88,121.72,121.48,250.12,39.54,normal
437,2021,5,250.12,0.0,0.0,232.25,39.54,normal
437,2021,6,232.25,28.68,59.25,201.68,39.54,normal
437,2021,7,201.68,0.0,0.0,187.25,39.54,normal
437,2021,8,187.25,1308.77,788.03,707.99,39.54,overstock
437,2021,9,707.99,0.0,0.0,669.07,39.54,overstock
437,2021,10,669.07,0.0,0.0,591.84,39.54,overstock
437,2021,11,591.84,0.0,0.0,506.38,39.54,overstock
437,2021,12,506.38,259.91,240.64,525.65,39.54,overstock
437,2022,1,525.65,185.27,182.06,528.86,39.54,overstock
437,2022,2,528.86,147.78,146.4,530.24,39.54,overstock
437,2022,3,530.24,166.34,116.2,580.38,39.54,overstock
437,2022,4,580.38,108.23,118.53,570.08,39.54,overstock
437,2022,5,570.08,7.71,7.4,570.39,39.54,overstock
437,2022,6,570.39,103.86,96.44,577.81,39.54,overstock
437,2022,7,577.81,0.0,0.0,521.18,39.54,overstock
437,2022,8,521.18,51.08,57.23,515.03,39.54,overstock
437,2022,9,515.03,0.0,0.0,454.56,39.54,overstock
437,2022,10,454.56,0.0,0.0,427.31,39.54,overstock
437,2022,11,427.31,292.9,657.88,62.33,39.54,normal
437,2022,12,62.33,527.52,502.5,87.35,39.54,normal
437,2023,1,87.35,22.15,0.0,103.61,39.54,normal
437,2023,2,103.61,0.0,0.0,92.62,39.54,normal
437,2023,3,92.62,107.7,228.8,0.0,39.54,stockout
437,2023,4,0.0,523.91,461.0,62.91,39.54,normal
437,2023,5,62.91,38.48,117.9,0.0,39.54,stockout
437,2023,6,0.0,0.0,0.0,0.0,39.54,stockout
437,2023,7,0.0,0.0,0.0,0.0,39.54,stockout
437,2023,8,0.0,214.77,196.8,17.97,39.54,understock
437,2023,9,17.97,382.55,352.2,48.32,39.54,normal
437,2023,10,48.32,0.0,0.0,43.95,39.54,normal
437,2023,11,43.95,159.25,164.71,38.49,39.54,understock
437,2023,12,38.49,0.0,0.0,34.85,39.54,understock
437,2024,1,34.85,0.0,0.0,30.23,39.54,understock
437,2024,2,30.23,54.29,59.1,25.42,39.54,understock
437,2024,3,25.42,53.15,54.72,23.85,39.54,understock
437,2024,4,23.85,114.5,109.29,29.06,39.54,understock
437,2024,5,29.06,0.0,0.0,26.4,39.54,understock
437,2024,6,26.4,52.54,54.72,24.22,39.54,understock
437,2024,7,24.22,30.98,54.72,0.48,39.54,understock
438,2021,2,758.73,33.85,50.78,741.8,178.94,normal
438,2021,3,741.8,0.0,0.0,695.26,178.94,normal
438,2021,4,695.26,0.0,0.0,655.27,178.94,normal
438,2021,5,655.27,108.07,0.0,708.32,178.94,normal
438,2021,6,708.32,273.06,484.76,496.62,178.94,normal
438,2021,7,496.62,744.04,698.13,542.53,178.94,normal
438,2021,8,542.53,710.16,757.63,495.06,178.94,normal
438,2021,9,495.06,290.09,455.1,330.05,178.94,normal
438,2021,10,330.05,40.82,50.48,320.39,178.94,normal
438,2021,11,320.39,0.0,0.0,275.09,178.94,normal
438,2021,12,275.09,0.0,0.0,251.06,178.94,normal
438,2022,1,251.06,0.0,0.0,217.5,178.94,normal
438,2022,2,217.5,122.21,161.99,177.72,178.94,understock
438,2022,3,177.72,133.04,0.0,292.76,178.94,normal
438,2022,4,292.76,0.0,0.0,263.57,178.94,normal
438,2022,5,263.57,0.0,0.0,250.06,178.94,normal
438,2022,6,250.06,221.05,157.46,313.65,178.94,normal
438,2022,7,313.65,1665.92,1786.73,192.84,178.94,normal
438,2022,8,192.84,1614.29,1569.05,238.08,178.94,normal
438,2022,9,238.08,1921.35,1660.5,498.93,178.94,normal
438,2022,10,498.93,114.1,105.2,507.83,178.94,normal
438,2022,11,507.83,0.0,0.0,453.52,178.94,normal
438,2022,12,453.52,1196.91,888.31,762.12,178.94,normal
438,2023,1,762.12,0.0,0.0,660.54,178.94,normal
438,2023,2,660.54,122.3,157.21,625.63,178.94,normal
438,2023,3,625.63,0.0,51.2,574.43,178.94,normal
438,2023,4,574.43,20.02,53.8,540.65,178.94,normal
438,2023,5,540.65,113.96,51.74,602.87,178.94,normal
438,2023,6,602.87,356.26,361.9,597.23,178.94,normal
438,2023,7,597.23,806.16,1915.25,0.0,178.94,stockout
438,2023,8,0.0,1433.9,2267.18,0.0,178.94,stockout
438,2023,9,0.0,134.33,101.44,32.89,178.94,understock
438,2023,10,32.89,123.52,151.2,5.21,178.94,understock
438,2023,11,5.21,50.01,0.0,54.84,178.94,understock
438,2023,12,54.84,0.0,0.0,47.49,178.94,understock
438,2024,1,47.49,77.96,151.2,0.0,178.94,stockout
438,2024,2,0.0,0.0,0.0,0.0,178.94,stockout
438,2024,3,0.0,102.12,0.0,102.12,178.94,understock
438,2024,4,102.12,0.0,0.0,96.54,178.94,understock
438,2024,5,96.54,159.8,404.88,0.0,178.94,stockout
438,2024,6,0.0,1119.44,709.52,409.92,178.94,normal
438,2024,7,409.92,2235.36,3948.89,0.0,178.94,stockout
439,2021,1,800.44,387.78,346.38,841.84,230.09,normal
439,2021,2,841.84,549.87,864.93,526.78,230.09,normal
439,2021,3,526.78,224.32,186.51,564.59,230.09,normal
439,2021,4,564.59,653.91,494.6,723.9,230.09,normal
439,2021,5,723.9,0.0,0.0,684.98,230.09,normal
439,2021,6,684.98,0.0,0.0,613.58,230.09,normal
439,2021,7,613.58,126.49,0.0,708.88,230.09,normal
439,2021,8,708.88,1039.28,984.18,763.98,230.09,normal
439,2021,9,763.98,245.9,378.57,631.31,230.09,normal
439,2021,10,631.31,1000.99,1109.36,522.94,230.09,normal
439,2021,11,522.94,346.99,679.85,190.08,230.09,understock
439,2021,12,190.08,279.51,459.67,9.92,230.09,understock
439,2022,1,9.92,886.07,644.69,251.3,230.09,normal
439,2022,2,251.3,2495.2,1787.3,959.2,230.09,normal
439,2022,3,959.2,881.12,870.56,969.76,230.09,normal
439,2022,4,969.76,0.0,0.0,890.22,230.09,normal
439,2022,5,890.22,19.82,117.93,792.11,230.09,normal
439,2022,6,792.11,142.35,118.12,816.34,230.09,normal
439,2022,7,816.34,0.0,0.0,701.9,230.09,normal
439,2022,8,701.9,0.0,0.0,649.59,230.09,normal
439,2022,9,649.59,412.62,394.7,667.51,230.09,normal
439,2022,10,667.51,567.46,1256.8,0.0,230.09,stockout
439,2022,11,0.0,970.82,1642.72,0.0,230.09,stockout
439,2022,12,0.0,950.27,838.1,112.17,230.09,understock
439,2023,1,112.17,919.86,1678.04,0.0,230.09,stockout
439,2023,2,0.0,2541.74,1607.63,934.11,230.09,normal
439,2023,3,934.11,1046.05,1078.8,901.36,230.09,normal
439,2023,4,901.36,519.98,510.0,911.34,230.09,normal
439,2023,5,911.34,266.33,280.6,897.07,230.09,normal
439,2023,6,897.07,222.94,405.0,715.01,230.09,normal
439,2023,7,715.01,154.25,174.5,694.76,230.09,normal
439,2023,8,694.76,213.7,228.8,679.66,230.09,normal
439,2023,9,679.66,932.42,570.3,1041.78,230.09,normal
439,2023,10,1041.78,402.05,669.1,774.73,230.09,normal
439,2023,11,774.73,457.06,1032.1,199.69,230.09,understock
439,2023,12,199.69,584.34,577.2,206.83,230.09,understock
439,2024,1,206.83,693.26,637.0,263.09,230.09,normal
439,2024,2,263.09,1387.8,1262.0,388.89,230.09,normal
439,2024,3,388.89,1194.7,1626.7,0.0,230.09,stockout
439,2024,4,0.0,1024.23,1448.0,0.0,230.09,stockout
439,2024,5,0.0,1770.15,1290.6,479.55,230.09,normal
439,2024,6,479.55,558.59,589.6,448.54,230.09,normal
439,2024,7,448.54,12.33,58.5,402.37,230.09,normal
444,2022,2,90.73,472.5,339.4,223.83,35.34,overstock
444,2022,3,223.83,0.0,0.0,191.69,35.34,overstock
444,2022,4,191.69,0.0,0.0,174.16,35.34,overstock
444,2022,5,174.16,85.56,159.8,99.92,35.34,normal
444,2022,6,99.92,53.89,54.5,99.31,35.34,normal
444,2022,7,99.31,14.44,0.0,101.22,35.34,normal
444,2022,8,101.22,117.48,106.1,112.6,35.34,normal
444,2022,9,112.6,0.0,0.0,101.93,35.34,normal
444,2022,10,101.93,20.95,0.0,115.51,35.34,normal
444,2022,11,115.51,0.0,0.0,104.82,35.34,normal
444,2022,12,104.82,0.0,0.0,93.77,35.34,normal
444,2023,1,93.77,0.0,0.0,89.03,35.34,normal
444,2023,2,89.03,78.76,111.5,56.29,35.34,normal
444,2023,3,56.29,103.67,109.72,50.24,35.34,normal
444,2023,4,50.24,0.0,0.0,45.08,35.34,normal
444,2023,5,45.08,5.44,0.0,44.61,35.34,normal
444,2023,6,44.61,108.73,103.1,50.24,35.34,normal
444,2023,7,50.24,79.3,58.7,70.84,35.34,normal
444,2023,8,70.84,0.0,0.0,66.14,35.34,normal
444,2023,9,66.14,0.0,0.0,60.84,35.34,normal
444,2023,10,60.84,0.0,0.0,54.15,35.34,normal
444,2023,11,54.15,0.0,0.0,47.43,35.34,normal
444,2023,12,47.43,62.66,58.1,51.99,35.34,normal
444,2024,1,51.99,0.0,0.0,45.81,35.34,normal
444,2024,2,45.81,12.35,0.0,54.74,35.34,normal
444,2024,3,54.74,28.1,54.1,28.74,35.34,understock
444,2024,4,28.74,11.8,0.0,37.05,35.34,normal
444,2024,5,37.05,0.0,0.0,32.88,35.34,understock
444,2024,6,32.88,0.0,0.0,29.99,35.34,understock
444,2024,7,29.99,37.54,38.48,29.05,35.34,understock
445,2021,1,1301.9,1128.79,1112.93,1317.76,310.8,normal
445,2021,2,1317.76,950.59,643.49,1624.86,310.8,normal
445,2021,3,1624.86,1391.16,1533.23,1482.79,310.8,normal
445,2021,4,1482.79,2400.33,2101.76,1781.36,310.8,overstock
445,2021,5,1781.36,539.53,563.94,1756.95,310.8,overstock
445,2021,6,1756.95,5153.51,4839.58,2070.88,310.8,overstock
445,2021,7,2070.88,412.39,1095.67,1387.6,310.8,normal
445,2021,8,1387.6,1795.67,1960.9,1222.37,310.8,normal
445,2021,9,1222.37,5538.48,3866.5,2894.35,310.8,overstock
445,2021,10,2894.35,745.82,807.15,2833.02,310.8,overstock
445,2021,11,2833.02,437.08,484.0,2786.1,310.8,overstock
445,2021,12,2786.1,3336.38,3272.58,2849.9,310.8,overstock
445,2022,1,2849.9,1679.16,1474.99,3054.07,310.8,overstock
445,2022,2,3054.07,2110.84,2091.21,3073.7,310.8,overstock
445,2022,3,3073.7,199.12,148.53,3124.29,310.8,overstock
445,2022,4,3124.29,2447.96,1710.27,3861.98,310.8,overstock
445,2022,5,3861.98,675.3,1588.41,2948.87,310.8,overstock
445,2022,6,2948.87,493.85,481.2,2961.52,310.8,overstock
445,2022,7,2961.52,2847.96,2755.77,3053.71,310.8,overstock
445,2022,8,3053.71,1548.93,1359.8,3242.84,310.8,overstock
445,2022,9,3242.84,467.47,847.8,2862.51,310.8,overstock
445,2022,10,2862.51,824.13,549.52,3137.12,310.8,overstock
445,2022,11,3137.12,352.93,211.2,3278.85,310.8,overstock
445,2022,12,3278.85,0.0,0.0,3017.93,310.8,overstock
445,2023,1,3017.93,646.77,679.6,2985.1,310.8,overstock
445,2023,2,2985.1,90.75,105.3,2970.55,310.8,overstock
445,2023,3,2970.55,249.1,275.1,2944.55,310.8,overstock
445,2023,4,2944.55,541.79,530.35,2955.99,310.8,overstock
445,2023,5,2955.99,0.0,0.0,2805.69,310.8,overstock
445,2023,6,2805.69,0.0,0.0,2656.43,310.8,overstock
445,2023,7,2656.43,398.46,262.9,2791.99,310.8,overstock
445,2023,8,2791.99,1608.91,1591.11,2809.79,310.8,overstock
445,2023,9,2809.79,115.05,148.0,2776.84,310.8,overstock
445,2023,10,2776.84,284.03,247.2,2813.67,310.8,overstock
445,2023,11,2813.67,515.63,462.5,2866.8,310.8,overstock
445,2023,12,2866.8,384.46,415.3,2835.96,310.8,overstock
445,2024,1,2835.96,1123.43,1149.2,2810.19,310.8,overstock
445,2024,2,2810.19,566.4,356.1,3020.49,310.8,overstock
445,2024,3,3020.49,0.0,0.0,2721.32,310.8,overstock
445,2024,4,2721.32,571.41,510.6,2782.13,310.8,overstock
445,2024,5,2782.13,264.56,495.38,2551.31,310.8,overstock
445,2024,6,2551.31,987.28,878.6,2659.99,310.8,overstock
445,2024,7,2659.99,407.11,376.1,2691.0,310.8,overstock
446,2021,1,141.54,35.85,50.8,126.59,46.7,normal
446,2021,2,126.59,505.77,529.5,102.86,46.7,normal
446,2021,3,102.86,55.67,54.0,104.53,46.7,normal
446,2021,4,104.53,0.0,0.0,91.86,46.7,normal
446,2021,5,91.86,0.0,0.0,86.54,46.7,normal
446,2021,6,86.54,70.47,52.0,105.01,46.7,normal
446,2021,7,105.01,85.7,52.0,138.71,46.7,normal
446,2021,8,138.71,0.0,0.0,127.1,46.7,normal
446,2021,9,127.1,183.27,185.0,125.37,46.7,normal
446,2021,10,125.37,0.0,0.0,113.14,46.7,normal
446,2021,11,113.14,200.85,188.24,125.75,46.7,normal
446,2021,12,125.75,154.48,116.22,164.01,46.7,normal
446,2022,1,164.01,169.39,260.7,72.7,46.7,normal
446,2022,2,72.7,0.0,0.0,67.04,46.7,normal
446,2022,3,67.04,155.71,119.4,103.35,46.7,normal
446,2022,4,103.35,362.27,239.22,226.4,46.7,overstock
446,2022,5,226.4,260.81,379.62,107.59,46.7,normal
446,2022,6,107.59,69.86,65.61,111.84,46.7,normal
446,2022,7,111.84,68.87,158.28,22.43,46.7,understock
446,2022,8,22.43,77.28,50.2,49.51,46.7,normal
446,2022,9,49.51,197.1,179.5,67.11,46.7,normal
446,2022,10,67.11,43.84,27.2,83.75,46.7,normal
446,2022,11,83.75,31.33,52.2,62.88,46.7,normal
446,2022,12,62.88,0.0,0.0,58.35,46.7,normal
446,2023,1,58.35,86.64,81.46,63.53,46.7,normal
446,2023,2,63.53,320.53,569.96,0.0,46.7,stockout
446,2023,3,0.0,77.48,157.6,0.0,46.7,stockout
446,2023,4,0.0,0.0,0.0,0.0,46.7,stockout
446,2023,5,0.0,48.74,51.3,0.0,46.7,stockout
446,2023,6,0.0,0.0,0.0,0.0,46.7,stockout
446,2023,7,0.0,25.69,49.6,0.0,46.7,stockout
446,2023,8,0.0,105.97,101.0,4.97,46.7,understock
446,2023,9,4.97,0.0,0.0,4.59,46.7,understock
446,2023,10,4.59,50.64,112.37,0.0,46.7,stockout
446,2023,11,0.0,0.0,0.0,0.0,46.7,stockout
446,2023,12,0.0,28.9,50.8,0.0,46.7,stockout
446,2024,1,0.0,109.31,100.8,8.51,46.7,understock
446,2024,2,8.51,116.37,98.95,25.93,46.7,understock
446,2024,3,25.93,72.74,49.7,48.97,46.7,normal
446,2024,4,48.97,0.0,0.0,44.53,46.7,understock
446,2024,5,44.53,110.06,74.9,79.69,46.7,normal
446,2024,6,79.69,0.0,0.0,70.59,46.7,normal
446,2024,7,70.59,94.48,101.38,63.69,46.7,normal
447,2021,1,86.17,174.17,156.0,104.34,32.37,normal
447,2021,2,104.34,65.58,46.7,123.22,32.37,normal
447,2021,3,123.22,15.8,0.0,127.3,32.37,normal
447,2021,4,127.3,15.84,0.0,136.38,32.37,normal
447,2021,5,136.38,0.0,0.0,127.67,32.37,normal
447,2021,6,127.67,97.92,103.63,121.96,32.37,normal
447,2021,7,121.96,0.0,0.0,111.01,32.37,normal
447,2021,8,111.01,0.0,0.0,102.86,32.37,normal
447,2021,9,102.86,0.0,0.0,92.04,32.37,normal
447,2021,10,92.04,73.86,150.26,15.64,32.37,understock
447,2021,11,15.64,0.0,0.0,14.59,32.37,understock
447,2021,12,14.59,0.0,0.0,13.84,32.37,understock
447,2022,1,13.84,0.0,0.0,12.69,32.37,understock
447,2022,2,12.69,201.04,198.6,15.13,32.37,understock
447,2022,3,15.13,0.0,0.0,13.34,32.37,understock
447,2022,4,13.34,0.0,0.0,12.34,32.37,understock
447,2022,5,12.34,0.0,0.0,11.0,32.37,understock
447,2022,6,11.0,0.0,0.0,9.92,32.37,understock
447,2022,7,9.92,0.0,0.0,9.28,32.37,understock
447,2022,8,9.28,6.09,11.5,3.87,32.37,understock
447,2022,9,3.87,68.6,109.5,0.0,32.37,stockout
447,2022,10,0.0,0.0,0.0,0.0,32.37,stockout
447,2022,11,0.0,0.0,0.0,0.0,32.37,stockout
447,2022,12,0.0,7.98,0.0,7.98,32.37,understock
447,2023,1,7.98,76.36,106.5,0.0,32.37,stockout
447,2023,2,0.0,0.0,0.0,0.0,32.37,stockout
447,2023,3,0.0,55.78,54.2,1.58,32.37,understock
447,2023,4,1.58,121.18,110.4,12.36,32.37,understock
447,2023,5,12.36,0.0,0.0,11.12,32.37,understock
447,2023,6,11.12,53.14,49.05,15.21,32.37,understock
447,2023,7,15.21,0.0,0.0,13.34,32.37,understock
447,2023,8,13.34,0.0,0.0,12.44,32.37,understock
447,2023,9,12.44,112.82,110.6,14.66,32.37,understock
447,2023,10,14.66,44.04,108.7,0.0,32.37,stockout
447,2023,11,0.0,7.0,0.0,7.0,32.37,understock
447,2023,12,7.0,0.0,0.0,6.49,32.37,understock
447,2024,1,6.49,65.26,101.88,0.0,32.37,stockout
447,2024,2,0.0,0.0,0.0,0.0,32.37,stockout
447,2024,3,0.0,0.0,0.0,0.0,32.37,stockout
447,2024,4,0.0,0.0,0.0,0.0,32.37,stockout
447,2024,5,0.0,102.18,103.98,0.0,32.37,stockout
448,2021,1,748.3,1776.43,1369.03,1155.7,224.97,overstock
448,2021,2,1155.7,758.42,693.89,1220.23,224.97,overstock
448,2021,3,1220.23,292.94,281.78,1231.39,224.97,overstock
448,2021,4,1231.39,1080.0,961.93,1349.46,224.97,overstock
448,2021,5,1349.46,33.52,41.02,1341.96,224.97,overstock
448,2021,6,1341.96,1213.78,1120.69,1435.05,224.97,overstock
448,2021,7,1435.05,1688.32,1764.1,1359.27,224.97,overstock
448,2021,8,1359.27,830.79,804.0,1386.06,224.97,overstock
448,2021,9,1386.06,0.0,0.0,1205.52,224.97,overstock
448,2021,10,1205.52,0.0,0.0,1109.27,224.97,normal
448,2021,11,1109.27,0.0,0.0,1021.84,224.97,normal
448,2021,12,1021.84,0.0,0.0,896.1,224.97,normal
448,2022,1,896.1,48.69,0.0,899.38,224.97,normal
448,2022,2,899.38,0.0,0.0,848.21,224.97,normal
448,2022,3,848.21,0.0,0.0,781.3,224.97,normal
448,2022,4,781.3,65.32,0.0,734.42,224.97,normal
448,2022,5,734.42,0.0,0.0,670.91,224.97,normal
448,2022,6,670.91,0.0,0.0,610.86,224.97,normal
448,2022,7,610.86,0.0,2.2,608.66,224.97,normal
448,2022,8,608.66,0.0,0.0,558.95,224.97,normal
448,2022,9,558.95,0.0,0.0,514.82,224.97,normal
448,2022,10,514.82,0.0,0.0,485.69,224.97,normal
448,2022,11,485.69,0.0,0.0,441.62,224.97,normal
448,2022,12,441.62,0.0,0.0,402.88,224.97,normal
448,2023,1,402.88,0.0,0.0,372.46,224.97,normal
448,2023,2,372.46,44.57,0.0,387.03,224.97,normal
448,2023,3,387.03,0.0,0.0,360.94,224.97,normal
448,2023,4,360.94,0.0,0.0,342.32,224.97,normal
448,2023,5,342.32,354.5,543.2,153.62,224.97,understock
449,2021,2,109.2,120.85,169.97,60.08,28.47,normal
449,2021,3,60.08,54.96,60.52,54.52,28.47,normal
450,2022,7,106.58,116.39,108.78,114.19,30.75,normal
451,2021,8,864.54,1138.14,1057.71,944.97,267.34,normal
451,2021,9,944.97,1559.6,1444.75,1059.82,267.34,normal
451,2021,10,1059.82,548.3,862.15,745.97,267.34,normal
451,2021,11,745.97,1068.72,2670.9,0.0,267.34,stockout
451,2021,12,0.0,2141.34,2210.17,0.0,267.34,stockout
451,2022,1,0.0,320.11,418.47,0.0,267.34,stockout
451,2022,2,0.0,973.11,1397.37,0.0,267.34,stockout
451,2022,3,0.0,1310.97,899.23,411.74,267.34,normal
451,2022,4,411.74,167.34,97.7,481.38,267.34,normal
451,2022,5,481.38,1168.54,1076.38,573.54,267.34,normal
451,2022,6,573.54,1079.93,979.41,674.06,267.34,normal
451,2022,7,674.06,462.76,977.56,159.26,267.34,understock
451,2022,8,159.26,522.56,551.1,130.72,267.34,understock
451,2022,9,130.72,681.4,1051.7,0.0,267.34,stockout
451,2022,10,0.0,297.13,271.5,25.63,267.34,understock
451,2022,11,25.63,164.91,145.6,44.94,267.34,understock
451,2022,12,44.94,599.95,637.4,7.49,267.34,understock
451,2023,1,7.49,765.63,1801.5,0.0,267.34,stockout
451,2023,2,0.0,608.25,546.8,61.45,267.34,understock
451,2023,3,61.45,149.58,289.2,0.0,267.34,stockout
451,2023,4,0.0,2683.12,1645.41,1037.71,267.34,normal
451,2023,5,1037.71,520.78,604.3,954.19,267.34,normal
451,2023,6,954.19,1279.4,1381.89,851.7,267.34,normal
451,2023,7,851.7,293.31,338.55,806.46,267.34,normal
451,2023,8,806.46,1680.6,1901.6,585.46,267.34,normal
451,2023,9,585.46,605.68,502.01,689.13,267.34,normal
451,2023,10,689.13,545.98,825.0,410.11,267.34,normal
451,2023,11,410.11,705.1,1494.36,0.0,267.34,stockout
451,2023,12,0.0,0.0,0.0,0.0,267.34,stockout
451,2024,1,0.0,2123.09,1536.8,586.29,267.34,normal
451,2024,2,586.29,229.34,346.9,468.73,267.34,normal
451,2024,3,468.73,728.56,646.2,551.09,267.34,normal
451,2024,4,551.09,614.69,606.9,558.88,267.34,normal
451,2024,5,558.88,350.93,564.6,345.21,267.34,normal
451,2024,6,345.21,1004.46,874.0,475.67,267.34,normal
451,2024,7,475.67,621.35,910.0,187.02,267.34,understock
454,2021,1,944.17,1860.37,1682.03,1122.51,230.79,normal
454,2021,2,1122.51,897.35,973.51,1046.35,230.79,normal
454,2021,3,1046.35,1166.51,1302.41,910.45,230.79,normal
454,2021,4,910.45,943.24,862.74,990.95,230.79,normal
454,2021,5,990.95,71.27,80.64,981.58,230.79,normal
454,2021,6,981.58,180.77,303.12,859.23,230.79,normal
454,2021,7,859.23,823.91,845.91,837.23,230.79,normal
454,2021,8,837.23,689.54,678.09,848.68,230.79,normal
454,2021,9,848.68,199.8,173.6,874.88,230.79,normal
454,2021,10,874.88,1044.71,989.15,930.44,230.79,normal
454,2021,11,930.44,1046.5,1040.49,936.45,230.79,normal
454,2021,12,936.45,3273.88,2325.76,1884.57,230.79,overstock
454,2022,1,1884.57,312.76,298.4,1898.93,230.79,overstock
454,2022,2,1898.93,851.94,789.86,1961.01,230.79,overstock
454,2022,3,1961.01,869.24,1407.02,1423.23,230.79,overstock
454,2022,4,1423.23,464.9,417.13,1471.0,230.79,overstock
454,2022,5,1471.0,854.89,548.4,1777.49,230.79,overstock
454,2022,6,1777.49,827.14,814.62,1790.01,230.79,overstock
454,2022,7,1790.01,1147.51,1171.13,1766.39,230.79,overstock
454,2022,8,1766.39,376.14,278.84,1863.69,230.79,overstock
454,2022,9,1863.69,774.91,711.46,1927.14,230.79,overstock
454,2022,10,1927.14,284.75,419.25,1792.64,230.79,overstock
454,2022,11,1792.64,278.58,318.74,1752.48,230.79,overstock
454,2022,12,1752.48,567.15,625.8,1693.83,230.79,overstock
454,2023,1,1693.83,642.4,457.06,1879.17,230.79,overstock
454,2023,2,1879.17,1232.81,1314.49,1797.49,230.79,overstock
454,2023,3,1797.49,2642.24,1566.6,2873.13,230.79,overstock
454,2023,4,2873.13,2101.91,2075.12,2899.92,230.79,overstock
454,2023,5,2899.92,456.17,474.3,2881.79,230.79,overstock
454,2023,6,2881.79,693.87,679.67,2895.99,230.79,overstock
454,2023,7,2895.99,393.99,671.76,2618.22,230.79,overstock
454,2023,8,2618.22,485.49,349.02,2754.69,230.79,overstock
454,2023,9,2754.69,769.34,692.97,2831.06,230.79,overstock
454,2023,10,2831.06,566.66,490.98,2906.74,230.79,overstock
454,2023,11,2906.74,833.26,750.8,2989.2,230.79,overstock
454,2023,12,2989.2,0.0,0.0,2552.12,230.79,overstock
454,2024,1,2552.12,955.96,685.6,2822.48,230.79,overstock
454,2024,2,2822.48,383.81,432.2,2774.09,230.79,overstock
454,2024,3,2774.09,793.42,841.7,2725.81,230.79,overstock
454,2024,4,2725.81,336.34,336.8,2725.35,230.79,overstock
454,2024,5,2725.35,317.69,667.8,2375.24,230.79,overstock
454,2024,6,2375.24,443.73,318.0,2500.97,230.79,overstock
454,2024,7,2500.97,880.26,774.4,2606.83,230.79,overstock
455,2023,12,46.77,94.19,97.8,43.16,17.41,normal
455,2024,1,43.16,0.0,0.0,37.5,17.41,normal
455,2024,2,37.5,6.65,0.0,38.76,17.41,normal
455,2024,3,38.76,0.0,0.0,33.03,17.41,normal
455,2024,4,33.03,0.0,0.0,29.54,17.41,normal
455,2024,5,29.54,0.0,0.0,27.13,17.41,normal
455,2024,6,27.13,0.0,0.0,24.93,17.41,normal
455,2024,7,24.93,15.41,12.8,27.54,17.41,normal
456,2021,4,1144.13,0.0,11.94,1132.19,208.45,normal
456,2021,5,1132.19,1923.23,1780.06,1275.36,208.45,normal
456,2021,6,1275.36,0.0,0.0,1179.43,208.45,normal
456,2021,7,1179.43,4454.41,2647.29,2986.55,208.45,overstock
456,2021,8,2986.55,0.0,0.0,2584.5,208.45,overstock
456,2021,9,2584.5,0.0,0.0,2345.59,208.45,overstock
456,2021,10,2345.59,3132.23,3124.52,2353.3,208.45,overstock
456,2021,11,2353.3,0.0,0.0,2051.76,208.45,overstock
456,2021,12,2051.76,47.99,75.5,2024.25,208.45,overstock
456,2022,1,2024.25,0.0,0.0,1919.39,208.45,overstock
456,2022,2,1919.39,2251.92,3424.2,747.11,208.45,normal
456,2022,3,747.11,190.81,0.0,865.39,208.45,normal
456,2022,4,865.39,0.0,0.0,771.42,208.45,normal
456,2022,5,771.42,0.0,0.0,670.81,208.45,normal
456,2022,6,670.81,0.0,0.0,610.57,208.45,normal
456,2022,7,610.57,0.0,0.0,531.01,208.45,normal
456,2022,8,531.01,0.0,0.0,483.85,208.45,normal
456,2022,9,483.85,195.03,0.0,650.28,208.45,normal
456,2022,10,650.28,0.0,0.0,590.9,208.45,normal
456,2022,11,590.9,0.0,0.0,521.2,208.45,normal
456,2022,12,521.2,346.44,316.7,550.94,208.45,normal
456,2023,1,550.94,0.0,0.0,477.76,208.45,normal
456,2023,2,477.76,0.0,0.0,411.0,208.45,normal
456,2023,3,411.0,360.12,378.7,392.42,208.45,normal
456,2023,4,392.42,0.0,0.0,337.48,208.45,normal
456,2023,5,337.48,0.0,0.0,311.35,208.45,normal
456,2023,6,311.35,0.0,0.0,283.71,208.45,normal
456,2023,7,283.71,0.0,0.0,261.9,208.45,normal
456,2023,8,261.9,472.09,379.7,354.29,208.45,normal
456,2023,9,354.29,0.0,0.0,330.45,208.45,normal
456,2023,10,330.45,0.0,0.0,311.89,208.45,normal
456,2023,11,311.89,5.49,12.6,304.78,208.45,normal
456,2023,12,304.78,20.89,9.3,316.37,208.45,normal
456,2024,1,316.37,0.0,0.0,276.42,208.45,normal
456,2024,2,276.42,0.0,0.0,244.06,208.45,normal
456,2024,3,244.06,1650.57,1246.3,648.33,208.45,normal
456,2024,4,648.33,0.0,0.0,580.72,208.45,normal
456,2024,5,580.72,0.0,0.0,531.49,208.45,normal
456,2024,6,531.49,594.32,564.4,561.41,208.45,normal
456,2024,7,561.41,663.06,615.7,608.77,208.45,normal
457,2021,1,3278.18,2441.47,5001.89,717.76,874.17,understock
457,2021,2,717.76,0.0,0.0,618.89,874.17,understock
457,2021,3,618.89,6163.61,5360.99,1421.51,874.17,normal
457,2021,4,1421.51,108.57,102.47,1427.61,874.17,normal
457,2021,5,1427.61,6240.51,5508.21,2159.91,874.17,normal
457,2021,6,2159.91,0.0,91.3,2068.61,874.17,normal
457,2021,7,2068.61,14531.82,14411.32,2189.11,874.17,normal
457,2021,8,2189.11,1257.2,887.96,2558.35,874.17,normal
457,2021,9,2558.35,0.0,0.0,2275.84,874.17,normal
457,2021,10,2275.84,7169.09,4940.16,4504.77,874.17,normal
457,2021,11,4504.77,0.0,0.0,4077.2,874.17,normal
457,2021,12,4077.2,260.46,378.52,3959.14,874.17,normal
457,2022,1,3959.14,0.0,0.0,3676.56,874.17,normal
457,2022,2,3676.56,10234.98,10159.32,3752.22,874.17,normal
457,2022,3,3752.22,7574.36,7621.6,3704.98,874.17,normal
457,2022,4,3704.98,148.37,358.4,3494.95,874.17,normal
457,2022,5,3494.95,407.14,0.0,3533.66,874.17,normal
457,2022,6,3533.66,3797.63,6089.49,1241.8,874.17,normal
457,2022,7,1241.8,57.17,60.1,1238.87,874.17,normal
457,2022,8,1238.87,0.0,60.8,1178.07,874.17,normal
457,2022,9,1178.07,5942.82,6319.0,801.89,874.17,understock
457,2022,10,801.89,167.78,0.0,864.77,874.17,understock
457,2022,11,864.77,503.69,308.9,1059.56,874.17,normal
457,2022,12,1059.56,7015.5,6758.72,1316.34,874.17,normal
457,2023,1,1316.34,46.23,75.5,1287.07,874.17,normal
457,2023,2,1287.07,306.93,63.7,1530.3,874.17,normal
457,2023,3,1530.3,8864.65,5744.17,4650.78,874.17,normal
457,2023,4,4650.78,280.25,373.8,4557.23,874.17,normal
457,2023,5,4557.23,264.78,330.1,4491.91,874.17,normal
457,2023,6,4491.91,117.84,178.8,4430.95,874.17,normal
457,2023,7,4430.95,864.59,630.92,4664.62,874.17,normal
457,2023,8,4664.62,3119.43,5334.08,2449.97,874.17,normal
457,2023,9,2449.97,11972.34,7973.9,6448.41,874.17,overstock
457,2023,10,6448.41,430.92,443.3,6436.03,874.17,overstock
457,2023,11,6436.03,0.0,12.8,6423.23,874.17,overstock
457,2023,12,6423.23,5139.56,5527.53,6035.26,874.17,overstock
457,2024,1,6035.26,1281.41,1261.2,6055.47,874.17,overstock
457,2024,2,6055.47,3073.44,3014.3,6114.61,874.17,overstock
457,2024,3,6114.61,5100.72,5549.0,5666.33,874.17,overstock
457,2024,4,5666.33,0.0,126.6,5539.73,874.17,overstock
457,2024,5,5539.73,204.26,30.0,5713.99,874.17,overstock
457,2024,6,5713.99,7092.49,7030.3,5776.18,874.17,overstock
457,2024,7,5776.18,2580.84,2689.0,5668.02,874.17,overstock
458,2021,1,2737.2,8818.23,8983.67,2571.76,766.48,normal
458,2021,2,2571.76,336.11,0.0,2644.74,766.48,normal
458,2021,3,2644.74,7040.34,5227.14,4457.94,766.48,overstock
458,2021,4,4457.94,1.22,11.79,4447.37,766.48,overstock
458,2021,5,4447.37,5118.25,5379.18,4186.44,766.48,overstock
458,2021,6,4186.44,0.0,0.0,3744.25,766.48,overstock
458,2021,7,3744.25,4816.62,4193.34,4367.53,766.48,overstock
458,2021,8,4367.53,552.71,642.4,4277.84,766.48,overstock
458,2021,9,4277.84,0.0,0.0,3931.82,766.48,overstock
458,2021,10,3931.82,1828.78,3112.26,2648.34,766.48,normal
458,2021,11,2648.34,0.0,0.0,2492.68,766.48,normal
458,2021,12,2492.68,0.0,93.0,2399.68,766.48,normal
458,2022,1,2399.68,158.57,0.0,2266.3,766.48,normal
458,2022,2,2266.3,613.45,611.5,2268.25,766.48,normal
458,2022,3,2268.25,2017.77,2054.1,2231.92,766.48,normal
458,2022,4,2231.92,45.98,60.0,2217.9,766.48,normal
458,2022,5,2217.9,0.0,0.0,1920.4,766.48,normal
458,2022,6,1920.4,1663.83,1524.3,2059.93,766.48,normal
458,2022,7,2059.93,152.63,0.0,2067.73,766.48,normal
458,2022,8,2067.73,0.0,0.0,1789.47,766.48,normal
458,2022,9,1789.47,1971.84,1811.2,1950.11,766.48,normal
458,2022,10,1950.11,0.0,0.0,1740.07,766.48,normal
458,2022,11,1740.07,0.0,0.0,1638.47,766.48,normal
458,2022,12,1638.47,956.76,626.71,1968.52,766.48,normal
458,2023,1,1968.52,405.41,0.0,2216.09,766.48,normal
458,2023,2,2216.09,0.0,0.0,2032.37,766.48,normal
458,2023,3,2032.37,8263.17,8627.35,1668.19,766.48,normal
458,2023,4,1668.19,0.0,0.0,1499.45,766.48,normal
458,2023,5,1499.45,0.0,3.03,1496.42,766.48,normal
458,2023,6,1496.42,81.2,6.2,1571.42,766.48,normal
458,2023,7,1571.42,0.0,0.0,1355.15,766.48,normal
458,2023,8,1355.15,10251.44,9450.45,2156.14,766.48,normal
458,2023,9,2156.14,939.19,625.7,2469.63,766.48,normal
458,2023,10,2469.63,0.0,0.0,2230.0,766.48,normal
458,2023,11,2230.0,7.13,11.48,2225.65,766.48,normal
458,2023,12,2225.65,475.73,373.54,2327.84,766.48,normal
458,2024,1,2327.84,0.0,0.0,2021.24,766.48,normal
458,2024,2,2021.24,685.17,392.75,2313.66,766.48,normal
458,2024,3,2313.66,5022.74,4580.29,2756.11,766.48,normal
458,2024,4,2756.11,0.0,2.9,2753.21,766.48,normal
458,2024,5,2753.21,0.0,3.1,2750.11,766.48,normal
458,2024,6,2750.11,472.66,542.8,2679.97,766.48,normal
458,2024,7,2679.97,701.38,1266.4,2114.95,766.48,normal
459,2021,1,3067.04,386.97,607.8,2846.21,861.47,normal
459,2021,2,2846.21,229.31,181.1,2894.42,861.47,normal
459,2021,3,2894.42,4054.13,2735.5,4213.05,861.47,overstock
459,2021,4,4213.05,190.23,0.0,4056.93,861.47,overstock
459,2021,5,4056.93,0.0,0.0,3823.62,861.47,normal
459,2021,6,3823.62,0.0,0.0,3492.84,861.47,normal
459,2021,7,3492.84,8598.15,5303.6,6787.39,861.47,overstock
459,2021,8,6787.39,0.0,0.0,6014.98,861.47,overstock
459,2021,9,6014.98,0.0,0.0,5381.16,861.47,overstock
459,2021,10,5381.16,5491.73,3376.0,7496.89,861.47,overstock
459,2021,11,7496.89,0.0,0.0,6467.97,861.47,overstock
459,2021,12,6467.97,0.0,0.0,6090.37,861.47,overstock
459,2022,1,6090.37,0.0,0.0,5472.76,861.47,overstock
459,2022,2,5472.76,5604.38,3739.8,7337.34,861.47,overstock
459,2022,3,7337.34,6960.77,6409.7,7888.41,861.47,overstock
459,2022,4,7888.41,0.0,0.0,7369.75,861.47,overstock
459,2022,5,7369.75,0.0,0.0,6563.79,861.47,overstock
459,2022,6,6563.79,3433.37,3693.2,6303.96,861.47,overstock
459,2022,7,6303.96,0.0,0.0,5880.76,861.47,overstock
459,2022,8,5880.76,0.0,0.0,5228.32,861.47,overstock
459,2022,9,5228.32,2658.04,6122.78,1763.58,861.47,normal
459,2022,10,1763.58,0.0,0.0,1606.75,861.47,normal
459,2022,11,1606.75,0.0,0.0,1452.12,861.47,normal
459,2022,12,1452.12,3408.09,3068.5,1791.71,861.47,normal
459,2023,1,1791.71,0.0,0.0,1562.1,861.47,normal
459,2023,2,1562.1,0.0,0.0,1445.61,861.47,normal
459,2023,3,1445.61,1780.59,3518.67,0.0,861.47,stockout
459,2023,4,0.0,0.0,0.0,0.0,861.47,stockout
459,2023,5,0.0,0.0,0.0,0.0,861.47,stockout
459,2023,6,0.0,0.0,0.0,0.0,861.47,stockout
459,2023,7,0.0,0.0,0.0,0.0,861.47,stockout
459,2023,8,0.0,1485.4,1215.83,269.57,861.47,understock
459,2023,9,269.57,3247.97,3040.51,477.03,861.47,understock
459,2023,10,477.03,0.0,0.0,424.94,861.47,understock
459,2023,11,424.94,0.0,12.16,412.78,861.47,understock
459,2023,12,412.78,2823.54,2749.67,486.65,861.47,understock
459,2024,1,486.65,693.88,1210.6,0.0,861.47,stockout
459,2024,2,0.0,926.36,751.8,174.56,861.47,understock
459,2024,3,174.56,1870.67,3035.7,0.0,861.47,stockout
459,2024,4,0.0,0.0,0.0,0.0,861.47,stockout
459,2024,5,0.0,0.0,0.0,0.0,861.47,stockout
459,2024,6,0.0,775.4,1583.4,0.0,861.47,stockout
459,2024,7,0.0,1054.6,1223.5,0.0,861.47,stockout
460,2021,1,391.43,635.67,475.4,551.7,122.94,normal
460,2021,2,551.7,0.0,0.0,473.71,122.94,normal
460,2021,3,473.71,472.47,412.4,533.78,122.94,normal
460,2021,4,533.78,140.88,157.85,516.81,122.94,normal
460,2021,5,516.81,46.29,119.1,444.0,122.94,normal
460,2021,6,444.0,116.27,117.3,442.97,122.94,normal
460,2021,7,442.97,97.13,118.2,421.9,122.94,normal
460,2021,8,421.9,1212.84,803.98,830.76,122.94,overstock
460,2021,9,830.76,262.78,241.1,852.44,122.94,overstock
460,2021,10,852.44,114.92,123.3,844.06,122.94,overstock
460,2021,11,844.06,0.0,0.0,772.46,122.94,overstock
460,2021,12,772.46,199.23,382.1,589.59,122.94,normal
460,2022,1,589.59,151.67,308.68,432.58,122.94,normal
460,2022,2,432.58,1186.18,747.9,870.86,122.94,overstock
460,2022,3,870.86,526.87,464.94,932.79,122.94,overstock
460,2022,4,932.79,120.06,119.5,933.35,122.94,overstock
460,2022,5,933.35,0.0,0.0,797.72,122.94,overstock
460,2022,6,797.72,2333.03,2116.38,1014.37,122.94,overstock
460,2022,7,1014.37,121.77,123.2,1012.94,122.94,overstock
460,2022,8,1012.94,176.77,121.9,1067.81,122.94,overstock
460,2022,9,1067.81,208.41,212.5,1063.72,122.94,overstock
460,2022,10,1063.72,194.68,182.9,1075.5,122.94,overstock
460,2022,11,1075.5,225.59,241.1,1059.99,122.94,overstock
460,2022,12,1059.99,1777.32,1584.5,1252.81,122.94,overstock
460,2023,1,1252.81,62.0,168.83,1145.98,122.94,overstock
460,2023,2,1145.98,90.7,128.5,1108.18,122.94,overstock
460,2023,3,1108.18,605.81,940.17,773.82,122.94,overstock
460,2023,4,773.82,49.03,64.8,758.05,122.94,overstock
460,2023,5,758.05,144.97,288.77,614.25,122.94,normal
460,2023,6,614.25,246.01,186.8,673.46,122.94,overstock
460,2023,7,673.46,138.48,251.6,560.34,122.94,normal
460,2023,8,560.34,169.09,309.66,419.77,122.94,normal
460,2023,9,419.77,2865.46,2013.09,1272.14,122.94,overstock
460,2023,10,1272.14,37.13,121.3,1187.97,122.94,overstock
460,2023,11,1187.97,102.16,250.9,1039.23,122.94,overstock
460,2023,12,1039.23,1368.82,989.7,1418.35,122.94,overstock
460,2024,1,1418.35,1162.91,1547.0,1034.26,122.94,overstock
460,2024,2,1034.26,240.63,221.6,1053.29,122.94,overstock
460,2024,3,1053.29,416.84,370.3,1099.83,122.94,overstock
460,2024,4,1099.83,448.53,311.7,1236.66,122.94,overstock
460,2024,5,1236.66,66.41,31.0,1272.07,122.94,overstock
460,2024,6,1272.07,180.49,121.9,1330.66,122.94,overstock
460,2024,7,1330.66,155.08,246.3,1239.44,122.94,overstock
463,2022,12,403.36,356.2,356.8,402.76,100.91,normal
464,2022,12,348.15,414.19,347.3,415.04,101.62,normal
465,2022,12,350.16,359.94,358.2,351.9,93.73,normal
466,2022,3,35.05,4.34,6.0,33.39,9.21,normal
466,2022,4,33.39,6.21,0.0,35.91,9.21,normal
466,2022,5,35.91,0.0,0.0,32.67,9.21,normal
466,2022,6,32.67,0.0,0.0,28.95,9.21,normal
466,2022,7,28.95,0.0,0.0,26.44,9.21,normal
466,2022,8,26.44,0.0,0.0,22.95,9.21,normal
466,2022,9,22.95,0.0,0.0,21.41,9.21,normal
466,2022,10,21.41,0.0,0.0,19.73,9.21,normal
466,2022,11,19.73,0.0,0.0,17.06,9.21,normal
466,2022,12,17.06,2.01,0.0,17.75,9.21,normal
466,2023,1,17.75,0.0,0.0,16.45,9.21,normal
466,2023,2,16.45,0.0,0.0,14.7,9.21,normal
466,2023,3,14.7,3.74,0.0,17.11,9.21,normal
466,2023,4,17.11,4.95,0.0,20.0,9.21,normal
466,2023,5,20.0,0.0,0.0,17.54,9.21,normal
466,2023,6,17.54,6.31,0.0,21.54,9.21,normal
466,2023,7,21.54,0.0,0.0,20.43,9.21,normal
466,2023,8,20.43,0.0,0.0,17.75,9.21,normal
466,2023,9,17.75,0.0,0.0,16.7,9.21,normal
466,2023,10,16.7,0.0,0.0,14.26,9.21,normal
466,2023,11,14.26,0.0,0.0,12.73,9.21,normal
466,2023,12,12.73,0.0,0.0,11.53,9.21,normal
466,2024,1,11.53,0.0,0.0,10.4,9.21,normal
466,2024,2,10.4,0.0,0.0,9.8,9.21,normal
466,2024,3,9.8,0.0,0.0,8.64,9.21,understock
466,2024,4,8.64,0.0,0.0,7.7,9.21,understock
466,2024,5,7.7,0.0,0.0,6.59,9.21,understock
466,2024,6,6.59,3.61,0.0,9.86,9.21,normal
466,2024,7,9.86,61.42,59.4,11.88,9.21,normal
468,2021,1,800.33,367.7,379.71,788.32,220.23,normal
468,2021,2,788.32,657.03,541.76,903.59,220.23,normal
468,2021,3,903.59,878.44,604.71,1177.32,220.23,overstock
468,2021,4,1177.32,331.29,554.63,953.98,220.23,normal
468,2021,5,953.98,666.54,559.58,1060.94,220.23,overstock
468,2021,6,1060.94,156.23,179.85,1037.32,220.23,overstock
468,2021,7,1037.32,161.63,178.67,1020.28,220.23,overstock
468,2021,8,1020.28,1059.7,1606.1,473.88,220.23,normal
468,2021,9,473.88,69.8,122.72,420.96,220.23,normal
468,2021,10,420.96,876.92,905.39,392.49,220.23,normal
468,2021,11,392.49,315.15,374.67,332.97,220.23,normal
468,2021,12,332.97,753.38,676.82,409.53,220.23,normal
468,2022,1,409.53,593.66,607.91,395.28,220.23,normal
468,2022,2,395.28,2375.37,2355.43,415.22,220.23,normal
468,2022,3,415.22,816.44,740.66,491.0,220.23,normal
468,2022,4,491.0,672.6,680.54,483.06,220.23,normal
468,2022,5,483.06,494.47,549.12,428.41,220.23,normal
468,2022,6,428.41,572.81,557.95,443.27,220.23,normal
468,2022,7,443.27,108.79,123.5,428.56,220.23,normal
468,2022,8,428.56,311.55,365.08,375.03,220.23,normal
468,2022,9,375.03,1847.16,1837.19,385.0,220.23,normal
468,2022,10,385.0,357.26,318.3,423.96,220.23,normal
468,2022,11,423.96,404.31,670.3,157.97,220.23,understock
468,2022,12,157.97,525.53,488.0,195.5,220.23,understock
468,2023,1,195.5,591.81,560.28,227.03,220.23,normal
468,2023,2,227.03,1194.72,722.88,698.87,220.23,normal
468,2023,3,698.87,1736.64,1038.51,1397.0,220.23,overstock
468,2023,4,1397.0,950.15,862.93,1484.22,220.23,overstock
468,2023,5,1484.22,193.2,185.18,1492.24,220.23,overstock
468,2023,6,1492.24,111.63,269.7,1334.17,220.23,overstock
468,2023,7,1334.17,202.72,182.9,1353.99,220.23,overstock
468,2023,8,1353.99,169.2,180.92,1342.27,220.23,overstock
468,2023,9,1342.27,633.75,549.64,1426.38,220.23,overstock
468,2023,10,1426.38,62.3,184.26,1304.42,220.23,overstock
468,2023,11,1304.42,443.42,302.95,1444.89,220.23,overstock
468,2023,12,1444.89,1362.18,853.8,1953.27,220.23,overstock
468,2024,1,1953.27,983.59,987.26,1949.6,220.23,overstock
468,2024,2,1949.6,623.63,1091.44,1481.79,220.23,overstock
468,2024,3,1481.79,401.31,729.1,1154.0,220.23,overstock
468,2024,4,1154.0,929.79,669.7,1414.09,220.23,overstock
468,2024,5,1414.09,675.33,609.9,1479.52,220.23,overstock
468,2024,6,1479.52,641.29,1518.6,602.21,220.23,normal
469,2022,3,719.65,1016.27,641.3,1094.62,214.0,overstock
469,2022,4,1094.62,0.0,0.0,1031.32,214.0,overstock
469,2022,5,1031.32,0.0,0.0,893.59,214.0,normal
469,2022,6,893.59,0.0,0.0,772.57,214.0,normal
469,2022,7,772.57,0.0,0.0,693.76,214.0,normal
469,2022,8,693.76,0.0,0.0,629.99,214.0,normal
469,2022,9,629.99,546.63,569.3,607.32,214.0,normal
469,2022,10,607.32,0.0,0.0,544.69,214.0,normal
469,2022,11,544.69,0.0,0.0,474.35,214.0,normal
469,2022,12,474.35,0.0,0.0,413.6,214.0,normal
469,2023,1,413.6,0.0,0.0,390.85,214.0,normal
469,2023,2,390.85,0.0,0.0,368.35,214.0,normal
469,2023,3,368.35,393.47,349.6,412.22,214.0,normal
469,2023,4,412.22,0.0,0.0,391.12,214.0,normal
469,2023,5,391.12,0.0,0.0,348.95,214.0,normal
469,2023,6,348.95,0.0,0.0,312.84,214.0,normal
469,2023,7,312.84,0.0,0.0,268.65,214.0,normal
469,2023,8,268.65,961.02,950.6,279.07,214.0,normal
469,2023,9,279.07,0.0,0.0,238.63,214.0,normal
469,2023,10,238.63,0.0,0.0,221.08,214.0,normal
469,2023,11,221.08,0.0,12.0,209.08,214.0,understock
469,2023,12,209.08,93.64,0.0,286.12,214.0,normal
469,2024,1,286.12,0.0,0.0,263.2,214.0,normal
469,2024,2,263.2,0.0,0.0,239.32,214.0,normal
469,2024,3,239.32,0.0,0.0,214.56,214.0,normal
469,2024,4,214.56,0.0,0.0,192.92,214.0,understock
469,2024,5,192.92,0.0,0.0,170.33,214.0,understock
469,2024,6,170.33,0.0,0.0,159.93,214.0,understock
469,2024,7,159.93,998.14,1148.26,9.81,214.0,understock
470,2022,3,2362.08,772.67,743.9,2390.85,734.13,normal
470,2022,4,2390.85,0.0,0.0,2175.28,734.13,normal
470,2022,5,2175.28,0.0,0.0,1897.46,734.13,normal
470,2022,6,1897.46,0.0,0.0,1642.4,734.13,normal
470,2022,7,1642.4,0.0,0.0,1424.18,734.13,normal
470,2022,8,1424.18,0.0,0.0,1326.07,734.13,normal
470,2022,9,1326.07,986.5,1846.78,465.79,734.13,understock
470,2022,10,465.79,0.0,0.0,428.7,734.13,understock
470,2022,11,428.7,0.0,0.0,397.41,734.13,understock
470,2022,12,397.41,398.54,0.0,769.28,734.13,normal
470,2023,1,769.28,216.97,0.0,918.56,734.13,normal
470,2023,2,918.56,0.0,0.0,868.54,734.13,normal
470,2023,3,868.54,7206.07,4598.92,3475.69,734.13,normal
470,2023,4,3475.69,0.0,0.0,3084.24,734.13,normal
470,2023,5,3084.24,198.5,0.0,2863.46,734.13,normal
470,2023,6,2863.46,0.0,0.0,2611.42,734.13,normal
470,2023,7,2611.42,0.0,0.0,2307.67,734.13,normal
470,2023,8,2307.67,4677.98,4449.92,2535.73,734.13,normal
470,2023,9,2535.73,406.3,0.0,2691.75,734.13,normal
470,2023,10,2691.75,0.0,0.0,2300.2,734.13,normal
470,2023,11,2300.2,0.0,12.0,2288.2,734.13,normal
470,2023,12,2288.2,0.0,0.0,2015.93,734.13,normal
470,2024,1,2015.93,0.0,0.0,1873.41,734.13,normal
470,2024,2,1873.41,0.0,0.0,1627.02,734.13,normal
470,2024,3,1627.02,0.0,0.0,1402.45,734.13,normal
470,2024,4,1402.45,0.0,0.0,1317.47,734.13,normal
470,2024,5,1317.47,237.38,0.0,1408.06,734.13,normal
470,2024,6,1408.06,0.0,0.0,1211.04,734.13,normal
470,2024,7,1211.04,1442.53,3551.7,0.0,734.13,stockout
471,2022,3,2078.59,700.15,691.7,2087.04,557.51,normal
471,2022,4,2087.04,0.0,0.0,1847.64,557.51,normal
471,2022,5,1847.64,0.0,0.0,1663.74,557.51,normal
471,2022,6,1663.74,0.0,0.0,1421.5,557.51,normal
471,2022,7,1421.5,0.0,0.0,1276.98,557.51,normal
471,2022,8,1276.98,0.0,0.0,1142.02,557.51,normal
471,2022,9,1142.02,789.54,562.91,1368.65,557.51,normal
471,2022,10,1368.65,0.0,0.0,1288.1,557.51,normal
471,2022,11,1288.1,0.0,0.0,1186.57,557.51,normal
471,2022,12,1186.57,0.0,0.0,1062.63,557.51,normal
471,2023,1,1062.63,0.0,0.0,1001.44,557.51,normal
471,2023,2,1001.44,0.0,0.0,888.9,557.51,normal
471,2023,3,888.9,5879.99,5762.46,1006.43,557.51,normal
471,2023,4,1006.43,0.0,0.0,923.67,557.51,normal
471,2023,5,923.67,0.0,0.0,790.74,557.51,normal
471,2023,6,790.74,0.0,0.0,745.29,557.51,normal
471,2023,7,745.29,0.0,0.0,641.63,557.51,normal
471,2023,8,641.63,6991.34,5980.01,1652.96,557.51,normal
471,2023,9,1652.96,0.0,0.0,1557.37,557.51,normal
471,2023,10,1557.37,0.0,0.0,1422.95,557.51,normal
471,2023,11,1422.95,165.44,11.4,1576.99,557.51,normal
471,2023,12,1576.99,0.0,0.0,1492.81,557.51,normal
471,2024,1,1492.81,0.0,0.0,1390.29,557.51,normal
471,2024,2,1390.29,0.0,0.0,1272.4,557.51,normal
471,2024,3,1272.4,0.0,0.0,1166.26,557.51,normal
471,2024,4,1166.26,175.72,0.0,1279.77,557.51,normal
471,2024,5,1279.77,0.0,0.0,1093.63,557.51,normal
471,2024,6,1093.63,469.45,0.0,1428.2,557.51,normal
471,2024,7,1428.2,977.33,1666.3,739.23,557.51,normal
472,2022,3,1640.18,792.68,674.34,1758.52,622.68,normal
472,2022,4,1758.52,295.2,0.0,1871.88,622.68,normal
472,2022,5,1871.88,0.0,0.0,1714.59,622.68,normal
472,2022,6,1714.59,0.0,0.0,1476.09,622.68,normal
472,2022,7,1476.09,0.0,0.0,1280.55,622.68,normal
472,2022,8,1280.55,0.0,0.0,1203.41,622.68,normal
472,2022,9,1203.41,1556.39,1685.5,1074.3,622.68,normal
472,2022,10,1074.3,0.0,0.0,984.36,622.68,normal
472,2022,11,984.36,0.0,0.0,862.02,622.68,normal
472,2022,12,862.02,159.83,0.0,955.11,622.68,normal
472,2023,1,955.11,0.0,0.0,893.55,622.68,normal
472,2023,2,893.55,368.16,0.0,1145.17,622.68,normal
472,2023,3,1145.17,4053.14,3978.78,1219.53,622.68,normal
472,2023,4,1219.53,0.0,0.0,1142.96,622.68,normal
472,2023,5,1142.96,0.0,0.0,1040.45,622.68,normal
472,2023,6,1040.45,0.0,0.0,949.36,622.68,normal
472,2023,7,949.36,0.0,0.0,869.32,622.68,normal
472,2023,8,869.32,3324.41,3359.32,834.41,622.68,normal
472,2023,9,834.41,318.78,0.0,1097.21,622.68,normal
472,2023,10,1097.21,284.53,0.0,1241.96,622.68,normal
472,2023,11,1241.96,55.14,11.31,1285.79,622.68,normal
472,2023,12,1285.79,0.0,0.0,1189.84,622.68,normal
472,2024,1,1189.84,0.0,0.0,1117.93,622.68,normal
472,2024,2,1117.93,0.0,0.0,965.86,622.68,normal
472,2024,3,965.86,0.0,0.0,826.9,622.68,normal
472,2024,4,826.9,0.0,0.0,769.81,622.68,normal
472,2024,5,769.81,0.0,0.0,725.82,622.68,normal
472,2024,6,725.82,0.0,0.0,635.7,622.68,normal
472,2024,7,635.7,1742.36,1821.54,556.52,622.68,understock
473,2021,8,51.63,58.88,58.48,52.03,12.08,normal
473,2021,9,52.03,6.25,0.0,54.19,12.08,normal
473,2021,10,54.19,0.0,0.0,46.41,12.08,normal
473,2021,11,46.41,4.83,0.0,48.82,12.08,normal
473,2021,12,48.82,0.0,0.0,43.93,12.08,normal
473,2022,1,43.93,0.0,0.0,41.15,12.08,normal
473,2022,2,41.15,0.0,0.0,36.33,12.08,normal
473,2022,3,36.33,31.83,56.15,12.01,12.08,understock
473,2022,4,12.01,0.0,0.0,11.17,12.08,understock
473,2022,5,11.17,0.0,0.0,10.43,12.08,understock
473,2022,6,10.43,0.0,0.0,9.67,12.08,understock
473,2022,7,9.67,0.0,0.0,8.64,12.08,understock
473,2022,8,8.64,0.0,0.0,8.04,12.08,understock
473,2022,9,8.04,0.0,0.0,6.98,12.08,understock
473,2022,10,6.98,0.0,0.0,6.45,12.08,understock
473,2022,11,6.45,0.0,0.0,6.1,12.08,understock
473,2022,12,6.1,0.0,0.0,5.34,12.08,understock
473,2023,1,5.34,3.46,0.0,8.16,12.08,understock
473,2023,2,8.16,0.0,0.0,7.38,12.08,understock
473,2023,3,7.38,0.0,0.0,6.72,12.08,understock
473,2023,4,6.72,0.0,0.0,6.12,12.08,understock
473,2023,5,6.12,0.0,0.0,5.23,12.08,understock
473,2023,6,5.23,5.27,0.0,10.07,12.08,understock
473,2023,7,10.07,0.0,0.0,9.54,12.08,understock
473,2023,8,9.54,0.0,0.0,8.28,12.08,understock
473,2023,9,8.28,0.0,0.0,7.49,12.08,understock
473,2023,10,7.49,0.0,0.0,6.89,12.08,understock
473,2023,11,6.89,11.76,10.68,7.97,12.08,understock
474,2023,6,121.89,104.87,99.64,127.12,25.81,normal
475,2021,8,199.9,91.46,86.1,205.26,40.03,normal
475,2021,9,205.26,0.0,0.0,178.58,40.03,normal
475,2021,10,178.58,104.9,107.63,175.85,40.03,normal
475,2021,11,175.85,20.07,0.0,180.93,40.03,normal
475,2021,12,180.93,73.68,162.81,91.8,40.03,normal
475,2022,1,91.8,114.06,108.67,97.19,40.03,normal
475,2022,2,97.19,160.97,172.91,85.25,40.03,normal
475,2022,3,85.25,0.0,0.0,74.42,40.03,normal
475,2022,4,74.42,291.71,273.0,93.13,40.03,normal
475,2022,5,93.13,0.0,0.0,87.19,40.03,normal
475,2022,6,87.19,0.0,0.0,75.67,40.03,normal
475,2022,7,75.67,0.0,0.0,70.48,40.03,normal
475,2022,8,70.48,12.07,0.0,73.75,40.03,normal
475,2022,9,73.75,299.57,270.51,102.81,40.03,normal
475,2022,10,102.81,0.0,0.0,97.48,40.03,normal
475,2022,11,97.48,83.21,71.51,109.18,40.03,normal
475,2022,12,109.18,599.92,658.02,51.08,40.03,normal
475,2023,1,51.08,295.3,271.41,74.97,40.03,normal
475,2023,2,74.97,106.98,218.54,0.0,40.03,stockout
475,2023,3,0.0,62.58,58.7,3.88,40.03,understock
475,2023,4,3.88,0.0,0.0,3.58,40.03,understock
475,2023,5,3.58,0.0,0.0,3.05,40.03,understock
475,2023,6,3.05,110.73,107.29,6.49,40.03,understock
475,2023,7,6.49,0.0,0.0,5.67,40.03,understock
475,2023,8,5.67,0.0,0.0,5.28,40.03,understock
475,2023,9,5.28,0.0,0.0,4.84,40.03,understock
475,2023,10,4.84,59.8,57.78,6.86,40.03,understock
475,2023,11,6.86,0.0,0.0,6.2,40.03,understock
475,2023,12,6.2,0.0,0.0,5.27,40.03,understock
475,2024,1,5.27,50.42,54.09,1.6,40.03,understock
475,2024,2,1.6,73.26,111.95,0.0,40.03,stockout
475,2024,3,0.0,0.0,0.0,0.0,40.03,stockout
475,2024,4,0.0,13.93,0.0,13.93,40.03,understock
475,2024,5,13.93,104.3,110.11,8.12,40.03,understock
475,2024,6,8.12,174.72,169.82,13.02,40.03,understock
477,2022,3,1032.73,437.31,817.76,652.28,233.86,normal
478,2022,7,547.13,75.8,121.6,501.33,152.68,normal
478,2022,8,501.33,120.42,182.01,439.74,152.68,normal
478,2022,9,439.74,0.0,0.0,406.68,152.68,normal
478,2022,10,406.68,0.0,0.0,347.42,152.68,normal
478,2022,11,347.42,0.0,0.0,309.34,152.68,normal
478,2022,12,309.34,0.0,0.0,282.6,152.68,normal
478,2023,1,282.6,0.0,0.0,250.49,152.68,normal
478,2023,2,250.49,0.0,0.0,220.97,152.68,normal
478,2023,3,220.97,0.0,0.0,199.01,152.68,normal
478,2023,4,199.01,0.0,0.0,179.59,152.68,normal
478,2023,5,179.59,0.0,0.0,156.76,152.68,normal
478,2023,6,156.76,0.0,0.0,142.51,152.68,understock
478,2023,7,142.51,0.0,0.0,133.07,152.68,understock
478,2023,8,133.07,0.0,0.0,124.83,152.68,understock
478,2023,9,124.83,92.97,0.0,208.5,152.68,normal
478,2023,10,208.5,0.0,0.0,181.17,152.68,normal
478,2023,11,181.17,0.0,0.0,154.15,152.68,normal
478,2023,12,154.15,0.0,0.0,135.49,152.68,understock
478,2024,1,135.49,56.25,0.0,173.48,152.68,normal
478,2024,2,173.48,0.0,0.0,154.55,152.68,normal
478,2024,3,154.55,0.0,0.0,136.84,152.68,understock
478,2024,4,136.84,0.0,0.0,129.24,152.68,understock
478,2024,5,129.24,0.0,0.0,111.62,152.68,understock
478,2024,6,111.62,879.38,954.8,36.2,152.68,understock
478,2024,7,36.2,399.45,768.1,0.0,152.68,stockout
479,2022,7,496.17,1049.18,666.65,878.7,108.99,overstock
479,2022,8,878.7,251.33,256.0,874.03,108.99,overstock
479,2022,9,874.03,0.0,0.0,807.31,108.99,overstock
479,2022,10,807.31,0.0,0.0,718.58,108.99,overstock
479,2022,11,718.58,23.0,0.0,678.9,108.99,overstock
479,2022,12,678.9,0.0,0.0,607.29,108.99,overstock
479,2023,1,607.29,255.54,254.8,608.03,108.99,overstock
479,2023,2,608.03,978.66,861.38,725.31,108.99,overstock
479,2023,3,725.31,672.16,417.4,980.07,108.99,overstock
479,2023,4,980.07,491.95,510.5,961.52,108.99,overstock
479,2023,5,961.52,898.77,564.4,1295.89,108.99,overstock
479,2023,6,1295.89,234.07,512.0,1017.96,108.99,overstock
479,2023,7,1017.96,757.57,564.98,1210.55,108.99,overstock
479,2023,8,1210.55,416.63,417.2,1209.98,108.99,overstock
479,2023,9,1209.98,599.25,420.68,1388.55,108.99,overstock
479,2023,10,1388.55,75.15,52.0,1411.7,108.99,overstock
479,2023,11,1411.7,53.19,53.6,1411.29,108.99,overstock
479,2023,12,1411.29,0.0,0.0,1208.28,108.99,overstock
479,2024,1,1208.28,49.77,53.0,1205.05,108.99,overstock
479,2024,2,1205.05,343.06,311.7,1236.41,108.99,overstock
479,2024,3,1236.41,183.04,314.7,1104.75,108.99,overstock
479,2024,4,1104.75,305.88,265.3,1145.33,108.99,overstock
479,2024,5,1145.33,228.44,142.45,1231.32,108.99,overstock
479,2024,6,1231.32,555.5,523.1,1263.72,108.99,overstock
479,2024,7,1263.72,1064.19,672.6,1655.31,108.99,overstock
480,2021,1,1074.5,1615.8,1628.93,1061.37,286.91,normal
480,2021,2,1061.37,420.65,439.51,1042.51,286.91,normal
480,2021,3,1042.51,1367.18,1407.11,1002.58,286.91,normal
480,2021,4,1002.58,546.79,882.35,667.02,286.91,normal
480,2021,5,667.02,386.17,602.21,450.98,286.91,normal
480,2021,6,450.98,3121.72,2915.04,657.66,286.91,normal
480,2021,7,657.66,1895.3,4351.36,0.0,286.91,stockout
480,2021,8,0.0,236.04,629.11,0.0,286.91,stockout
480,2021,9,0.0,0.0,0.0,0.0,286.91,stockout
480,2021,10,0.0,0.0,0.0,0.0,286.91,stockout
480,2021,11,0.0,0.0,0.0,0.0,286.91,stockout
480,2021,12,0.0,0.0,0.0,0.0,286.91,stockout
480,2022,1,0.0,0.0,0.0,0.0,286.91,stockout
480,2022,2,0.0,97.69,108.82,0.0,286.91,stockout
480,2022,3,0.0,198.11,0.0,198.11,286.91,understock
480,2022,4,198.11,0.0,0.0,178.87,286.91,understock
480,2022,5,178.87,0.0,0.0,167.7,286.91,understock
480,2022,6,167.7,0.0,0.0,144.26,286.91,understock
480,2022,7,144.26,0.0,0.0,131.31,286.91,understock
480,2022,8,131.31,0.0,0.0,119.84,286.91,understock
480,2022,9,119.84,0.0,0.0,111.74,286.91,understock
480,2022,10,111.74,0.0,0.0,100.83,286.91,understock
480,2022,11,100.83,583.52,411.5,272.85,286.91,understock
480,2022,12,272.85,0.0,0.0,235.03,286.91,understock
480,2023,1,235.03,0.0,0.0,201.47,286.91,understock
480,2023,2,201.47,0.0,0.0,181.26,286.91,understock
480,2023,3,181.26,58.67,0.0,226.51,286.91,understock
480,2023,4,226.51,102.33,0.0,313.5,286.91,normal
480,2023,5,313.5,423.2,354.4,382.3,286.91,normal
480,2023,6,382.3,184.37,0.0,541.74,286.91,normal
480,2023,7,541.74,0.0,0.0,466.29,286.91,normal
480,2023,8,466.29,0.0,61.6,404.69,286.91,normal
482,2022,1,66.11,11.06,19.22,57.95,23.35,normal
482,2022,2,57.95,0.0,0.0,54.24,23.35,normal
482,2022,3,54.24,99.1,94.1,59.24,23.35,normal
482,2022,4,59.24,0.0,0.0,56.27,23.35,normal
482,2022,5,56.27,85.51,111.02,30.76,23.35,normal
482,2022,6,30.76,0.0,0.0,27.81,23.35,normal
482,2022,7,27.81,76.25,55.26,48.8,23.35,normal
484,2021,1,257.86,171.66,159.21,270.31,58.0,normal
484,2021,2,270.31,36.79,50.8,256.3,58.0,normal
484,2021,3,256.3,32.15,0.0,258.18,58.0,normal
484,2021,4,258.18,61.68,102.0,217.86,58.0,normal
484,2021,5,217.86,0.0,0.0,186.57,58.0,normal
484,2021,6,186.57,0.0,0.0,165.38,58.0,normal
484,2021,7,165.38,0.0,0.0,140.86,58.0,normal
484,2021,8,140.86,98.6,108.27,131.19,58.0,normal
484,2021,9,131.19,0.0,0.0,116.91,58.0,normal
484,2021,10,116.91,31.55,51.0,97.46,58.0,normal
484,2021,11,97.46,545.6,590.08,52.98,58.0,understock
484,2021,12,52.98,302.34,272.88,82.44,58.0,normal
484,2022,1,82.44,551.54,580.08,53.9,58.0,understock
484,2022,2,53.9,1337.28,824.08,567.1,58.0,overstock
484,2022,3,567.1,262.16,256.2,573.06,58.0,overstock
484,2022,4,573.06,121.04,101.3,592.8,58.0,overstock
484,2022,5,592.8,92.32,113.1,572.02,58.0,overstock
484,2022,6,572.02,0.0,0.0,528.48,58.0,overstock
484,2022,7,528.48,101.21,110.0,519.69,58.0,overstock
484,2022,8,519.69,0.0,0.0,480.04,58.0,overstock
484,2022,9,480.04,33.8,0.0,466.21,58.0,overstock
484,2022,10,466.21,16.45,0.0,454.57,58.0,overstock
484,2022,11,454.57,26.89,55.2,426.26,58.0,overstock
484,2022,12,426.26,22.0,56.2,392.06,58.0,overstock
484,2023,1,392.06,0.0,0.0,353.13,58.0,overstock
484,2023,2,353.13,0.0,0.0,314.26,58.0,normal
484,2023,3,314.26,128.58,166.64,276.2,58.0,normal
484,2023,4,276.2,92.55,111.16,257.59,58.0,normal
484,2023,5,257.59,57.36,55.6,259.35,58.0,normal
484,2023,6,259.35,77.93,159.0,178.28,58.0,normal
484,2023,7,178.28,0.0,0.0,152.88,58.0,normal
484,2023,8,152.88,0.0,0.0,135.68,58.0,normal
484,2023,9,135.68,0.0,0.0,118.26,58.0,normal
484,2023,10,118.26,63.65,51.9,130.01,58.0,normal
484,2023,11,130.01,431.18,446.16,115.03,58.0,normal
484,2023,12,115.03,550.76,509.74,156.05,58.0,normal
484,2024,1,156.05,73.44,67.81,161.68,58.0,normal
484,2024,2,161.68,543.36,359.36,345.68,58.0,overstock
484,2024,3,345.68,130.61,102.2,374.09,58.0,overstock
484,2024,4,374.09,511.04,508.86,376.27,58.0,overstock
484,2024,5,376.27,38.44,51.0,363.71,58.0,overstock
484,2024,6,363.71,27.57,0.0,364.28,58.0,overstock
484,2024,7,364.28,52.05,59.76,356.57,58.0,overstock
485,2021,10,358.39,327.67,555.7,130.36,90.53,normal
485,2021,11,130.36,350.51,353.4,127.47,90.53,normal
485,2021,12,127.47,605.21,354.2,378.48,90.53,normal
485,2022,1,378.48,0.0,0.0,354.4,90.53,normal
485,2022,2,354.4,0.0,0.0,326.0,90.53,normal
485,2022,3,326.0,56.45,0.0,358.75,90.53,normal
485,2022,4,358.75,0.0,0.0,315.07,90.53,normal
485,2022,5,315.07,96.82,203.3,208.59,90.53,normal
485,2022,6,208.59,0.0,0.0,191.79,90.53,normal
485,2022,7,191.79,0.0,0.0,179.14,90.53,normal
485,2022,8,179.14,0.0,0.0,156.06,90.53,normal
485,2022,9,156.06,0.0,0.0,147.81,90.53,normal
485,2022,10,147.81,0.0,0.0,125.99,90.53,normal
485,2022,11,125.99,406.63,453.1,79.52,90.53,understock
485,2022,12,79.52,402.27,553.8,0.0,90.53,stockout
485,2023,1,0.0,0.0,0.0,0.0,90.53,stockout
485,2023,2,0.0,46.76,0.0,46.76,90.53,understock
485,2023,3,46.76,0.0,0.0,43.2,90.53,understock
485,2023,4,43.2,219.04,200.0,62.24,90.53,understock
485,2023,5,62.24,132.87,204.8,0.0,90.53,stockout
485,2023,6,0.0,0.0,0.0,0.0,90.53,stockout
485,2023,7,0.0,0.0,0.0,0.0,90.53,stockout
485,2023,8,0.0,0.0,0.0,0.0,90.53,stockout
485,2023,9,0.0,0.0,0.0,0.0,90.53,stockout
485,2023,10,0.0,0.0,0.0,0.0,90.53,stockout
485,2023,11,0.0,90.3,102.4,0.0,90.53,stockout
485,2023,12,0.0,0.0,0.0,0.0,90.53,stockout
485,2024,1,0.0,0.0,0.0,0.0,90.53,stockout
485,2024,2,0.0,0.0,0.0,0.0,90.53,stockout
485,2024,3,0.0,0.0,0.0,0.0,90.53,stockout
485,2024,4,0.0,123.27,254.3,0.0,90.53,stockout
485,2024,5,0.0,0.0,0.0,0.0,90.53,stockout
485,2024,6,0.0,83.18,152.4,0.0,90.53,stockout
486,2021,1,331.38,40.23,55.0,316.61,130.27,normal
486,2021,2,316.61,0.0,0.0,299.45,130.27,normal
486,2021,3,299.45,115.91,114.0,301.36,130.27,normal
486,2021,4,301.36,0.0,0.0,272.69,130.27,normal
486,2021,5,272.69,0.0,0.0,247.27,130.27,normal
486,2021,6,247.27,0.0,0.0,232.71,130.27,normal
486,2021,7,232.71,0.0,0.0,209.9,130.27,normal
486,2021,8,209.9,0.0,0.0,181.98,130.27,normal
486,2021,9,181.98,93.5,113.38,162.1,130.27,normal
486,2021,10,162.1,0.0,0.0,140.56,130.27,normal
486,2021,11,140.56,1182.62,1291.87,31.31,130.27,understock
487,2021,9,140.14,23.63,55.04,108.73,43.59,normal
487,2021,10,108.73,0.0,0.0,95.93,43.59,normal
487,2021,11,95.93,0.0,0.0,81.75,43.59,normal
487,2021,12,81.75,0.0,0.0,74.73,43.59,normal
487,2022,1,74.73,305.64,274.96,105.41,43.59,normal
488,2021,11,396.1,2199.43,1905.91,689.62,110.19,overstock
488,2021,12,689.62,0.0,0.0,638.89,110.19,overstock
488,2022,1,638.89,29.89,27.52,641.26,110.19,overstock
488,2022,2,641.26,81.15,55.5,666.91,110.19,overstock
488,2022,3,666.91,370.41,368.69,668.63,110.19,overstock
488,2022,4,668.63,0.0,0.0,622.44,110.19,overstock
488,2022,5,622.44,74.83,165.8,531.47,110.19,overstock
488,2022,6,531.47,0.0,0.0,492.53,110.19,overstock
488,2022,7,492.53,83.38,81.02,494.89,110.19,overstock
488,2022,8,494.89,0.0,0.0,441.44,110.19,normal
488,2022,9,441.44,50.43,0.0,462.45,110.19,normal
488,2022,10,462.45,0.0,0.0,427.76,110.19,normal
488,2022,11,427.76,0.0,0.0,391.38,110.19,normal
488,2022,12,391.38,64.66,55.94,400.1,110.19,normal
488,2023,1,400.1,0.0,0.0,343.88,110.19,normal
488,2023,2,343.88,0.0,0.0,309.9,110.19,normal
488,2023,3,309.9,87.22,56.5,340.62,110.19,normal
488,2023,4,340.62,0.0,0.0,303.89,110.19,normal
488,2023,5,303.89,0.0,0.0,285.45,110.19,normal
488,2023,6,285.45,0.0,0.0,258.75,110.19,normal
488,2023,7,258.75,54.96,0.0,291.02,110.19,normal
488,2023,8,291.02,47.48,0.0,298.34,110.19,normal
488,2023,9,298.34,0.0,0.0,254.85,110.19,normal
488,2023,10,254.85,0.0,0.0,242.05,110.19,normal
488,2023,11,242.05,0.0,0.0,210.13,110.19,normal
488,2023,12,210.13,0.0,0.0,186.98,110.19,normal
488,2024,1,186.98,35.78,67.66,155.1,110.19,normal
488,2024,2,155.1,167.91,138.22,184.79,110.19,normal
488,2024,3,184.79,0.0,0.0,172.25,110.19,normal
488,2024,4,172.25,187.9,164.2,195.95,110.19,normal
488,2024,5,195.95,549.82,1111.3,0.0,110.19,stockout
488,2024,6,0.0,0.0,0.0,0.0,110.19,stockout
488,2024,7,0.0,73.11,56.3,16.81,110.19,understock
489,2021,1,397.25,39.77,54.0,383.02,135.59,normal
489,2021,2,383.02,137.13,270.6,249.55,135.59,normal
489,2021,3,249.55,1312.12,1396.8,164.87,135.59,normal
489,2021,4,164.87,0.0,0.0,140.59,135.59,normal
489,2021,5,140.59,0.0,0.0,129.77,135.59,understock
489,2021,6,129.77,39.19,54.4,114.56,135.59,understock
489,2021,7,114.56,0.0,0.0,106.11,135.59,understock
489,2021,8,106.11,0.0,0.0,90.85,135.59,understock
489,2021,9,90.85,0.0,0.0,79.97,135.59,understock
489,2021,10,79.97,54.25,0.0,125.75,135.59,understock
489,2021,11,125.75,101.24,106.8,120.19,135.59,understock
489,2021,12,120.19,0.0,0.0,110.25,135.59,understock
489,2022,1,110.25,0.0,0.0,95.47,135.59,understock
489,2022,2,95.47,0.0,0.0,82.69,135.59,understock
489,2022,3,82.69,410.51,375.65,117.55,135.59,understock
489,2022,4,117.55,591.45,387.4,321.6,135.59,normal
489,2022,5,321.6,536.65,552.25,306.0,135.59,normal
489,2022,6,306.0,428.2,655.65,78.55,135.59,understock
489,2022,7,78.55,478.68,275.58,281.65,135.59,normal
489,2022,8,281.65,0.0,0.0,248.5,135.59,normal
489,2022,9,248.5,0.0,0.0,211.38,135.59,normal
489,2022,10,211.38,347.57,493.36,65.59,135.59,understock
489,2022,11,65.59,0.0,0.0,56.39,135.59,understock
489,2022,12,56.39,469.93,323.6,202.72,135.59,normal
489,2023,1,202.72,205.07,217.8,189.99,135.59,normal
489,2023,2,189.99,0.0,0.0,170.51,135.59,normal
489,2023,3,170.51,268.61,164.92,274.2,135.59,normal
489,2023,4,274.2,967.69,992.73,249.16,135.59,normal
489,2023,5,249.16,1066.99,1801.13,0.0,135.59,stockout
489,2023,6,0.0,0.0,0.0,0.0,135.59,stockout
489,2023,7,0.0,0.0,0.0,0.0,135.59,stockout
489,2023,8,0.0,299.14,324.2,0.0,135.59,stockout
489,2023,9,0.0,0.0,0.0,0.0,135.59,stockout
489,2023,10,0.0,0.0,0.0,0.0,135.59,stockout
489,2023,11,0.0,0.0,0.0,0.0,135.59,stockout
489,2023,12,0.0,39.29,54.5,0.0,135.59,stockout
489,2024,1,0.0,215.91,222.38,0.0,135.59,stockout
489,2024,2,0.0,803.28,877.0,0.0,135.59,stockout
489,2024,3,0.0,0.0,0.0,0.0,135.59,stockout
489,2024,4,0.0,1088.53,1191.8,0.0,135.59,stockout
489,2024,5,0.0,25.96,0.0,25.96,135.59,understock
489,2024,6,25.96,97.85,109.0,14.81,135.59,understock
489,2024,7,14.81,146.27,165.22,0.0,135.59,stockout
493,2021,8,1083.5,2265.86,4257.68,0.0,303.38,stockout
493,2021,9,0.0,1552.09,1499.1,52.99,303.38,understock
493,2021,10,52.99,1544.5,1412.91,184.58,303.38,understock
493,2021,11,184.58,1052.6,1392.81,0.0,303.38,stockout
493,2021,12,0.0,741.44,721.82,19.62,303.38,understock
493,2022,1,19.62,302.4,219.91,102.11,303.38,understock
493,2022,2,102.11,2652.61,2435.62,319.1,303.38,normal
493,2022,3,319.1,950.99,990.5,279.59,303.38,understock
493,2022,4,279.59,1282.58,1267.46,294.71,303.38,understock
493,2022,5,294.71,614.41,936.28,0.0,303.38,stockout
493,2022,6,0.0,616.61,831.1,0.0,303.38,stockout
493,2022,7,0.0,309.75,221.28,88.47,303.38,understock
493,2022,8,88.47,333.35,276.4,145.42,303.38,understock
493,2022,9,145.42,88.46,240.1,0.0,303.38,stockout
493,2022,10,0.0,0.0,0.0,0.0,303.38,stockout
493,2022,11,0.0,618.39,413.4,204.99,303.38,understock
493,2022,12,204.99,1207.73,1051.39,361.33,303.38,normal
493,2023,1,361.33,2414.33,3919.95,0.0,303.38,stockout
493,2023,2,0.0,371.72,302.8,68.92,303.38,understock
493,2023,3,68.92,684.85,412.65,341.12,303.38,normal
493,2023,4,341.12,2280.82,1501.07,1120.87,303.38,normal
493,2023,5,1120.87,651.33,1146.56,625.64,303.38,normal
493,2023,6,625.64,4542.33,2807.2,2360.77,303.38,overstock
493,2023,7,2360.77,822.42,795.32,2387.87,303.38,overstock
493,2023,8,2387.87,1411.28,1206.4,2592.75,303.38,overstock
493,2023,9,2592.75,283.9,530.1,2346.55,303.38,overstock
493,2023,10,2346.55,164.84,165.4,2345.99,303.38,overstock
493,2023,11,2345.99,1554.59,1465.9,2434.68,303.38,overstock
493,2023,12,2434.68,3079.09,2870.38,2643.39,303.38,overstock
493,2024,1,2643.39,1917.2,1196.2,3364.39,303.38,overstock
493,2024,2,3364.39,428.74,863.2,2929.93,303.38,overstock
493,2024,3,2929.93,930.63,903.5,2957.06,303.38,overstock
493,2024,4,2957.06,2020.53,1491.9,3485.69,303.38,overstock
493,2024,5,3485.69,772.3,749.0,3508.99,303.38,overstock
493,2024,6,3508.99,3279.02,1979.9,4808.11,303.38,overstock
493,2024,7,4808.11,1040.52,1580.1,4268.53,303.38,overstock
495,2021,1,2053.1,193.83,391.3,1855.63,531.03,normal
495,2021,2,1855.63,825.53,836.91,1844.25,531.03,normal
495,2021,3,1844.25,2080.54,3091.52,833.27,531.03,normal
495,2021,4,833.27,1560.6,1499.64,894.23,531.03,normal
495,2021,5,894.23,922.98,626.08,1191.13,531.03,normal
495,2021,6,1191.13,931.56,807.06,1315.63,531.03,normal
495,2021,7,1315.63,2852.71,1735.47,2432.87,531.03,normal
495,2021,8,2432.87,1396.15,2627.2,1201.82,531.03,normal
495,2021,9,1201.82,95.48,54.4,1242.9,531.03,normal
495,2021,10,1242.9,1143.53,1810.57,575.86,531.03,normal
495,2021,11,575.86,2946.23,3354.58,167.51,531.03,understock
495,2021,12,167.51,2392.12,2256.82,302.81,531.03,understock
495,2022,1,302.81,1609.24,1820.15,91.9,531.03,understock
495,2022,2,91.9,134.58,287.8,0.0,531.03,stockout
495,2022,3,0.0,1973.29,1911.85,61.44,531.03,understock
495,2022,4,61.44,3680.24,2648.47,1093.21,531.03,normal
495,2022,5,1093.21,1548.92,1433.96,1208.17,531.03,normal
495,2022,6,1208.17,1973.59,1752.37,1429.39,531.03,normal
495,2022,7,1429.39,3566.91,3178.79,1817.51,531.03,normal
495,2022,8,1817.51,1409.03,1167.44,2059.1,531.03,normal
495,2022,9,2059.1,1413.61,1504.5,1968.21,531.03,normal
495,2022,10,1968.21,1930.55,1943.19,1955.57,531.03,normal
495,2022,11,1955.57,3542.46,3257.58,2240.45,531.03,normal
495,2022,12,2240.45,3631.86,3481.52,2390.79,531.03,normal
495,2023,1,2390.79,1079.65,1468.3,2002.14,531.03,normal
495,2023,2,2002.14,418.67,385.22,2035.59,531.03,normal
495,2023,3,2035.59,841.78,881.9,1995.47,531.03,normal
495,2023,4,1995.47,6452.02,4148.78,4298.71,531.03,overstock
495,2023,5,4298.71,1306.57,1464.8,4140.48,531.03,overstock
495,2023,6,4140.48,955.07,1763.46,3332.09,531.03,overstock
495,2023,7,3332.09,724.91,1309.4,2747.6,531.03,normal
495,2023,8,2747.6,854.49,861.6,2740.49,531.03,normal
495,2023,9,2740.49,825.22,881.26,2684.45,531.03,normal
495,2023,10,2684.45,431.76,1208.83,1907.38,531.03,normal
495,2023,11,1907.38,470.69,550.14,1827.93,531.03,normal
495,2023,12,1827.93,3986.54,2694.46,3120.01,531.03,overstock
495,2024,1,3120.01,2836.24,4791.8,1164.45,531.03,normal
495,2024,2,1164.45,606.35,1472.6,298.2,531.03,understock
495,2024,3,298.2,731.64,1355.3,0.0,531.03,stockout
495,2024,4,0.0,2458.27,5674.9,0.0,531.03,stockout
495,2024,5,0.0,1878.62,1747.8,130.82,531.03,understock
495,2024,6,130.82,879.69,1477.3,0.0,531.03,stockout
495,2024,7,0.0,2313.04,4313.1,0.0,531.03,stockout
496,2021,12,80.76,51.35,51.9,80.21,24.2,normal
496,2022,1,80.21,21.98,17.91,84.28,24.2,normal
496,2022,2,84.28,0.0,0.0,72.34,24.2,normal
496,2022,3,72.34,61.98,90.74,43.58,24.2,normal
496,2022,4,43.58,0.0,0.0,37.83,24.2,normal
496,2022,5,37.83,99.92,107.5,30.25,24.2,normal
496,2022,6,30.25,0.0,0.0,27.5,24.2,normal
496,2022,7,27.5,55.54,51.5,31.54,24.2,normal
496,2022,8,31.54,0.0,0.0,29.75,24.2,normal
496,2022,9,29.75,0.0,0.0,25.33,24.2,normal
496,2022,10,25.33,7.44,0.0,30.56,24.2,normal
496,2022,11,30.56,0.0,0.0,27.21,24.2,normal
496,2022,12,27.21,33.98,53.7,7.49,24.2,understock
496,2023,1,7.49,13.9,0.0,20.49,24.2,understock
496,2023,2,20.49,0.0,0.0,17.64,24.2,understock
496,2023,3,17.64,25.09,54.5,0.0,24.2,stockout
496,2023,4,0.0,15.34,0.0,15.34,24.2,understock
496,2023,5,15.34,0.0,0.0,13.8,24.2,understock
496,2023,6,13.8,14.99,0.0,26.92,24.2,normal
496,2023,7,26.92,0.0,0.0,24.96,24.2,normal
496,2023,8,24.96,8.3,0.0,31.37,24.2,normal
496,2023,9,31.37,0.0,0.0,26.77,24.2,normal
496,2023,10,26.77,0.0,0.0,23.05,24.2,understock
496,2023,11,23.05,0.0,0.0,20.8,24.2,understock
496,2023,12,20.8,0.0,0.0,18.78,24.2,understock
496,2024,1,18.78,88.97,67.5,40.25,24.2,normal
496,2024,2,40.25,152.47,134.9,57.82,24.2,normal
496,2024,3,57.82,0.0,0.0,54.62,24.2,normal
496,2024,4,54.62,163.53,164.06,54.09,24.2,normal
497,2021,1,849.55,945.34,924.44,870.45,208.61,normal
497,2021,2,870.45,242.24,151.37,961.32,208.61,normal
497,2021,3,961.32,2810.28,1957.03,1814.57,208.61,overstock
497,2021,4,1814.57,1952.3,1727.37,2039.5,208.61,overstock
497,2021,5,2039.5,219.95,246.23,2013.22,208.61,overstock
497,2021,6,2013.22,101.74,0.0,1896.48,208.61,overstock
497,2021,7,1896.48,63.26,47.96,1911.78,208.61,overstock
497,2021,8,1911.78,227.15,243.88,1895.05,208.61,overstock
497,2021,9,1895.05,428.46,294.04,2029.47,208.61,overstock
497,2021,10,2029.47,1820.73,1819.24,2030.96,208.61,overstock
497,2021,11,2030.96,341.09,686.05,1686.0,208.61,overstock
497,2021,12,1686.0,656.96,570.11,1772.85,208.61,overstock
497,2022,1,1772.85,663.92,761.07,1675.7,208.61,overstock
497,2022,2,1675.7,294.29,312.32,1657.67,208.61,overstock
497,2022,3,1657.67,29.59,105.8,1581.46,208.61,overstock
497,2022,4,1581.46,1295.18,2138.36,738.28,208.61,normal
497,2022,5,738.28,749.97,723.15,765.1,208.61,normal
497,2022,6,765.1,0.0,0.0,726.41,208.61,normal
497,2022,7,726.41,123.98,151.9,698.49,208.61,normal
497,2022,8,698.49,108.19,102.4,704.28,208.61,normal
497,2022,9,704.28,0.0,0.0,646.19,208.61,normal
497,2022,10,646.19,560.34,504.54,701.99,208.61,normal
497,2022,11,701.99,416.56,408.4,710.15,208.61,normal
497,2022,12,710.15,1242.29,770.9,1181.54,208.61,overstock
497,2023,1,1181.54,628.88,1161.1,649.32,208.61,normal
497,2023,2,649.32,676.84,600.11,726.05,208.61,normal
497,2023,3,726.05,385.32,765.3,346.07,208.61,normal
497,2023,4,346.07,637.16,655.6,327.63,208.61,normal
497,2023,5,327.63,285.03,202.7,409.96,208.61,normal
497,2023,6,409.96,543.46,408.3,545.12,208.61,normal
497,2023,7,545.12,299.33,254.1,590.35,208.61,normal
497,2023,8,590.35,311.08,205.5,695.93,208.61,normal
497,2023,9,695.93,0.0,0.0,639.21,208.61,normal
497,2023,10,639.21,717.24,664.9,691.55,208.61,normal
497,2023,11,691.55,398.71,360.0,730.26,208.61,normal
497,2023,12,730.26,0.0,0.0,645.73,208.61,normal
497,2024,1,645.73,918.99,926.4,638.32,208.61,normal
497,2024,2,638.32,3096.35,2195.61,1539.06,208.61,overstock
497,2024,3,1539.06,649.6,556.9,1631.76,208.61,overstock
497,2024,4,1631.76,1008.88,1733.1,907.54,208.61,normal
497,2024,5,907.54,596.86,824.3,680.1,208.61,normal
497,2024,6,680.1,0.0,0.0,625.7,208.61,normal
497,2024,7,625.7,118.99,104.0,640.69,208.61,normal
498,2021,11,518.02,755.66,661.68,612.0,123.6,normal
498,2021,12,612.0,391.41,357.72,645.69,123.6,overstock
498,2022,1,645.69,0.0,0.0,578.99,123.6,normal
498,2022,2,578.99,58.67,0.0,590.48,123.6,normal
498,2022,3,590.48,81.34,0.0,604.42,123.6,normal
498,2022,4,604.42,572.8,357.76,819.46,123.6,overstock
498,2022,5,819.46,247.53,237.95,829.04,123.6,overstock
498,2022,6,829.04,400.34,356.86,872.52,123.6,overstock
498,2022,7,872.52,0.0,0.0,770.4,123.6,overstock
498,2022,8,770.4,0.0,0.0,701.23,123.6,overstock
498,2022,9,701.23,0.0,0.0,616.89,123.6,normal
498,2022,10,616.89,78.69,0.0,634.85,123.6,overstock
498,2022,11,634.85,997.79,959.19,673.45,123.6,overstock
498,2022,12,673.45,24.08,29.9,667.63,123.6,overstock
499,2024,1,339.96,440.76,424.3,356.42,102.23,normal
502,2021,12,1958.69,1092.79,1649.2,1402.28,558.46,normal
503,2024,3,16.87,5.18,4.85,17.2,4.94,normal
503,2024,4,17.2,8.87,9.63,16.44,4.94,normal
503,2024,5,16.44,22.98,24.11,15.31,4.94,normal
503,2024,6,15.31,14.0,9.56,19.75,4.94,normal
503,2024,7,19.75,18.28,24.8,13.23,4.94,normal
504,2021,10,27.25,44.73,28.0,43.98,10.11,normal
504,2021,11,43.98,5.04,5.6,43.42,10.11,normal
504,2021,12,43.42,121.04,117.52,46.94,10.11,normal
504,2022,1,46.94,0.0,0.0,40.31,10.11,normal
504,2022,2,40.31,5.29,5.5,40.1,10.11,normal
504,2022,3,40.1,0.0,0.0,37.0,10.11,normal
504,2022,4,37.0,5.58,0.0,37.04,10.11,normal
504,2022,5,37.04,0.0,0.0,33.77,10.11,normal
504,2022,6,33.77,34.48,55.72,12.53,10.11,normal
504,2022,7,12.53,0.0,0.0,10.77,10.11,normal
504,2022,8,10.77,35.3,62.56,0.0,10.11,stockout
504,2022,9,0.0,2.45,5.6,0.0,10.11,stockout
504,2022,10,0.0,118.91,115.76,3.15,10.11,understock
504,2022,11,3.15,0.0,0.0,2.76,10.11,understock
504,2022,12,2.76,22.65,16.8,8.61,10.11,understock
504,2023,1,8.61,0.0,0.0,7.52,10.11,understock
504,2023,2,7.52,0.0,0.0,6.59,10.11,understock
504,2023,3,6.59,4.37,5.6,5.36,10.11,understock
504,2023,4,5.36,0.0,0.0,4.75,10.11,understock
504,2023,5,4.75,0.0,0.0,4.5,10.11,understock
504,2023,6,4.5,0.0,0.0,4.02,10.11,understock
504,2023,7,4.02,0.0,0.0,3.45,10.11,understock
504,2023,8,3.45,0.0,0.0,3.02,10.11,understock
504,2023,9,3.02,6.02,5.28,3.76,10.11,understock
504,2023,10,3.76,11.87,11.2,4.43,10.11,understock
504,2023,11,4.43,0.0,0.0,4.01,10.11,understock
504,2023,12,4.01,0.0,0.0,3.5,10.11,understock
504,2024,1,3.5,11.47,11.18,3.79,10.11,understock
504,2024,2,3.79,0.0,0.0,3.39,10.11,understock
504,2024,3,3.39,0.0,0.0,3.12,10.11,understock
504,2024,4,3.12,0.0,0.0,2.75,10.11,understock
504,2024,5,2.75,0.0,0.0,2.4,10.11,understock
504,2024,6,2.4,7.28,5.5,4.18,10.11,understock
505,2021,3,15.0,23.02,17.02,21.0,3.07,overstock
505,2021,4,21.0,0.0,0.0,19.18,3.07,overstock
505,2021,5,19.18,0.0,0.0,16.63,3.07,normal
505,2021,6,16.63,0.0,0.0,14.23,3.07,normal
505,2021,7,14.23,0.0,0.0,12.58,3.07,normal
505,2021,8,12.58,0.0,0.0,11.63,3.07,normal
505,2021,9,11.63,0.0,0.0,10.08,3.07,normal
505,2021,10,10.08,8.64,17.28,1.44,3.07,understock
505,2021,11,1.44,0.0,0.0,1.3,3.07,understock
505,2021,12,1.3,2.15,0.0,3.29,3.07,normal
505,2022,1,3.29,0.0,0.0,2.9,3.07,understock
505,2022,2,2.9,0.0,0.0,2.59,3.07,understock
505,2022,3,2.59,0.0,0.0,2.21,3.07,understock
505,2022,4,2.21,0.0,0.0,2.09,3.07,understock
505,2022,5,2.09,0.0,0.0,1.8,3.07,understock
505,2022,6,1.8,0.0,0.0,1.6,3.07,understock
505,2022,7,1.6,0.0,0.0,1.36,3.07,understock
505,2022,8,1.36,1.83,0.0,3.08,3.07,normal
505,2022,9,3.08,0.0,0.0,2.74,3.07,understock
505,2022,10,2.74,2.16,2.25,2.65,3.07,understock
506,2021,8,26.17,60.94,55.08,32.03,8.88,normal
506,2021,9,32.03,0.0,0.0,29.7,8.88,normal
506,2021,10,29.7,0.0,0.0,26.41,8.88,normal
506,2021,11,26.41,0.0,0.0,22.71,8.88,normal
506,2021,12,22.71,0.0,0.0,19.81,8.88,normal
506,2022,1,19.81,0.0,0.0,18.77,8.88,normal
506,2022,2,18.77,0.0,0.0,17.57,8.88,normal
506,2022,3,17.57,0.0,0.0,15.53,8.88,normal
506,2022,4,15.53,5.32,0.0,19.69,8.88,normal
506,2022,5,19.69,0.0,0.0,17.39,8.88,normal
506,2022,6,17.39,0.0,0.0,15.75,8.88,normal
506,2022,7,15.75,3.34,0.0,17.1,8.88,normal
506,2022,8,17.1,0.0,0.0,15.54,8.88,normal
506,2022,9,15.54,0.0,0.0,13.67,8.88,normal
506,2022,10,13.67,0.0,0.0,12.62,8.88,normal
506,2022,11,12.62,0.0,0.0,10.98,8.88,normal
506,2022,12,10.98,0.0,0.0,10.31,8.88,normal
506,2023,1,10.31,0.0,0.0,9.6,8.88,normal
506,2023,2,9.6,0.0,0.0,8.61,8.88,understock
506,2023,3,8.61,0.0,0.0,7.78,8.88,understock
506,2023,4,7.78,0.0,0.0,7.21,8.88,understock
506,2023,5,7.21,0.0,0.0,6.73,8.88,understock
506,2023,6,6.73,0.0,0.0,6.27,8.88,understock
506,2023,7,6.27,0.0,0.0,5.66,8.88,understock
506,2023,8,5.66,0.0,0.0,5.17,8.88,understock
506,2023,9,5.17,0.0,0.0,4.63,8.88,understock
506,2023,10,4.63,0.0,0.0,3.98,8.88,understock
506,2023,11,3.98,0.0,0.0,3.65,8.88,understock
506,2023,12,3.65,0.0,0.0,3.46,8.88,understock
506,2024,1,3.46,0.0,0.0,2.98,8.88,understock
506,2024,2,2.98,0.0,0.0,2.75,8.88,understock
506,2024,3,2.75,0.0,0.0,2.44,8.88,understock
506,2024,4,2.44,0.0,0.0,2.14,8.88,understock
506,2024,5,2.14,0.0,0.0,1.89,8.88,understock
506,2024,6,1.89,4.36,5.5,0.75,8.88,understock
507,2021,4,70.64,56.22,56.5,70.36,19.35,normal
507,2021,5,70.36,0.0,0.0,61.1,19.35,normal
507,2021,6,61.1,0.0,0.0,56.44,19.35,normal
507,2021,7,56.44,61.68,56.11,62.01,19.35,normal
507,2021,8,62.01,14.69,0.0,72.36,19.35,normal
507,2021,9,72.36,85.46,56.5,101.32,19.35,normal
507,2021,10,101.32,0.0,0.0,93.03,19.35,normal
507,2021,11,93.03,0.0,0.0,81.58,19.35,normal
507,2021,12,81.58,4.17,0.0,77.93,19.35,normal
507,2022,1,77.93,12.08,0.0,84.45,19.35,normal
507,2022,2,84.45,0.0,0.0,78.56,19.35,normal
507,2022,3,78.56,0.0,0.0,73.72,19.35,normal
507,2022,4,73.72,4.66,0.0,67.66,19.35,normal
507,2022,5,67.66,60.98,57.76,70.88,19.35,normal
507,2022,6,70.88,46.71,58.6,58.99,19.35,normal
507,2022,7,58.99,0.0,0.0,50.47,19.35,normal
507,2022,8,50.47,0.0,0.0,44.91,19.35,normal
507,2022,9,44.91,0.0,0.0,41.06,19.35,normal
507,2022,10,41.06,90.01,57.16,73.91,19.35,normal
507,2022,11,73.91,26.76,58.48,42.19,19.35,normal
507,2022,12,42.19,14.17,0.0,54.13,19.35,normal
507,2023,1,54.13,72.13,56.5,69.76,19.35,normal
507,2023,2,69.76,0.0,0.0,61.18,19.35,normal
507,2023,3,61.18,0.0,0.0,54.66,19.35,normal
507,2023,4,54.66,105.69,112.61,47.74,19.35,normal
507,2023,5,47.74,0.0,0.0,44.54,19.35,normal
507,2023,6,44.54,0.0,0.0,38.43,19.35,normal
507,2023,7,38.43,68.11,57.62,48.92,19.35,normal
507,2023,8,48.92,0.0,0.0,45.77,19.35,normal
507,2023,9,45.77,0.0,0.0,39.53,19.35,normal
507,2023,10,39.53,107.88,117.92,29.49,19.35,normal
507,2023,11,29.49,46.55,112.59,0.0,19.35,stockout
507,2023,12,0.0,71.83,62.4,9.43,19.35,understock
507,2024,1,9.43,78.03,135.26,0.0,19.35,stockout
507,2024,2,0.0,22.42,38.56,0.0,19.35,stockout
507,2024,3,0.0,126.22,112.13,14.09,19.35,understock
507,2024,4,14.09,0.0,0.0,12.09,19.35,understock
507,2024,5,12.09,230.78,165.76,77.11,19.35,normal
508,2021,1,163.97,34.54,49.65,148.86,54.01,normal
508,2021,2,148.86,53.4,48.51,153.75,54.01,normal
508,2021,3,153.75,29.63,49.56,133.82,54.01,normal
508,2021,4,133.82,85.24,83.63,135.43,54.01,normal
508,2021,5,135.43,26.41,27.5,134.34,54.01,normal
508,2021,6,134.34,17.15,33.28,118.21,54.01,normal
508,2021,7,118.21,89.92,134.34,73.79,54.01,normal
508,2021,8,73.79,68.73,67.04,75.48,54.01,normal
508,2021,9,75.48,130.97,92.97,113.48,54.01,normal
508,2021,10,113.48,51.26,32.3,132.44,54.01,normal
508,2021,11,132.44,19.76,26.0,126.2,54.01,normal
508,2021,12,126.2,171.79,179.2,118.79,54.01,normal
508,2022,1,118.79,41.78,31.24,129.33,54.01,normal
508,2022,2,129.33,102.97,184.32,47.98,54.01,understock
508,2022,3,47.98,103.48,65.64,85.82,54.01,normal
508,2022,4,85.82,224.83,154.5,156.15,54.01,normal
508,2022,5,156.15,275.19,273.31,158.03,54.01,normal
508,2022,6,158.03,232.06,219.71,170.38,54.01,normal
508,2022,7,170.38,292.0,193.0,269.38,54.01,overstock
508,2022,8,269.38,385.81,339.72,315.47,54.01,overstock
508,2022,9,315.47,92.09,87.5,320.06,54.01,overstock
508,2022,10,320.06,36.36,29.9,326.52,54.01,overstock
508,2022,11,326.52,214.75,146.7,394.57,54.01,overstock
508,2022,12,394.57,353.17,314.8,432.94,54.01,overstock
508,2023,1,432.94,34.78,40.2,427.52,54.01,overstock
508,2023,2,427.52,826.89,623.2,631.21,54.01,overstock
508,2023,3,631.21,15.46,11.39,635.28,54.01,overstock
508,2023,4,635.28,227.29,254.7,607.87,54.01,overstock
508,2023,5,607.87,28.06,54.79,581.14,54.01,overstock
508,2023,6,581.14,45.89,40.78,586.25,54.01,overstock
508,2023,7,586.25,471.53,496.18,561.6,54.01,overstock
508,2023,8,561.6,372.08,255.48,678.2,54.01,overstock
508,2023,9,678.2,72.14,106.08,644.26,54.01,overstock
508,2023,10,644.26,215.44,201.5,658.2,54.01,overstock
508,2023,11,658.2,19.38,20.32,657.26,54.01,overstock
508,2023,12,657.26,90.26,95.3,652.22,54.01,overstock
508,2024,1,652.22,219.7,400.4,471.52,54.01,overstock
508,2024,2,471.52,0.0,0.0,434.1,54.01,overstock
508,2024,3,434.1,137.54,116.5,455.14,54.01,overstock
508,2024,4,455.14,308.04,298.58,464.6,54.01,overstock
508,2024,5,464.6,337.95,291.0,511.55,54.01,overstock
508,2024,6,511.55,140.36,273.5,378.41,54.01,overstock
508,2024,7,378.41,298.23,274.1,402.54,54.01,overstock
509,2022,9,60.78,78.29,55.3,83.77,11.41,overstock
510,2021,2,126.04,65.99,67.8,124.23,35.19,normal
510,2021,3,124.23,50.76,121.2,53.79,35.19,normal
510,2021,4,53.79,52.82,51.91,54.7,35.19,normal
510,2021,5,54.7,19.89,0.0,68.82,35.19,normal
510,2021,6,68.82,0.0,0.0,58.69,35.19,normal
510,2021,7,58.69,20.95,0.0,75.97,35.19,normal
510,2021,8,75.97,0.0,0.0,65.7,35.19,normal
510,2021,9,65.7,81.19,53.08,93.81,35.19,normal
510,2021,10,93.81,0.0,0.0,82.48,35.19,normal
510,2021,11,82.48,104.53,77.72,109.29,35.19,normal
510,2021,12,109.29,114.41,109.08,114.62,35.19,normal
510,2022,1,114.62,270.24,236.02,148.84,35.19,normal
510,2022,2,148.84,0.0,0.0,130.62,35.19,normal
510,2022,3,130.62,0.0,0.0,115.22,35.19,normal
510,2022,4,115.22,0.0,0.0,102.95,35.19,normal
510,2022,5,102.95,262.27,160.9,204.32,35.19,overstock
510,2022,6,204.32,51.22,50.7,204.84,35.19,overstock
510,2022,7,204.84,0.0,0.0,185.75,35.19,overstock
510,2022,8,185.75,69.31,50.6,204.46,35.19,overstock
510,2022,9,204.46,14.07,0.0,206.26,35.19,overstock
510,2022,10,206.26,0.0,0.0,190.25,35.19,overstock
510,2022,11,190.25,0.0,0.0,179.08,35.19,overstock
510,2022,12,179.08,154.86,140.1,193.84,35.19,overstock
510,2023,1,193.84,73.1,48.6,218.34,35.19,overstock
510,2023,2,218.34,186.39,137.6,267.13,35.19,overstock
510,2023,3,267.13,71.67,116.4,222.4,35.19,overstock
510,2023,4,222.4,0.0,0.0,202.07,35.19,overstock
510,2023,5,202.07,161.41,148.2,215.28,35.19,overstock
510,2023,6,215.28,118.66,78.0,255.94,35.19,overstock
510,2023,7,255.94,0.0,0.0,220.8,35.19,overstock
510,2023,8,220.8,0.0,0.0,198.39,35.19,overstock
510,2023,9,198.39,97.37,106.2,189.56,35.19,overstock
510,2023,10,189.56,0.0,0.0,162.07,35.19,normal
510,2023,11,162.07,222.97,150.0,235.04,35.19,overstock
510,2023,12,235.04,123.61,231.1,127.55,35.19,normal
510,2024,1,127.55,0.0,0.0,118.54,35.19,normal
510,2024,2,118.54,0.0,0.0,112.32,35.19,normal
510,2024,3,112.32,0.0,0.0,103.09,35.19,normal
510,2024,4,103.09,143.68,127.9,118.87,35.19,normal
514,2021,2,87.34,76.42,89.09,74.67,17.94,normal
514,2021,3,74.67,82.47,73.26,83.88,17.94,normal
515,2021,2,75.83,75.37,50.78,100.42,22.05,overstock
515,2021,3,100.42,9.51,21.98,87.95,22.05,normal
515,2021,4,87.95,0.0,0.0,74.88,22.05,normal
515,2021,5,74.88,0.0,0.0,67.88,22.05,normal
515,2021,6,67.88,22.23,46.07,44.04,22.05,normal
515,2021,7,44.04,0.0,0.0,41.77,22.05,normal
515,2021,8,41.77,21.08,15.62,47.23,22.05,normal
515,2021,9,47.23,7.63,15.42,39.44,22.05,normal
515,2021,10,39.44,0.0,0.0,36.0,22.05,normal
515,2021,11,36.0,0.0,0.0,31.11,22.05,normal
515,2021,12,31.11,0.0,0.0,27.6,22.05,normal
515,2022,1,27.6,0.0,0.0,24.06,22.05,normal
515,2022,2,24.06,0.0,0.0,21.48,22.05,understock
515,2022,3,21.48,149.08,94.48,76.08,22.05,normal
515,2022,4,76.08,6.58,0.0,77.76,22.05,normal
515,2022,5,77.76,0.0,0.0,66.83,22.05,normal
515,2022,6,66.83,5.43,0.0,66.85,22.05,normal
515,2022,7,66.85,0.0,0.0,59.94,22.05,normal
515,2022,8,59.94,30.48,32.36,58.06,22.05,normal
515,2022,9,58.06,0.0,0.0,49.66,22.05,normal
515,2022,10,49.66,0.0,0.0,46.89,22.05,normal
515,2022,11,46.89,0.0,0.0,43.0,22.05,normal
515,2022,12,43.0,0.0,0.0,39.65,22.05,normal
515,2023,1,39.65,0.0,0.0,34.61,22.05,normal
515,2023,2,34.61,0.0,0.0,31.98,22.05,normal
515,2023,3,31.98,240.81,240.1,32.69,22.05,normal
515,2023,4,32.69,24.07,15.65,41.11,22.05,normal
515,2023,5,41.11,0.0,0.0,38.44,22.05,normal
515,2023,6,38.44,0.0,0.0,32.87,22.05,normal
515,2023,7,32.87,0.0,0.0,29.99,22.05,normal
515,2023,8,29.99,0.0,0.0,25.92,22.05,normal
515,2023,9,25.92,10.05,0.0,33.61,22.05,normal
515,2023,10,33.61,0.0,0.0,30.58,22.05,normal
515,2023,11,30.58,10.11,0.0,38.39,22.05,normal
515,2023,12,38.39,0.0,0.0,36.01,22.05,normal
515,2024,1,36.01,71.21,47.57,59.65,22.05,normal
515,2024,2,59.65,81.63,140.42,0.86,22.05,understock
518,2023,4,202.29,400.11,373.75,228.65,73.03,normal
518,2023,5,228.65,237.53,262.29,203.89,73.03,normal
518,2023,6,203.89,195.84,331.55,68.18,73.03,understock
518,2023,7,68.18,124.53,202.55,0.0,73.03,stockout
518,2023,8,0.0,0.0,0.0,0.0,73.03,stockout
518,2023,9,0.0,0.0,0.0,0.0,73.03,stockout
518,2023,10,0.0,0.0,0.0,0.0,73.03,stockout
518,2023,11,0.0,245.5,264.1,0.0,73.03,stockout
518,2023,12,0.0,30.45,0.0,30.45,73.03,understock
518,2024,1,30.45,32.96,66.4,0.0,73.03,stockout
518,2024,2,0.0,198.19,132.0,66.19,73.03,understock
518,2024,3,66.19,358.26,241.4,183.05,73.03,normal
519,2021,3,106.56,123.19,115.28,114.47,32.83,normal
521,2021,1,503.29,719.41,809.79,412.91,145.33,normal
521,2021,2,412.91,692.9,496.26,609.55,145.33,normal
521,2021,3,609.55,460.41,436.81,633.15,145.33,normal
521,2021,4,633.15,325.69,298.16,660.68,145.33,normal
521,2021,5,660.68,625.24,931.63,354.29,145.33,normal
521,2021,6,354.29,367.07,235.22,486.14,145.33,normal
521,2021,7,486.14,424.59,381.82,528.91,145.33,normal
521,2021,8,528.91,954.25,937.82,545.34,145.33,normal
521,2021,9,545.34,66.57,0.0,574.98,145.33,normal
521,2021,10,574.98,1257.58,1259.72,572.84,145.33,normal
521,2021,11,572.84,33.22,0.0,571.38,145.33,normal
521,2021,12,571.38,264.61,164.17,671.82,145.33,normal
521,2022,1,671.82,0.0,0.0,627.37,145.33,normal
521,2022,2,627.37,0.0,0.0,563.66,145.33,normal
521,2022,3,563.66,0.0,0.0,522.99,145.33,normal
521,2022,4,522.99,292.16,566.62,248.53,145.33,normal
521,2022,5,248.53,0.0,0.0,216.47,145.33,normal
521,2022,6,216.47,0.0,0.0,199.36,145.33,normal
521,2022,7,199.36,965.83,841.93,323.26,145.33,normal
521,2022,8,323.26,0.0,0.0,305.73,145.33,normal
521,2022,9,305.73,0.0,0.0,265.95,145.33,normal
521,2022,10,265.95,0.0,0.0,228.2,145.33,normal
521,2022,11,228.2,0.0,0.0,214.51,145.33,normal
521,2022,12,214.51,377.28,560.22,31.57,145.33,understock
524,2023,10,175.86,204.53,154.9,225.49,51.58,normal
529,2021,1,4428.97,5136.78,4433.97,5131.78,1230.87,normal
529,2021,2,5131.78,7204.79,4517.18,7819.39,1230.87,overstock
529,2021,3,7819.39,2315.26,5776.38,4358.27,1230.87,normal
529,2021,4,4358.27,5161.11,7677.2,1842.18,1230.87,normal
529,2021,5,1842.18,2357.01,1838.15,2361.04,1230.87,normal
529,2021,6,2361.04,2532.91,2760.56,2133.39,1230.87,normal
529,2021,7,2133.39,1751.39,2828.24,1056.54,1230.87,understock
529,2021,8,1056.54,1534.78,1438.72,1152.6,1230.87,understock
529,2021,9,1152.6,2570.42,1556.08,2166.94,1230.87,normal
529,2021,10,2166.94,1260.01,1590.65,1836.3,1230.87,normal
529,2021,11,1836.3,5034.33,5344.19,1526.44,1230.87,normal
529,2021,12,1526.44,5815.64,5930.61,1411.47,1230.87,normal
529,2022,1,1411.47,1879.79,3567.32,0.0,1230.87,stockout
529,2022,2,0.0,2180.55,2110.89,69.66,1230.87,understock
530,2022,2,1598.03,6828.81,6108.37,2318.47,422.38,normal
530,2022,3,2318.47,5703.64,4970.72,3051.39,422.38,overstock
530,2022,4,3051.39,304.35,462.18,2893.56,422.38,overstock
530,2022,5,2893.56,1773.06,3053.6,1613.02,422.38,normal
530,2022,6,1613.02,2489.86,2748.54,1354.34,422.38,normal
530,2022,7,1354.34,1495.78,1292.4,1557.72,422.38,normal
530,2022,8,1557.72,0.0,0.0,1325.75,422.38,normal
530,2022,9,1325.75,0.0,0.0,1127.18,422.38,normal
530,2022,10,1127.18,152.62,161.7,1118.1,422.38,normal
530,2022,11,1118.1,569.39,469.08,1218.41,422.38,normal
530,2022,12,1218.41,273.38,316.4,1175.39,422.38,normal
530,2023,1,1175.39,84.31,158.55,1101.15,422.38,normal
530,2023,2,1101.15,125.42,0.0,1128.78,422.38,normal
530,2023,3,1128.78,0.0,0.0,982.92,422.38,normal
530,2023,4,982.92,0.0,0.0,924.59,422.38,normal
530,2023,5,924.59,0.0,0.0,869.96,422.38,normal
530,2023,6,869.96,287.0,325.67,831.29,422.38,normal
530,2023,7,831.29,219.47,163.04,887.72,422.38,normal
531,2022,4,886.04,128.18,120.66,893.56,210.65,normal
531,2022,5,893.56,773.18,485.3,1181.44,210.65,overstock
531,2022,6,1181.44,533.87,361.2,1354.11,210.65,overstock
531,2022,7,1354.11,1280.1,1217.64,1416.57,210.65,overstock
531,2022,8,1416.57,575.69,519.18,1473.08,210.65,overstock
531,2022,9,1473.08,216.22,520.0,1169.3,210.65,overstock
531,2022,10,1169.3,0.0,0.0,1065.56,210.65,overstock
531,2022,11,1065.56,0.0,0.0,995.43,210.65,normal
531,2022,12,995.43,0.0,0.0,901.11,210.65,normal
531,2023,1,901.11,0.0,0.0,813.89,210.65,normal
531,2023,2,813.89,0.0,0.0,761.65,210.65,normal
531,2023,3,761.65,88.71,0.0,804.12,210.65,normal
531,2023,4,804.12,0.0,0.0,716.53,210.65,normal
531,2023,5,716.53,1652.71,1759.4,609.84,210.65,normal
531,2023,6,609.84,0.0,0.0,560.02,210.65,normal
531,2023,7,560.02,0.0,0.0,527.54,210.65,normal
531,2023,8,527.54,0.0,0.0,460.35,210.65,normal
531,2023,9,460.35,0.0,0.0,394.61,210.65,normal
531,2023,10,394.61,0.0,0.0,340.56,210.65,normal
531,2023,11,340.56,0.0,0.0,290.18,210.65,normal
531,2023,12,290.18,1439.17,994.65,734.7,210.65,normal
531,2024,1,734.7,0.0,0.0,635.69,210.65,normal
531,2024,2,635.69,0.0,0.0,564.22,210.65,normal
531,2024,3,564.22,119.93,0.0,646.09,210.65,normal
531,2024,4,646.09,75.19,0.0,651.7,210.65,normal
531,2024,5,651.7,276.25,171.8,756.15,210.65,normal
532,2021,4,201.79,95.34,98.1,199.03,58.22,normal
532,2021,5,199.03,0.0,0.0,182.34,58.22,normal
532,2021,6,182.34,92.22,155.08,119.48,58.22,normal
532,2021,7,119.48,0.0,0.0,103.34,58.22,normal
532,2021,8,103.34,198.02,406.82,0.0,58.22,stockout
532,2021,9,0.0,0.0,0.0,0.0,58.22,stockout
532,2021,10,0.0,0.0,0.0,0.0,58.22,stockout
532,2021,11,0.0,0.0,0.0,0.0,58.22,stockout
532,2021,12,0.0,0.0,0.0,0.0,58.22,stockout
532,2022,1,0.0,0.0,0.0,0.0,58.22,stockout
532,2022,2,0.0,166.89,162.8,4.09,58.22,understock
532,2022,3,4.09,0.0,0.0,3.68,58.22,understock
532,2022,4,3.68,0.0,0.0,3.34,58.22,understock
532,2022,5,3.34,25.1,0.0,27.95,58.22,understock
532,2022,6,27.95,0.0,0.0,24.94,58.22,understock
532,2022,7,24.94,0.0,0.0,21.37,58.22,understock
532,2022,8,21.37,0.0,0.0,19.59,58.22,understock
532,2022,9,19.59,183.68,109.16,94.11,58.22,normal
533,2021,2,112.89,102.19,109.4,105.68,27.18,normal
535,2022,2,1179.65,124.83,115.7,1188.78,436.82,normal
535,2022,3,1188.78,87.95,179.53,1097.2,436.82,normal
535,2022,4,1097.2,0.0,0.0,1034.18,436.82,normal
535,2022,5,1034.18,0.0,0.0,917.58,436.82,normal
535,2022,6,917.58,0.0,0.0,815.53,436.82,normal
535,2022,7,815.53,0.0,0.0,752.49,436.82,normal
535,2022,8,752.49,0.0,0.0,704.55,436.82,normal
535,2022,9,704.55,360.92,229.68,835.79,436.82,normal
535,2022,10,835.79,0.0,0.0,779.19,436.82,normal
535,2022,11,779.19,0.0,0.0,682.36,436.82,normal
535,2022,12,682.36,1227.31,2309.65,0.0,436.82,stockout
535,2023,1,0.0,2361.19,1448.66,912.53,436.82,normal
535,2023,2,912.53,0.0,0.0,827.98,436.82,normal
535,2023,3,827.98,0.0,0.0,777.39,436.82,normal
535,2023,4,777.39,0.0,0.0,717.72,436.82,normal
535,2023,5,717.72,0.0,0.0,610.38,436.82,normal
535,2023,6,610.38,159.48,0.0,690.38,436.82,normal
535,2023,7,690.38,0.0,0.0,603.39,436.82,normal
535,2023,8,603.39,0.0,0.0,545.84,436.82,normal
535,2023,9,545.84,0.0,0.0,465.39,436.82,normal
535,2023,10,465.39,0.0,0.0,399.16,436.82,understock
535,2023,11,399.16,4145.1,3627.86,916.4,436.82,normal
536,2022,4,994.01,766.11,756.3,1003.82,310.02,normal
536,2022,5,1003.82,710.32,701.3,1012.84,310.02,normal
536,2022,6,1012.84,616.57,514.15,1115.26,310.02,normal
536,2022,7,1115.26,212.44,331.2,996.5,310.02,normal
536,2022,8,996.5,1072.25,994.04,1074.71,310.02,normal
536,2022,9,1074.71,3442.89,3822.91,694.69,310.02,normal
536,2022,10,694.69,300.79,311.84,683.64,310.02,normal
537,2022,8,362.94,269.87,557.05,75.76,70.47,normal
537,2022,9,75.76,0.0,0.0,67.21,70.47,understock
537,2022,10,67.21,0.0,0.0,62.3,70.47,understock
537,2022,11,62.3,0.0,0.0,55.36,70.47,understock
537,2022,12,55.36,0.0,0.0,48.42,70.47,understock
537,2023,1,48.42,0.0,0.0,44.24,70.47,understock
537,2023,2,44.24,0.0,0.0,38.14,70.47,understock
537,2023,3,38.14,63.28,0.0,96.98,70.47,normal
537,2023,4,96.98,0.0,0.0,91.76,70.47,normal
537,2023,5,91.76,0.0,0.0,82.72,70.47,normal
537,2023,6,82.72,29.28,0.0,100.5,70.47,normal
537,2023,7,100.5,164.37,167.05,97.82,70.47,normal
537,2023,8,97.82,365.96,331.7,132.08,70.47,normal
537,2023,9,132.08,237.85,221.38,148.55,70.47,normal
538,2021,11,209.95,3.19,4.31,208.83,66.19,normal
538,2021,12,208.83,74.36,63.92,219.27,66.19,normal
538,2022,1,219.27,209.99,189.68,239.58,66.19,normal
538,2022,2,239.58,129.71,123.01,246.28,66.19,normal
538,2022,3,246.28,11.88,0.0,223.72,66.19,normal
538,2022,4,223.72,0.0,0.0,204.66,66.19,normal
538,2022,5,204.66,0.0,0.0,181.8,66.19,normal
538,2022,6,181.8,127.98,114.18,195.6,66.19,normal
538,2022,7,195.6,0.0,0.0,183.83,66.19,normal
538,2022,8,183.83,0.0,0.0,173.25,66.19,normal
538,2022,9,173.25,18.18,0.0,174.36,66.19,normal
538,2022,10,174.36,0.0,0.0,157.18,66.19,normal
538,2022,11,157.18,0.0,0.0,148.03,66.19,normal
538,2022,12,148.03,0.0,0.0,136.61,66.19,normal
538,2023,1,136.61,0.0,0.0,116.43,66.19,normal
538,2023,2,116.43,18.74,0.0,123.84,66.19,normal
538,2023,3,123.84,0.0,0.0,108.09,66.19,normal
538,2023,4,108.09,0.0,0.0,99.08,66.19,normal
538,2023,5,99.08,0.0,0.0,93.11,66.19,normal
538,2023,6,93.11,40.85,0.0,120.67,66.19,normal
538,2023,7,120.67,15.35,0.0,129.59,66.19,normal
538,2023,8,129.59,18.65,0.0,129.19,66.19,normal
538,2023,9,129.19,0.0,0.0,112.67,66.19,normal
538,2023,10,112.67,0.0,0.0,101.01,66.19,normal
538,2023,11,101.01,0.0,0.0,89.94,66.19,normal
538,2023,12,89.94,0.0,0.0,80.4,66.19,normal
538,2024,1,80.4,0.0,0.0,69.76,66.19,normal
538,2024,2,69.76,0.0,0.0,63.4,66.19,understock
538,2024,3,63.4,0.0,0.0,59.6,66.19,understock
538,2024,4,59.6,0.0,0.0,54.41,66.19,understock
538,2024,5,54.41,23.93,0.0,72.3,66.19,normal
538,2024,6,72.3,43.2,0.0,111.32,66.19,normal
538,2024,7,111.32,1371.52,879.09,603.75,66.19,overstock
539,2021,1,1023.88,23.06,89.64,957.3,256.6,normal
539,2021,2,957.3,600.71,480.76,1077.25,256.6,normal
539,2021,3,1077.25,963.11,928.49,1111.87,256.6,normal
539,2021,4,1111.87,587.2,1216.53,482.54,256.6,normal
539,2021,5,482.54,504.4,623.03,363.91,256.6,normal
539,2021,6,363.91,2688.88,1838.74,1214.05,256.6,normal
539,2021,7,1214.05,456.84,337.33,1333.56,256.6,normal
539,2021,8,1333.56,960.26,971.44,1322.38,256.6,normal
539,2021,9,1322.38,337.54,195.6,1464.32,256.6,normal
539,2021,10,1464.32,2470.52,1785.25,2149.59,256.6,overstock
539,2021,11,2149.59,0.0,0.0,1836.03,256.6,overstock
539,2021,12,1836.03,1226.71,1091.41,1971.33,256.6,overstock
539,2022,1,1971.33,267.67,242.26,1996.74,256.6,overstock
539,2022,2,1996.74,509.42,1154.87,1351.29,256.6,normal
539,2022,3,1351.29,1512.32,1332.62,1530.99,256.6,normal
539,2022,4,1530.99,1575.16,1371.9,1734.25,256.6,overstock
539,2022,5,1734.25,2238.21,2069.3,1903.16,256.6,overstock
539,2022,6,1903.16,579.38,1311.29,1171.25,256.6,normal
539,2022,7,1171.25,945.35,561.39,1555.21,256.6,overstock
539,2022,8,1555.21,1223.98,1321.15,1458.04,256.6,normal
539,2022,9,1458.04,588.0,1393.05,652.99,256.6,normal
539,2022,10,652.99,320.21,547.54,425.66,256.6,normal
539,2022,11,425.66,982.54,925.61,482.59,256.6,normal
539,2022,12,482.59,1108.52,984.1,607.01,256.6,normal
539,2023,1,607.01,444.62,440.1,611.53,256.6,normal
539,2023,2,611.53,912.75,939.33,584.95,256.6,normal
539,2023,3,584.95,1724.4,1677.54,631.81,256.6,normal
539,2023,4,631.81,488.3,971.43,148.68,256.6,understock
539,2023,5,148.68,643.33,1409.05,0.0,256.6,stockout
539,2023,6,0.0,1512.69,1032.34,480.35,256.6,normal
539,2023,7,480.35,1141.39,1157.67,464.07,256.6,normal
539,2023,8,464.07,1551.87,1591.59,424.35,256.6,normal
539,2023,9,424.35,877.42,804.12,497.65,256.6,normal
539,2023,10,497.65,1949.83,1713.56,733.92,256.6,normal
539,2023,11,733.92,215.68,264.5,685.1,256.6,normal
539,2023,12,685.1,775.78,825.2,635.68,256.6,normal
539,2024,1,635.68,1583.07,1092.4,1126.35,256.6,normal
539,2024,2,1126.35,282.53,352.0,1056.88,256.6,normal
539,2024,3,1056.88,2589.72,1785.5,1861.1,256.6,overstock
539,2024,4,1861.1,327.32,824.92,1363.5,256.6,normal
539,2024,5,1363.5,800.91,1358.74,805.67,256.6,normal
539,2024,6,805.67,1236.9,1252.6,789.97,256.6,normal
539,2024,7,789.97,1081.12,936.8,934.29,256.6,normal
540,2021,1,6479.06,9799.45,9522.32,6756.19,1686.62,normal
540,2021,2,6756.19,15138.97,10079.23,11815.93,1686.62,overstock
540,2021,3,11815.93,9515.45,9151.13,12180.25,1686.62,overstock
540,2021,4,12180.25,8518.94,8015.95,12683.24,1686.62,overstock
540,2021,5,12683.24,10790.65,10131.8,13342.09,1686.62,overstock
540,2021,6,13342.09,14279.73,12344.17,15277.65,1686.62,overstock
540,2021,7,15277.65,10516.41,10830.07,14963.99,1686.62,overstock
540,2021,8,14963.99,8430.41,5557.65,17836.75,1686.62,overstock
540,2021,9,17836.75,9271.12,6637.77,20470.1,1686.62,overstock
540,2021,10,20470.1,5808.12,11433.9,14844.32,1686.62,overstock
540,2021,11,14844.32,5549.78,3555.6,16838.5,1686.62,overstock
540,2021,12,16838.5,13702.92,13575.12,16966.3,1686.62,overstock
540,2022,1,16966.3,6141.47,6194.12,16913.65,1686.62,overstock
540,2022,2,16913.65,19858.94,12418.84,24353.75,1686.62,overstock
540,2022,3,24353.75,12369.5,12977.04,23746.21,1686.62,overstock
540,2022,4,23746.21,2617.73,4410.26,21953.68,1686.62,overstock
540,2022,5,21953.68,3986.04,6604.69,19335.03,1686.62,overstock
540,2022,6,19335.03,6386.94,12763.15,12958.82,1686.62,overstock
540,2022,7,12958.82,10387.92,10554.12,12792.62,1686.62,overstock
540,2022,8,12792.62,10402.41,6371.35,16823.68,1686.62,overstock
540,2022,9,16823.68,5944.52,6694.86,16073.34,1686.62,overstock
540,2022,10,16073.34,4577.68,4826.23,15824.79,1686.62,overstock
540,2022,11,15824.79,3125.09,2964.05,15985.83,1686.62,overstock
540,2022,12,15985.83,3549.36,3657.13,15878.06,1686.62,overstock
540,2023,1,15878.06,6657.57,5688.44,16847.19,1686.62,overstock
540,2023,2,16847.19,6719.75,9005.92,14561.02,1686.62,overstock
540,2023,3,14561.02,4291.74,3191.79,15660.97,1686.62,overstock
540,2023,4,15660.97,9427.47,8443.21,16645.23,1686.62,overstock
540,2023,5,16645.23,3876.78,5157.94,15364.07,1686.62,overstock
540,2023,6,15364.07,9918.55,8706.47,16576.15,1686.62,overstock
540,2023,7,16576.15,8373.97,8208.34,16741.78,1686.62,overstock
540,2023,8,16741.78,7967.94,6672.05,18037.67,1686.62,overstock
540,2023,9,18037.67,5764.97,5726.35,18076.29,1686.62,overstock
540,2023,10,18076.29,5984.94,5337.78,18723.45,1686.62,overstock
540,2023,11,18723.45,5529.25,6445.95,17806.75,1686.62,overstock
540,2023,12,17806.75,5051.43,4654.41,18203.77,1686.62,overstock
540,2024,1,18203.77,7973.81,8090.46,18087.12,1686.62,overstock
540,2024,2,18087.12,4614.77,7465.6,15236.29,1686.62,overstock
540,2024,3,15236.29,6246.91,6806.9,14676.3,1686.62,overstock
540,2024,4,14676.3,5601.71,4166.68,16111.33,1686.62,overstock
540,2024,5,16111.33,6281.76,6391.1,16001.99,1686.62,overstock
540,2024,6,16001.99,7350.44,10171.32,13181.11,1686.62,overstock
540,2024,7,13181.11,5773.14,5946.1,13008.15,1686.62,overstock
542,2024,1,59.77,33.08,56.5,36.35,16.38,normal
542,2024,2,36.35,84.72,56.0,65.07,16.38,normal
542,2024,3,65.07,40.92,55.3,50.69,16.38,normal
542,2024,4,50.69,0.0,0.0,44.21,16.38,normal
542,2024,5,44.21,22.13,56.7,9.64,16.38,understock
542,2024,6,9.64,91.36,56.0,45.0,16.38,normal
544,2021,1,2290.18,2073.77,3975.43,388.52,575.84,understock
544,2021,2,388.52,3494.66,3821.84,61.34,575.84,understock
544,2021,3,61.34,9446.03,5636.81,3870.56,575.84,normal
544,2021,4,3870.56,3664.16,3748.29,3786.43,575.84,normal
544,2021,5,3786.43,533.08,484.12,3835.39,575.84,normal
544,2021,6,3835.39,7076.22,4542.87,6368.74,575.84,overstock
544,2021,7,6368.74,501.73,543.52,6326.95,575.84,overstock
544,2021,8,6326.95,3088.46,4947.54,4467.87,575.84,overstock
544,2021,9,4467.87,3346.81,3468.0,4346.68,575.84,overstock
544,2021,10,4346.68,2792.28,1919.19,5219.77,575.84,overstock
544,2021,11,5219.77,4429.6,6308.41,3340.96,575.84,normal
544,2021,12,3340.96,3672.3,2403.66,4609.6,575.84,overstock
544,2022,1,4609.6,1388.4,1453.26,4544.74,575.84,overstock
544,2022,2,4544.74,0.0,0.0,3926.82,575.84,normal
544,2022,3,3926.82,172.35,184.63,3914.54,575.84,normal
544,2022,4,3914.54,1354.04,1353.11,3915.47,575.84,normal
544,2022,5,3915.47,0.0,0.0,3430.66,575.84,normal
544,2022,6,3430.66,0.0,0.0,3249.23,575.84,normal
544,2022,7,3249.23,347.67,0.0,3200.89,575.84,normal
544,2022,8,3200.89,0.0,0.0,2809.77,575.84,normal
544,2022,9,2809.77,0.0,0.0,2553.55,575.84,normal
544,2022,10,2553.55,323.44,631.98,2245.01,575.84,normal
544,2022,11,2245.01,0.0,0.0,1961.24,575.84,normal
544,2022,12,1961.24,0.0,0.0,1795.44,575.84,normal
544,2023,1,1795.44,0.0,0.0,1675.93,575.84,normal
544,2023,2,1675.93,0.0,0.0,1475.93,575.84,normal
544,2023,3,1475.93,0.0,0.0,1343.89,575.84,normal
544,2023,4,1343.89,0.0,0.0,1238.38,575.84,normal
544,2023,5,1238.38,0.0,0.0,1140.47,575.84,normal
544,2023,6,1140.47,67.34,60.8,1147.01,575.84,normal
544,2023,7,1147.01,0.0,0.0,1059.12,575.84,normal
544,2023,8,1059.12,0.0,0.0,935.32,575.84,normal
544,2023,9,935.32,0.0,0.0,846.85,575.84,normal
544,2023,10,846.85,47.32,58.8,835.37,575.84,normal
544,2023,11,835.37,2577.71,5003.21,0.0,575.84,stockout
545,2022,2,1019.11,108.15,268.4,858.86,218.61,normal
545,2022,3,858.86,740.88,1081.61,518.13,218.61,normal
545,2022,4,518.13,1890.02,3559.46,0.0,218.61,stockout
545,2022,5,0.0,63.54,55.02,8.52,218.61,understock
545,2022,6,8.52,0.0,0.0,7.51,218.61,understock
545,2022,7,7.51,1158.85,1086.17,80.19,218.61,understock
545,2022,8,80.19,171.36,263.14,0.0,218.61,stockout
547,2021,3,170.85,12.54,4.56,178.83,57.04,normal
547,2021,4,178.83,24.05,0.0,189.31,57.04,normal
547,2021,5,189.31,0.0,0.0,166.18,57.04,normal
547,2021,6,166.18,35.43,0.0,190.29,57.04,normal
547,2021,7,190.29,0.0,0.0,172.08,57.04,normal
547,2021,8,172.08,0.0,0.0,160.75,57.04,normal
547,2021,9,160.75,0.0,0.0,142.07,57.04,normal
547,2021,10,142.07,0.0,0.0,133.23,57.04,normal
547,2021,11,133.23,11.88,0.0,128.54,57.04,normal
547,2021,12,128.54,0.0,0.0,121.36,57.04,normal
547,2022,1,121.36,56.53,125.44,52.45,57.04,understock
547,2022,2,52.45,0.0,0.0,45.48,57.04,understock
547,2022,3,45.48,0.0,0.0,41.81,57.04,understock
547,2022,4,41.81,0.0,0.0,38.35,57.04,understock
547,2022,5,38.35,0.0,0.0,35.77,57.04,understock
547,2022,6,35.77,0.0,0.0,32.31,57.04,understock
547,2022,7,32.31,0.0,0.0,28.79,57.04,understock
547,2022,8,28.79,0.0,0.0,25.2,57.04,understock
547,2022,9,25.2,0.0,0.0,22.47,57.04,understock
547,2022,10,22.47,0.0,0.0,20.93,57.04,understock
547,2022,11,20.93,0.0,0.0,19.36,57.04,understock
547,2022,12,19.36,31.71,0.0,49.76,57.04,understock
547,2023,1,49.76,0.0,0.0,47.13,57.04,understock
547,2023,2,47.13,14.83,0.0,59.35,57.04,normal
547,2023,3,59.35,0.0,0.0,51.41,57.04,understock
547,2023,4,51.41,0.0,0.0,44.34,57.04,understock
547,2023,5,44.34,0.0,0.0,40.68,57.04,understock
547,2023,6,40.68,0.0,0.0,36.12,57.04,understock
547,2023,7,36.12,0.0,0.0,32.1,57.04,understock
547,2023,8,32.1,0.0,0.0,28.74,57.04,understock
547,2023,9,28.74,332.53,455.49,0.0,57.04,stockout
549,2021,12,702.93,23.89,54.3,672.52,175.71,normal
549,2022,1,672.52,0.0,0.0,610.69,175.71,normal
549,2022,2,610.69,0.0,0.0,523.7,175.71,normal
549,2022,3,523.7,0.0,0.0,472.31,175.71,normal
549,2022,4,472.31,0.0,0.0,406.31,175.71,normal
549,2022,5,406.31,62.83,0.0,426.77,175.71,normal
549,2022,6,426.77,0.0,0.0,403.88,175.71,normal
549,2022,7,403.88,0.0,0.0,365.31,175.71,normal
549,2022,8,365.31,0.0,0.0,336.35,175.71,normal
549,2022,9,336.35,0.0,0.0,292.91,175.71,normal
549,2022,10,292.91,0.0,0.0,266.15,175.71,normal
549,2022,11,266.15,0.0,0.0,230.92,175.71,normal
549,2022,12,230.92,0.0,0.0,203.81,175.71,normal
549,2023,1,203.81,0.0,0.0,182.23,175.71,normal
549,2023,2,182.23,110.82,0.0,282.98,175.71,normal
549,2023,3,282.98,0.0,0.0,245.49,175.71,normal
549,2023,4,245.49,0.0,0.0,225.27,175.71,normal
549,2023,5,225.27,0.0,0.0,200.57,175.71,normal
549,2023,6,200.57,0.0,0.0,178.66,175.71,normal
549,2023,7,178.66,0.0,0.0,168.74,175.71,understock
549,2023,8,168.74,46.77,0.0,193.7,175.71,normal
549,2023,9,193.7,2006.44,1380.87,819.27,175.71,normal
551,2023,2,494.4,241.34,511.2,224.54,156.74,normal
551,2023,3,224.54,680.3,620.89,283.95,156.74,normal
553,2021,1,341.76,139.37,145.58,335.55,70.42,normal
553,2021,2,335.55,255.58,273.94,317.19,70.42,normal
553,2021,3,317.19,294.25,425.84,185.6,70.42,normal
553,2021,4,185.6,0.0,0.0,160.47,70.42,normal
553,2021,5,160.47,126.7,234.08,53.09,70.42,understock
553,2021,6,53.09,479.08,471.44,60.73,70.42,understock
553,2021,7,60.73,124.3,93.88,91.15,70.42,normal
553,2021,8,91.15,502.37,514.67,78.85,70.42,normal
553,2021,9,78.85,403.34,412.54,69.65,70.42,understock
553,2021,10,69.65,242.08,225.52,86.21,70.42,normal
553,2021,11,86.21,0.0,0.0,79.02,70.42,normal
553,2021,12,79.02,768.29,493.92,353.39,70.42,normal
553,2022,1,353.39,0.0,0.0,317.29,70.42,normal
553,2022,2,317.29,585.32,1121.17,0.0,70.42,stockout
553,2022,3,0.0,317.33,508.37,0.0,70.42,stockout
553,2022,4,0.0,430.03,282.55,147.48,70.42,normal
553,2022,5,147.48,0.0,0.0,132.05,70.42,normal
553,2022,6,132.05,498.24,467.66,162.63,70.42,normal
553,2022,7,162.63,0.0,0.0,145.51,70.42,normal
553,2022,8,145.51,0.0,0.0,136.58,70.42,normal
553,2022,9,136.58,230.98,231.97,135.59,70.42,normal
553,2022,10,135.59,0.0,0.0,119.86,70.42,normal
553,2022,11,119.86,0.0,0.0,111.86,70.42,normal
553,2022,12,111.86,333.9,231.0,214.76,70.42,normal
553,2023,1,214.76,254.28,233.7,235.34,70.42,normal
553,2023,2,235.34,0.0,0.0,205.07,70.42,normal
553,2023,3,205.07,191.01,112.74,283.34,70.42,normal
553,2023,4,283.34,553.64,340.9,496.08,70.42,normal
553,2023,5,496.08,0.0,0.0,468.5,70.42,normal
553,2023,6,468.5,319.76,286.12,502.14,70.42,normal
553,2023,7,502.14,279.91,279.2,502.85,70.42,normal
553,2023,8,502.85,301.92,291.98,512.79,70.42,normal
553,2023,9,512.79,0.0,0.0,454.74,70.42,normal
553,2023,10,454.74,338.66,227.7,565.7,70.42,overstock
553,2023,11,565.7,436.35,396.92,605.13,70.42,overstock
553,2023,12,605.13,0.0,0.0,541.1,70.42,overstock
553,2024,1,541.1,50.51,64.6,527.01,70.42,overstock
553,2024,2,527.01,99.98,271.2,355.79,70.42,normal
553,2024,3,355.79,355.08,714.44,0.0,70.42,stockout
553,2024,4,0.0,0.0,0.0,0.0,70.42,stockout
553,2024,5,0.0,150.38,168.6,0.0,70.42,stockout
553,2024,6,0.0,0.0,0.0,0.0,70.42,stockout
553,2024,7,0.0,511.13,511.62,0.0,70.42,stockout
555,2021,1,241.17,640.81,573.25,308.73,105.2,normal
555,2021,2,308.73,156.56,175.22,290.07,105.2,normal
555,2021,3,290.07,94.41,174.48,210.0,105.2,normal
555,2021,4,210.0,178.18,176.49,211.69,105.2,normal
555,2021,5,211.69,22.64,0.0,208.34,105.2,normal
555,2021,6,208.34,174.24,168.18,214.4,105.2,normal
555,2021,7,214.4,53.12,41.52,226.0,105.2,normal
555,2021,8,226.0,1567.6,1205.4,588.2,105.2,overstock
555,2021,9,588.2,157.13,173.0,572.33,105.2,overstock
555,2021,10,572.33,300.26,314.99,557.6,105.2,overstock
555,2021,11,557.6,680.38,593.35,644.63,105.2,overstock
555,2021,12,644.63,1131.4,1238.23,537.8,105.2,overstock
555,2022,1,537.8,117.51,90.94,564.37,105.2,overstock
555,2022,2,564.37,197.44,179.88,581.93,105.2,overstock
555,2022,3,581.93,71.56,44.4,609.09,105.2,overstock
555,2022,4,609.09,319.43,518.33,410.19,105.2,normal
555,2022,5,410.19,197.64,424.21,183.62,105.2,normal
555,2022,6,183.62,260.19,169.3,274.51,105.2,normal
555,2022,7,274.51,0.0,0.0,233.96,105.2,normal
555,2022,8,233.96,0.0,0.0,201.98,105.2,normal
555,2022,9,201.98,134.04,85.9,250.12,105.2,normal
555,2022,10,250.12,205.09,215.75,239.46,105.2,normal
555,2022,11,239.46,232.75,250.87,221.34,105.2,normal
555,2022,12,221.34,387.01,432.1,176.25,105.2,normal
555,2023,1,176.25,228.45,233.7,171.0,105.2,normal
555,2023,2,171.0,0.0,0.0,148.3,105.2,normal
555,2023,3,148.3,222.35,196.31,174.34,105.2,normal
555,2023,4,174.34,301.31,173.78,301.87,105.2,normal
555,2023,5,301.87,394.99,388.12,308.74,105.2,normal
555,2023,6,308.74,259.25,172.92,395.07,105.2,normal
555,2023,7,395.07,205.16,129.74,470.49,105.2,overstock
555,2023,8,470.49,353.94,343.04,481.39,105.2,overstock
555,2023,9,481.39,0.0,0.0,443.45,105.2,normal
555,2023,10,443.45,0.0,0.0,378.09,105.2,normal
555,2023,11,378.09,187.93,171.95,394.07,105.2,normal
555,2023,12,394.07,0.0,0.0,352.28,105.2,normal
555,2024,1,352.28,497.31,310.84,538.75,105.2,overstock
555,2024,2,538.75,0.0,0.0,482.49,105.2,overstock
555,2024,3,482.49,330.59,214.87,598.21,105.2,overstock
555,2024,4,598.21,394.44,257.09,735.56,105.2,overstock
555,2024,5,735.56,362.14,341.2,756.5,105.2,overstock
555,2024,6,756.5,0.0,0.0,718.36,105.2,overstock
555,2024,7,718.36,47.52,48.1,717.78,105.2,overstock
559,2021,3,174.0,55.11,50.12,178.99,40.72,normal
559,2021,4,178.99,158.73,94.84,242.88,40.72,normal
559,2021,5,242.88,0.0,0.0,223.41,40.72,normal
559,2021,6,223.41,1051.63,971.42,303.62,40.72,overstock
559,2021,7,303.62,0.0,0.0,269.16,40.72,overstock
559,2021,8,269.16,189.33,167.29,291.2,40.72,overstock
559,2021,9,291.2,108.47,115.56,284.11,40.72,overstock
559,2021,10,284.11,82.55,137.08,229.58,40.72,normal
559,2021,11,229.58,0.0,0.0,213.37,40.72,normal
559,2021,12,213.37,45.1,134.22,124.25,40.72,normal
559,2022,1,124.25,23.62,0.0,140.35,40.72,normal
559,2022,2,140.35,115.77,112.84,143.28,40.72,normal
559,2022,3,143.28,306.42,284.36,165.34,40.72,normal
559,2022,4,165.34,63.74,51.56,177.52,40.72,normal
559,2022,5,177.52,218.36,133.58,262.3,40.72,normal
559,2022,6,262.3,32.52,0.0,279.96,40.72,overstock
559,2022,7,279.96,340.31,243.81,376.46,40.72,overstock
559,2022,8,376.46,59.47,56.08,379.85,40.72,overstock
559,2022,9,379.85,209.13,132.1,456.88,40.72,overstock
559,2022,10,456.88,0.0,0.0,431.97,40.72,overstock
559,2022,11,431.97,18.25,0.0,418.19,40.72,overstock
559,2022,12,418.19,369.83,386.94,401.08,40.72,overstock
559,2023,1,401.08,33.31,0.0,408.71,40.72,overstock
559,2023,2,408.71,0.0,0.0,364.03,40.72,overstock
559,2023,3,364.03,49.74,55.72,358.05,40.72,overstock
559,2023,4,358.05,156.56,166.06,348.55,40.72,overstock
559,2023,5,348.55,0.0,0.0,306.97,40.72,overstock
559,2023,6,306.97,187.74,180.38,314.33,40.72,overstock
559,2023,7,314.33,0.0,0.0,275.53,40.72,overstock
559,2023,8,275.53,34.07,65.82,243.78,40.72,normal
559,2023,9,243.78,0.0,0.0,220.12,40.72,normal
559,2023,10,220.12,10.12,0.0,216.78,40.72,normal
559,2023,11,216.78,0.0,0.0,195.01,40.72,normal
559,2023,12,195.01,183.59,134.08,244.52,40.72,normal
559,2024,1,244.52,0.0,0.0,218.63,40.72,normal
559,2024,2,218.63,221.79,131.22,309.2,40.72,overstock
559,2024,3,309.2,147.12,133.38,322.94,40.72,overstock
559,2024,4,322.94,0.0,0.0,290.5,40.72,overstock
559,2024,5,290.5,212.33,135.23,367.6,40.72,overstock
559,2024,6,367.6,268.82,196.08,440.34,40.72,overstock
565,2021,2,534.09,1317.94,992.04,859.99,134.6,normal
565,2021,3,859.99,500.8,494.44,866.35,134.6,normal
565,2021,4,866.35,512.32,500.66,878.01,134.6,normal
565,2021,5,878.01,0.0,0.0,765.28,134.6,normal
565,2021,6,765.28,724.15,496.59,992.84,134.6,overstock
565,2021,7,992.84,217.09,554.33,655.6,134.6,normal
565,2021,8,655.6,0.0,0.0,619.76,134.6,normal
565,2021,9,619.76,1655.22,1478.35,796.63,134.6,normal
565,2021,10,796.63,324.09,593.45,527.27,134.6,normal
565,2021,11,527.27,0.0,0.0,470.28,134.6,normal
565,2021,12,470.28,0.0,0.0,412.49,134.6,normal
565,2022,1,412.49,0.0,0.0,377.9,134.6,normal
565,2022,2,377.9,786.68,833.96,330.62,134.6,normal
565,2022,3,330.62,783.21,866.55,247.28,134.6,normal
565,2022,4,247.28,81.15,55.21,273.22,134.6,normal
565,2022,5,273.22,178.94,332.9,119.26,134.6,understock
565,2022,6,119.26,1100.63,843.52,376.37,134.6,normal
565,2022,7,376.37,637.7,672.5,341.57,134.6,normal
565,2022,8,341.57,0.0,0.0,300.17,134.6,normal
565,2022,9,300.17,0.0,0.0,268.97,134.6,normal
565,2022,10,268.97,280.6,499.1,50.47,134.6,understock
565,2022,11,50.47,85.45,0.0,132.21,134.6,understock
565,2022,12,132.21,503.71,672.35,0.0,134.6,stockout
565,2023,1,0.0,1694.72,1171.41,523.31,134.6,normal
565,2023,2,523.31,0.0,0.0,491.17,134.6,normal
565,2023,3,491.17,0.0,0.0,466.55,134.6,normal
565,2023,4,466.55,637.75,682.32,421.98,134.6,normal
565,2023,5,421.98,500.03,322.25,599.76,134.6,normal
565,2023,6,599.76,314.22,334.49,579.49,134.6,normal
565,2023,7,579.49,581.42,499.46,661.45,134.6,normal
565,2023,8,661.45,766.03,655.72,771.76,134.6,normal
565,2023,9,771.76,239.33,163.67,847.42,134.6,normal
565,2023,10,847.42,0.0,0.0,751.12,134.6,normal
565,2023,11,751.12,0.0,0.0,705.8,134.6,normal
565,2023,12,705.8,0.0,0.0,636.66,134.6,normal
565,2024,1,636.66,0.0,0.0,568.77,134.6,normal
565,2024,2,568.77,0.0,0.0,521.05,134.6,normal
565,2024,3,521.05,244.19,499.3,265.94,134.6,normal
565,2024,4,265.94,103.07,327.87,41.14,134.6,understock
565,2024,5,41.14,558.06,490.4,108.8,134.6,understock
565,2024,6,108.8,494.09,484.6,118.29,134.6,understock
566,2021,2,432.4,710.15,498.46,644.09,96.85,overstock
566,2021,3,644.09,626.8,621.4,649.49,96.85,overstock
566,2021,4,649.49,562.91,1041.94,170.46,96.85,normal
566,2021,5,170.46,178.62,187.34,161.74,96.85,normal
566,2021,6,161.74,99.58,93.06,168.26,96.85,normal
566,2021,7,168.26,0.0,0.0,149.01,96.85,normal
566,2021,8,149.01,58.55,0.0,199.58,96.85,normal
566,2021,9,199.58,310.53,195.28,314.83,96.85,normal
566,2021,10,314.83,659.43,676.45,297.81,96.85,normal
566,2021,11,297.81,0.0,0.0,273.44,96.85,normal
566,2021,12,273.44,177.78,380.0,71.22,96.85,understock
566,2022,1,71.22,269.84,238.5,102.56,96.85,normal
566,2022,2,102.56,0.0,0.0,97.25,96.85,normal
566,2022,3,97.25,0.0,0.0,87.93,96.85,understock
566,2022,4,87.93,0.0,0.0,75.63,96.85,understock
566,2022,5,75.63,0.0,0.0,67.05,96.85,understock
566,2022,6,67.05,0.0,0.0,63.14,96.85,understock
566,2022,7,63.14,0.0,0.0,55.35,96.85,understock
566,2022,8,55.35,242.66,230.18,67.83,96.85,understock
566,2022,9,67.83,0.0,0.0,60.19,96.85,understock
566,2022,10,60.19,0.0,0.0,56.8,96.85,understock
566,2022,11,56.8,0.0,0.0,52.65,96.85,understock
566,2022,12,52.65,293.48,235.25,110.88,96.85,normal
566,2023,1,110.88,579.0,564.83,125.05,96.85,normal
566,2023,2,125.05,73.13,0.0,183.69,96.85,normal
566,2023,3,183.69,0.0,0.0,165.86,96.85,normal
566,2023,4,165.86,0.0,0.0,151.85,96.85,normal
566,2023,5,151.85,0.0,0.0,130.85,96.85,normal
566,2023,6,130.85,0.0,0.0,113.31,96.85,normal
566,2023,7,113.31,30.35,0.0,137.57,96.85,normal
566,2023,8,137.57,69.22,0.0,193.59,96.85,normal
566,2023,9,193.59,71.56,0.0,238.45,96.85,normal
566,2023,10,238.45,40.2,55.7,222.95,96.85,normal
566,2023,11,222.95,0.0,0.0,193.16,96.85,normal
566,2023,12,193.16,230.02,335.7,87.48,96.85,understock
566,2024,1,87.48,0.0,0.0,80.81,96.85,understock
566,2024,2,80.81,179.71,180.4,80.12,96.85,understock
567,2021,3,339.69,7.82,8.94,338.57,122.25,normal
567,2021,4,338.57,0.0,0.0,292.68,122.25,normal
567,2021,5,292.68,0.0,0.0,266.98,122.25,normal
567,2021,6,266.98,0.0,0.0,229.26,122.25,normal
567,2021,7,229.26,0.0,0.0,212.59,122.25,normal
567,2021,8,212.59,0.0,0.0,193.72,122.25,normal
567,2021,9,193.72,0.0,0.0,167.93,122.25,normal
567,2021,10,167.93,0.0,0.0,146.36,122.25,normal
567,2021,11,146.36,0.0,0.0,125.97,122.25,normal
567,2021,12,125.97,0.0,0.0,114.37,122.25,understock
567,2022,1,114.37,0.0,0.0,108.43,122.25,understock
567,2022,2,108.43,71.35,0.0,171.32,122.25,normal
567,2022,3,171.32,340.14,245.49,265.97,122.25,normal
567,2022,4,265.97,0.0,0.0,232.65,122.25,normal
567,2022,5,232.65,0.0,0.0,207.5,122.25,normal
567,2022,6,207.5,0.0,0.0,179.62,122.25,normal
567,2022,7,179.62,0.0,0.0,162.69,122.25,normal
567,2022,8,162.69,237.65,234.7,165.64,122.25,normal
567,2022,9,165.64,0.0,0.0,156.91,122.25,normal
567,2022,10,156.91,54.93,0.0,197.26,122.25,normal
567,2022,11,197.26,0.0,0.0,173.69,122.25,normal
567,2022,12,173.69,228.85,229.26,173.28,122.25,normal
567,2023,1,173.28,60.05,0.0,207.49,122.25,normal
567,2023,2,207.49,0.0,0.0,182.95,122.25,normal
567,2023,3,182.95,0.0,0.0,165.8,122.25,normal
567,2023,4,165.8,0.0,0.0,154.73,122.25,normal
567,2023,5,154.73,0.0,0.0,140.1,122.25,normal
567,2023,6,140.1,0.0,0.0,127.83,122.25,normal
567,2023,7,127.83,1087.05,801.02,413.86,122.25,normal
567,2023,8,413.86,0.0,0.0,366.0,122.25,normal
567,2023,9,366.0,0.0,0.0,345.65,122.25,normal
567,2023,10,345.65,68.08,0.0,377.38,122.25,normal
567,2023,11,377.38,0.0,0.0,345.96,122.25,normal
567,2023,12,345.96,0.0,0.0,311.54,122.25,normal
567,2024,1,311.54,0.0,0.0,272.67,122.25,normal
567,2024,2,272.67,0.0,0.0,257.77,122.25,normal
567,2024,3,257.77,0.0,0.0,232.84,122.25,normal
567,2024,4,232.84,0.0,0.0,215.21,122.25,normal
567,2024,5,215.21,0.0,0.0,195.6,122.25,normal
567,2024,6,195.6,204.1,229.18,170.52,122.25,normal
567,2024,7,170.52,1169.42,766.33,573.61,122.25,overstock
568,2021,1,2385.47,2692.16,2372.66,2704.97,538.25,normal
568,2021,2,2704.97,666.25,692.22,2679.0,538.25,normal
568,2021,3,2679.0,1550.1,1685.43,2543.67,538.25,normal
568,2021,4,2543.67,10.68,44.4,2509.95,538.25,normal
568,2021,5,2509.95,4403.67,3429.26,3484.36,538.25,overstock
568,2021,6,3484.36,4454.4,3171.04,4767.72,538.25,overstock
568,2021,7,4767.72,3440.85,4743.31,3465.26,538.25,overstock
568,2021,8,3465.26,3042.54,2991.82,3515.98,538.25,overstock
568,2021,9,3515.98,5376.61,4874.49,4018.1,538.25,overstock
568,2021,10,4018.1,4179.44,4433.6,3763.94,538.25,overstock
568,2021,11,3763.94,2305.94,2503.54,3566.34,538.25,overstock
568,2021,12,3566.34,3618.8,3579.91,3605.23,538.25,overstock
568,2022,1,3605.23,3555.97,3630.15,3531.05,538.25,overstock
568,2022,2,3531.05,1326.51,1169.62,3687.94,538.25,overstock
568,2022,3,3687.94,5287.46,4660.96,4314.44,538.25,overstock
568,2022,4,4314.44,4589.96,4481.75,4422.65,538.25,overstock
568,2022,5,4422.65,2521.48,2146.32,4797.81,538.25,overstock
568,2022,6,4797.81,510.14,1169.08,4138.87,538.25,overstock
568,2022,7,4138.87,749.11,1538.39,3349.59,538.25,overstock
568,2022,8,3349.59,1559.18,1417.5,3491.27,538.25,overstock
568,2022,9,3491.27,0.0,0.0,2995.37,538.25,normal
568,2022,10,2995.37,0.0,0.0,2708.74,538.25,normal
568,2022,11,2708.74,2861.06,2803.19,2766.61,538.25,normal
568,2022,12,2766.61,418.1,467.32,2717.39,538.25,normal
568,2023,1,2717.39,1701.3,1984.59,2434.1,538.25,normal
568,2023,2,2434.1,237.07,0.0,2383.04,538.25,normal
568,2023,3,2383.04,0.0,0.0,2163.08,538.25,normal
568,2023,4,2163.08,0.0,0.0,1862.72,538.25,normal
568,2023,5,1862.72,2960.27,3051.71,1771.28,538.25,normal
568,2023,6,1771.28,252.58,0.0,1932.15,538.25,normal
568,2023,7,1932.15,735.38,725.2,1942.33,538.25,normal
568,2023,8,1942.33,989.48,950.7,1981.11,538.25,normal
568,2023,9,1981.11,982.89,814.5,2149.5,538.25,normal
568,2023,10,2149.5,1933.19,1646.7,2435.99,538.25,normal
568,2023,11,2435.99,2170.43,1303.8,3302.62,538.25,normal
568,2023,12,3302.62,1772.49,1674.5,3400.61,538.25,overstock
568,2024,1,3400.61,0.0,0.0,3011.21,538.25,normal
568,2024,2,3011.21,558.08,682.5,2886.79,538.25,normal
568,2024,3,2886.79,0.0,0.0,2534.83,538.25,normal
568,2024,4,2534.83,0.0,0.0,2276.34,538.25,normal
568,2024,5,2276.34,1435.49,2329.3,1382.53,538.25,normal
568,2024,6,1382.53,1133.26,721.6,1794.19,538.25,normal
568,2024,7,1794.19,1596.21,1635.9,1754.5,538.25,normal
569,2021,1,887.29,1400.17,972.47,1314.99,259.74,overstock
569,2021,2,1314.99,0.0,0.0,1131.42,259.74,normal
569,2021,3,1131.42,2316.94,1735.23,1713.13,259.74,overstock
569,2021,4,1713.13,321.18,200.4,1833.91,259.74,overstock
569,2021,5,1833.91,0.0,0.0,1569.6,259.74,overstock
569,2021,6,1569.6,0.0,0.0,1358.7,259.74,overstock
569,2021,7,1358.7,0.0,0.0,1183.5,259.74,normal
569,2021,8,1183.5,0.0,0.0,1056.48,259.74,normal
569,2021,9,1056.48,923.7,653.01,1327.17,259.74,overstock
569,2021,10,1327.17,1342.13,1196.19,1473.11,259.74,overstock
569,2021,11,1473.11,0.0,0.0,1306.43,259.74,overstock
569,2021,12,1306.43,656.58,599.63,1363.38,259.74,overstock
569,2022,1,1363.38,768.49,692.96,1438.91,259.74,overstock
569,2022,2,1438.91,0.0,0.0,1260.25,259.74,normal
569,2022,3,1260.25,1082.18,1058.61,1283.82,259.74,normal
569,2022,4,1283.82,1069.32,956.1,1397.04,259.74,overstock
569,2022,5,1397.04,0.0,0.0,1269.49,259.74,normal
569,2022,6,1269.49,0.0,0.0,1106.32,259.74,normal
569,2022,7,1106.32,67.17,0.0,1094.77,259.74,normal
569,2022,8,1094.77,0.0,0.0,953.87,259.74,normal
569,2022,9,953.87,0.0,0.0,898.1,259.74,normal
569,2022,10,898.1,741.13,698.1,941.13,259.74,normal
569,2022,11,941.13,0.0,0.0,804.28,259.74,normal
569,2022,12,804.28,1847.08,1148.87,1502.49,259.74,overstock
569,2023,1,1502.49,880.28,958.21,1424.56,259.74,overstock
569,2023,2,1424.56,0.0,0.0,1240.92,259.74,normal
569,2023,3,1240.92,0.0,0.0,1155.8,259.74,normal
569,2023,4,1155.8,0.0,0.0,1002.32,259.74,normal
569,2023,5,1002.32,0.0,0.0,864.88,259.74,normal
569,2023,6,864.88,0.0,0.0,814.64,259.74,normal
569,2023,7,814.64,0.0,0.0,720.65,259.74,normal
569,2023,8,720.65,413.83,451.9,682.58,259.74,normal
569,2023,9,682.58,0.0,0.0,602.14,259.74,normal
569,2023,10,602.14,0.0,0.0,559.21,259.74,normal
569,2023,11,559.21,78.42,0.0,595.75,259.74,normal
569,2023,12,595.75,0.0,0.0,554.48,259.74,normal
569,2024,1,554.48,0.0,0.0,508.56,259.74,normal
569,2024,2,508.56,52.32,44.0,516.88,259.74,normal
569,2024,3,516.88,0.0,0.0,488.15,259.74,normal
569,2024,4,488.15,2400.98,1485.9,1403.23,259.74,overstock
572,2021,8,223.99,243.3,362.06,105.23,72.65,normal
572,2021,9,105.23,355.94,228.0,233.17,72.65,normal
572,2021,10,233.17,591.78,358.96,465.99,72.65,overstock
572,2021,11,465.99,157.43,225.0,398.42,72.65,overstock
572,2021,12,398.42,0.0,0.0,338.84,72.65,normal
572,2022,1,338.84,212.26,222.5,328.6,72.65,normal
572,2022,2,328.6,0.0,0.0,288.87,72.65,normal
572,2022,3,288.87,42.83,0.0,297.23,72.65,normal
572,2022,4,297.23,0.0,0.0,274.85,72.65,normal
572,2022,5,274.85,0.0,0.0,240.16,72.65,normal
572,2022,6,240.16,0.0,0.0,207.69,72.65,normal
572,2022,7,207.69,479.21,317.34,369.56,72.65,normal
572,2022,8,369.56,0.0,0.0,321.2,72.65,normal
572,2022,9,321.2,0.0,0.0,304.77,72.65,normal
572,2022,10,304.77,0.0,0.0,275.1,72.65,normal
572,2022,11,275.1,0.0,0.0,257.85,72.65,normal
572,2022,12,257.85,212.38,225.0,245.23,72.65,normal
572,2023,1,245.23,466.52,360.13,351.62,72.65,normal
572,2023,2,351.62,0.0,0.0,327.91,72.65,normal
572,2023,3,327.91,0.0,0.0,303.18,72.65,normal
572,2023,4,303.18,0.0,0.0,273.22,72.65,normal
572,2023,5,273.22,0.0,0.0,256.24,72.65,normal
572,2023,6,256.24,0.0,0.0,237.09,72.65,normal
572,2023,7,237.09,183.8,133.84,287.05,72.65,normal
572,2023,8,287.05,209.49,223.3,273.24,72.65,normal
573,2021,3,1933.8,1837.73,1869.55,1901.98,383.65,normal
574,2021,3,325.82,142.35,141.37,326.8,92.31,normal
574,2021,4,326.8,33.99,0.0,335.33,92.31,normal
574,2021,5,335.33,101.58,97.74,339.17,92.31,normal
574,2021,6,339.17,535.38,524.14,350.41,92.31,normal
574,2021,7,350.41,151.95,160.38,341.98,92.31,normal
574,2021,8,341.98,87.69,89.92,339.75,92.31,normal
574,2021,9,339.75,181.75,136.35,385.15,92.31,normal
574,2021,10,385.15,319.96,318.61,386.5,92.31,normal
574,2021,11,386.5,0.0,0.0,355.36,92.31,normal
574,2021,12,355.36,449.17,277.2,527.33,92.31,overstock
574,2022,1,527.33,0.0,0.0,468.37,92.31,overstock
574,2022,2,468.37,110.26,96.2,482.43,92.31,overstock
574,2022,3,482.43,475.96,450.51,507.88,92.31,overstock
574,2022,4,507.88,253.47,238.96,522.39,92.31,overstock
574,2022,5,522.39,249.85,234.08,538.16,92.31,overstock
574,2022,6,538.16,556.1,517.98,576.28,92.31,overstock
574,2022,7,576.28,225.92,232.52,569.68,92.31,overstock
574,2022,8,569.68,231.18,238.08,562.78,92.31,overstock
574,2022,9,562.78,92.59,144.7,510.67,92.31,overstock
574,2022,10,510.67,378.39,244.45,644.61,92.31,overstock
574,2022,11,644.61,114.66,193.0,566.27,92.31,overstock
574,2022,12,566.27,288.85,189.5,665.62,92.31,overstock
574,2023,1,665.62,213.0,137.72,740.9,92.31,overstock
574,2023,2,740.9,402.83,363.05,780.68,92.31,overstock
574,2023,3,780.68,360.71,322.6,818.79,92.31,overstock
574,2023,4,818.79,189.61,133.1,875.3,92.31,overstock
574,2023,5,875.3,122.94,176.97,821.27,92.31,overstock
574,2023,6,821.27,463.78,490.3,794.75,92.31,overstock
574,2023,7,794.75,949.37,985.74,758.38,92.31,overstock
574,2023,8,758.38,211.84,242.8,727.42,92.31,overstock
574,2023,9,727.42,144.39,143.04,728.77,92.31,overstock
574,2023,10,728.77,239.32,173.36,794.73,92.31,overstock
574,2023,11,794.73,225.62,143.0,877.35,92.31,overstock
574,2023,12,877.35,118.61,229.9,766.06,92.31,overstock
574,2024,1,766.06,318.46,237.0,847.52,92.31,overstock
574,2024,2,847.52,135.29,143.2,839.61,92.31,overstock
574,2024,3,839.61,400.99,294.54,946.06,92.31,overstock
574,2024,4,946.06,310.39,194.4,1062.05,92.31,overstock
574,2024,5,1062.05,371.62,507.3,926.37,92.31,overstock
574,2024,6,926.37,534.23,501.5,959.1,92.31,overstock
574,2024,7,959.1,236.69,238.6,957.19,92.31,overstock
575,2022,7,103.63,32.55,43.7,92.48,17.95,normal
575,2022,8,92.48,0.0,0.0,80.81,17.95,normal
575,2022,9,80.81,0.0,0.0,75.12,17.95,normal
575,2022,10,75.12,0.0,0.0,65.61,17.95,normal
575,2022,11,65.61,0.0,0.0,57.15,17.95,normal
575,2022,12,57.15,48.95,47.2,58.9,17.95,normal
575,2023,1,58.9,0.0,0.0,54.43,17.95,normal
575,2023,2,54.43,0.0,0.0,46.48,17.95,normal
575,2023,3,46.48,0.0,0.0,44.11,17.95,normal
575,2023,4,44.11,0.0,0.0,41.38,17.95,normal
575,2023,5,41.38,220.73,240.6,21.51,17.95,normal
575,2023,6,21.51,0.0,0.0,20.03,17.95,normal
575,2023,7,20.03,0.0,0.0,17.3,17.95,understock
575,2023,8,17.3,0.0,0.0,14.85,17.95,understock
575,2023,9,14.85,0.0,0.0,13.52,17.95,understock
575,2023,10,13.52,8.5,18.41,3.61,17.95,understock
578,2021,1,2168.4,2314.45,1615.88,2866.97,495.36,overstock
578,2021,2,2866.97,2283.4,3989.3,1161.07,495.36,normal
578,2021,3,1161.07,789.15,1562.13,388.09,495.36,understock
578,2021,4,388.09,1012.4,876.36,524.13,495.36,normal
578,2021,5,524.13,756.91,785.04,496.0,495.36,normal
578,2021,6,496.0,1940.89,1786.8,650.09,495.36,normal
578,2021,7,650.09,823.59,974.05,499.63,495.36,normal
578,2021,8,499.63,1166.89,1159.6,506.92,495.36,normal
578,2021,9,506.92,937.61,897.06,547.47,495.36,normal
578,2021,10,547.47,543.66,1013.44,77.69,495.36,understock
578,2021,11,77.69,2639.79,3062.15,0.0,495.36,stockout
578,2021,12,0.0,2775.77,2657.28,118.49,495.36,understock
578,2022,1,118.49,3105.55,2764.56,459.48,495.36,understock
578,2022,2,459.48,6634.41,6159.4,934.49,495.36,normal
578,2022,3,934.49,1122.74,2466.4,0.0,495.36,stockout
578,2022,4,0.0,3189.56,2143.78,1045.78,495.36,normal
578,2022,5,1045.78,1305.48,770.79,1580.47,495.36,normal
578,2022,6,1580.47,1721.22,1084.41,2217.28,495.36,normal
578,2022,7,2217.28,4463.17,2653.13,4027.32,495.36,overstock
578,2022,8,4027.32,1145.73,1030.62,4142.43,495.36,overstock
578,2022,9,4142.43,760.35,850.16,4052.62,495.36,overstock
578,2022,10,4052.62,1173.66,815.07,4411.21,495.36,overstock
578,2022,11,4411.21,2077.22,2019.96,4468.47,495.36,overstock
578,2022,12,4468.47,1296.17,2854.81,2909.83,495.36,overstock
578,2023,1,2909.83,4429.69,4102.85,3236.67,495.36,overstock
578,2023,2,3236.67,3472.27,3801.61,2907.33,495.36,overstock
578,2023,3,2907.33,2102.96,2089.56,2920.73,495.36,overstock
578,2023,4,2920.73,2077.77,1300.03,3698.47,495.36,overstock
578,2023,5,3698.47,1157.5,675.8,4180.17,495.36,overstock
578,2023,6,4180.17,1455.3,952.39,4683.08,495.36,overstock
578,2023,7,4683.08,1873.35,1659.24,4897.19,495.36,overstock
578,2023,8,4897.19,1423.87,1330.34,4990.72,495.36,overstock
578,2023,9,4990.72,608.21,577.38,5021.55,495.36,overstock
578,2023,10,5021.55,255.85,756.9,4520.5,495.36,overstock
578,2023,11,4520.5,971.76,964.81,4527.45,495.36,overstock
578,2023,12,4527.45,3308.48,2882.9,4953.03,495.36,overstock
578,2024,1,4953.03,2145.31,2029.86,5068.48,495.36,overstock
578,2024,2,5068.48,2185.69,1998.85,5255.32,495.36,overstock
578,2024,3,5255.32,580.71,489.1,5346.93,495.36,overstock
578,2024,4,5346.93,584.54,735.7,5195.77,495.36,overstock
578,2024,5,5195.77,1352.35,1355.3,5192.82,495.36,overstock
578,2024,6,5192.82,1763.51,1792.33,5164.0,495.36,overstock
578,2024,7,5164.0,1297.57,2525.49,3936.08,495.36,overstock
579,2024,1,314.62,315.1,294.4,335.32,90.02,normal
580,2021,2,215.3,56.65,45.0,226.95,60.19,normal
580,2021,3,226.95,78.3,50.87,254.38,60.19,normal
580,2021,4,254.38,143.5,89.85,308.03,60.19,normal
580,2021,5,308.03,0.0,0.0,266.12,60.19,normal
580,2021,6,266.12,61.17,63.85,263.44,60.19,normal
580,2021,7,263.44,30.79,0.0,268.61,60.19,normal
580,2021,8,268.61,74.94,70.47,273.08,60.19,normal
580,2021,9,273.08,0.0,0.0,249.8,60.19,normal
580,2021,10,249.8,37.96,74.29,213.47,60.19,normal
580,2021,11,213.47,0.0,0.0,184.09,60.19,normal
580,2021,12,184.09,722.75,686.69,220.15,60.19,normal
580,2022,1,220.15,247.39,258.66,208.88,60.19,normal
580,2022,2,208.88,437.59,307.3,339.17,60.19,normal
580,2022,3,339.17,661.86,1193.21,0.0,60.19,stockout
580,2022,4,0.0,0.0,0.0,0.0,60.19,stockout
580,2022,5,0.0,53.87,59.19,0.0,60.19,stockout
580,2022,6,0.0,71.2,61.5,9.7,60.19,understock
580,2022,7,9.7,17.97,37.39,0.0,60.19,stockout
580,2022,8,0.0,71.37,59.14,12.23,60.19,understock
580,2022,9,12.23,1231.57,788.19,455.61,60.19,overstock
580,2022,10,455.61,0.0,0.0,393.43,60.19,overstock
580,2022,11,393.43,0.0,0.0,372.82,60.19,overstock
580,2022,12,372.82,47.94,0.0,391.79,60.19,overstock
580,2023,1,391.79,0.0,0.0,356.97,60.19,normal
580,2023,2,356.97,15.35,0.0,348.88,60.19,normal
580,2023,3,348.88,0.0,0.0,314.39,60.19,normal
580,2023,4,314.39,0.0,0.0,267.66,60.19,normal
580,2023,5,267.66,143.9,120.2,291.36,60.19,normal
580,2023,6,291.36,172.48,178.82,285.02,60.19,normal
580,2023,7,285.02,15.99,0.0,283.86,60.19,normal
580,2023,8,283.86,0.0,0.0,263.85,60.19,normal
580,2023,9,263.85,204.31,121.9,346.26,60.19,normal
580,2023,10,346.26,0.0,0.0,301.03,60.19,normal
580,2023,11,301.03,706.89,438.9,569.02,60.19,overstock
580,2023,12,569.02,260.13,241.8,587.35,60.19,overstock
582,2021,9,196.53,356.18,231.59,321.12,80.9,normal
584,2022,5,200.8,261.23,184.54,277.49,53.84,overstock
584,2022,6,277.49,197.75,135.47,339.77,53.84,overstock
584,2022,7,339.77,0.0,0.0,297.99,53.84,overstock
584,2022,8,297.99,105.89,93.1,310.78,53.84,overstock
584,2022,9,310.78,0.0,0.0,289.9,53.84,overstock
584,2022,10,289.9,0.0,0.0,269.81,53.84,overstock
584,2022,11,269.81,0.0,0.0,251.27,53.84,overstock
584,2022,12,251.27,0.0,0.0,218.66,53.84,normal
584,2023,1,218.66,53.83,89.1,183.39,53.84,normal
584,2023,2,183.39,0.0,0.0,161.58,53.84,normal
584,2023,3,161.58,125.63,229.5,57.71,53.84,normal
584,2023,4,57.71,0.0,0.0,50.34,53.84,understock
584,2023,5,50.34,0.0,0.0,43.96,53.84,understock
584,2023,6,43.96,13.72,0.0,55.2,53.84,normal
584,2023,7,55.2,91.31,135.9,10.61,53.84,understock
584,2023,8,10.61,126.62,90.03,47.2,53.84,understock
584,2023,9,47.2,0.0,0.0,41.77,53.84,understock
584,2023,10,41.77,12.83,0.0,50.52,53.84,understock
584,2023,11,50.52,0.0,0.0,47.26,53.84,understock
584,2023,12,47.26,436.8,459.19,24.87,53.84,understock
584,2024,1,24.87,95.24,91.0,29.11,53.84,understock
584,2024,2,29.11,0.0,0.0,25.4,53.84,understock
584,2024,3,25.4,115.89,273.4,0.0,53.84,stockout
584,2024,4,0.0,30.19,0.0,30.19,53.84,understock
584,2024,5,30.19,8.86,0.0,35.64,53.84,understock
584,2024,6,35.64,0.0,0.0,30.34,53.84,understock
584,2024,7,30.34,60.74,46.4,44.68,53.84,understock
585,2021,1,87.76,235.68,256.8,66.64,22.51,normal
585,2021,2,66.64,0.0,0.0,61.26,22.51,normal
585,2021,3,61.26,0.0,0.0,54.65,22.51,normal
585,2021,4,54.65,102.04,74.53,82.16,22.51,normal
585,2021,5,82.16,0.0,0.0,76.88,22.51,normal
585,2021,6,76.88,105.5,63.1,119.28,22.51,normal
585,2021,7,119.28,113.51,125.22,107.57,22.51,normal
585,2021,8,107.57,67.42,73.34,101.65,22.51,normal
585,2021,9,101.65,195.16,203.88,92.93,22.51,normal
585,2021,10,92.93,107.02,94.1,105.85,22.51,normal
585,2021,11,105.85,0.0,0.0,91.28,22.51,normal
585,2021,12,91.28,127.48,74.73,144.03,22.51,normal
585,2022,1,144.03,74.1,53.14,164.99,22.51,overstock
585,2022,2,164.99,0.0,0.0,140.42,22.51,normal
585,2022,3,140.42,69.78,93.0,117.2,22.51,normal
585,2022,4,117.2,28.87,41.92,104.15,22.51,normal
585,2022,5,104.15,0.0,0.0,89.32,22.51,normal
585,2022,6,89.32,0.0,0.0,77.32,22.51,normal
585,2022,7,77.32,0.0,0.0,71.1,22.51,normal
585,2022,8,71.1,19.22,0.0,82.6,22.51,normal
585,2022,9,82.6,0.0,0.0,77.24,22.51,normal
585,2022,10,77.24,0.0,0.0,66.92,22.51,normal
585,2022,11,66.92,57.38,39.6,84.7,22.51,normal
585,2022,12,84.7,17.68,0.0,97.4,22.51,normal
585,2023,1,97.4,0.0,0.0,87.62,22.51,normal
585,2023,2,87.62,132.21,119.43,100.4,22.51,normal
587,2024,5,42.92,32.15,36.17,38.9,7.41,normal
588,2021,12,733.08,898.46,989.7,641.84,219.19,normal
588,2022,1,641.84,216.77,264.22,594.39,219.19,normal
588,2022,2,594.39,563.85,986.66,171.58,219.19,understock
588,2022,3,171.58,1380.29,1283.24,268.63,219.19,normal
588,2022,4,268.63,0.0,0.0,229.16,219.19,normal
588,2022,5,229.16,0.0,0.0,195.91,219.19,understock
588,2022,6,195.91,0.0,0.0,172.95,219.19,understock
588,2022,7,172.95,38.59,22.97,188.57,219.19,understock
588,2022,8,188.57,0.0,0.0,165.81,219.19,understock
588,2022,9,165.81,553.06,507.01,211.86,219.19,understock
588,2022,10,211.86,0.0,0.0,187.39,219.19,understock
588,2022,11,187.39,0.0,0.0,171.98,219.19,understock
588,2022,12,171.98,0.0,0.0,160.88,219.19,understock
588,2023,1,160.88,0.0,0.0,147.23,219.19,understock
588,2023,2,147.23,0.0,0.0,126.71,219.19,understock
588,2023,3,126.71,925.32,910.8,141.23,219.19,understock
588,2023,4,141.23,0.0,0.0,121.65,219.19,understock
588,2023,5,121.65,0.0,0.0,109.81,219.19,understock
588,2023,6,109.81,0.0,0.0,100.23,219.19,understock
588,2023,7,100.23,0.0,0.0,93.26,219.19,understock
588,2023,8,93.26,110.88,0.0,192.3,219.19,understock
588,2023,9,192.3,0.0,0.0,167.81,219.19,understock
588,2023,10,167.81,0.0,0.0,158.75,219.19,understock
588,2023,11,158.75,1776.86,1228.51,707.1,219.19,normal
588,2023,12,707.1,544.51,1158.02,93.59,219.19,understock
588,2024,1,93.59,52.6,24.6,121.59,219.19,understock
588,2024,2,121.59,0.0,0.0,103.68,219.19,understock
588,2024,3,103.68,0.0,0.0,96.29,219.19,understock
588,2024,4,96.29,92.44,0.0,183.78,219.19,understock
588,2024,5,183.78,132.04,197.5,118.32,219.19,understock
589,2023,11,161.35,69.04,46.4,183.99,51.32,normal
589,2023,12,183.99,285.71,604.1,0.0,51.32,stockout
589,2024,1,0.0,34.01,24.0,10.01,51.32,understock
589,2024,2,10.01,0.0,0.0,9.16,51.32,understock
589,2024,3,9.16,0.0,0.0,8.02,51.32,understock
589,2024,4,8.02,0.0,0.0,7.58,51.32,understock
589,2024,5,7.58,98.92,112.6,0.0,51.32,stockout
590,2021,12,718.34,826.77,720.48,824.63,156.23,normal
590,2022,1,824.63,213.88,483.14,555.37,156.23,normal
590,2022,2,555.37,1023.01,1024.84,553.54,156.23,normal
590,2022,3,553.54,1229.7,1099.2,684.04,156.23,normal
590,2022,4,684.04,0.0,0.0,596.1,156.23,normal
590,2022,5,596.1,0.0,0.0,514.02,156.23,normal
590,2022,6,514.02,0.0,0.0,462.82,156.23,normal
590,2022,7,462.82,65.62,46.93,481.51,156.23,normal
590,2022,8,481.51,0.0,0.0,432.22,156.23,normal
590,2022,9,432.22,0.0,0.0,408.02,156.23,normal
590,2022,10,408.02,0.0,0.0,356.04,156.23,normal
590,2022,11,356.04,0.0,0.0,316.47,156.23,normal
590,2022,12,316.47,0.0,0.0,273.2,156.23,normal
590,2023,1,273.2,0.0,0.0,250.55,156.23,normal
590,2023,2,250.55,0.0,0.0,233.42,156.23,normal
590,2023,3,233.42,0.0,0.0,212.02,156.23,normal
590,2023,4,212.02,0.0,0.0,190.29,156.23,normal
590,2023,5,190.29,0.0,0.0,169.99,156.23,normal
590,2023,6,169.99,0.0,0.0,156.26,156.23,normal
590,2023,7,156.26,94.87,0.0,230.02,156.23,normal
590,2023,8,230.02,0.0,0.0,209.16,156.23,normal
590,2023,9,209.16,0.0,0.0,187.55,156.23,normal
590,2023,10,187.55,0.0,0.0,177.39,156.23,normal
590,2023,11,177.39,399.51,966.3,0.0,156.23,stockout
590,2023,12,0.0,587.54,549.0,38.54,156.23,understock
590,2024,1,38.54,38.59,25.0,52.13,156.23,understock
590,2024,2,52.13,0.0,0.0,47.38,156.23,understock
590,2024,3,47.38,0.0,0.0,40.55,156.23,understock
590,2024,4,40.55,0.0,0.0,35.07,156.23,understock
590,2024,5,35.07,283.4,287.8,30.67,156.23,understock
591,2021,12,374.78,743.35,811.75,306.38,91.08,normal
591,2022,1,306.38,0.0,0.0,278.23,91.08,normal
591,2022,2,278.23,409.9,801.1,0.0,91.08,stockout
591,2022,3,0.0,114.33,149.84,0.0,91.08,stockout
591,2022,4,0.0,0.0,0.0,0.0,91.08,stockout
591,2022,5,0.0,0.0,0.0,0.0,91.08,stockout
591,2022,6,0.0,0.0,0.0,0.0,91.08,stockout
591,2022,7,0.0,0.0,0.0,0.0,91.08,stockout
591,2022,8,0.0,0.0,0.0,0.0,91.08,stockout
591,2022,9,0.0,37.39,0.0,37.39,91.08,understock
591,2022,10,37.39,0.0,0.0,32.61,91.08,understock
591,2022,11,32.61,0.0,0.0,29.3,91.08,understock
591,2022,12,29.3,0.0,0.0,26.69,91.08,understock
591,2023,1,26.69,0.0,0.0,23.55,91.08,understock
591,2023,2,23.55,0.0,0.0,21.11,91.08,understock
591,2023,3,21.11,0.0,0.0,19.52,91.08,understock
591,2023,4,19.52,0.0,0.0,17.03,91.08,understock
591,2023,5,17.03,0.0,0.0,14.66,91.08,understock
591,2023,6,14.66,0.0,0.0,13.39,91.08,understock
591,2023,7,13.39,0.0,0.0,12.1,91.08,understock
591,2023,8,12.1,0.0,0.0,11.09,91.08,understock
591,2023,9,11.09,0.0,0.0,9.81,91.08,understock
591,2023,10,9.81,74.92,0.0,83.48,91.08,understock
591,2023,11,83.48,242.7,240.1,86.08,91.08,understock
591,2023,12,86.08,0.0,0.0,78.26,91.08,understock
591,2024,1,78.26,0.0,0.0,69.35,91.08,understock
591,2024,2,69.35,0.0,0.0,60.55,91.08,understock
591,2024,3,60.55,0.0,0.0,53.78,91.08,understock
591,2024,4,53.78,0.0,0.0,49.29,91.08,understock
591,2024,5,49.29,92.71,56.8,85.2,91.08,understock
592,2023,11,122.55,66.9,59.8,129.65,36.93,normal
592,2023,12,129.65,265.91,242.7,152.86,36.93,normal
592,2024,1,152.86,0.0,0.0,134.75,36.93,normal
592,2024,2,134.75,0.0,0.0,114.75,36.93,normal
592,2024,3,114.75,0.0,0.0,99.96,36.93,normal
592,2024,4,99.96,0.0,0.0,89.61,36.93,normal
592,2024,5,89.61,42.08,40.1,91.59,36.93,normal
593,2021,12,294.64,729.47,661.02,363.09,88.03,normal
593,2022,1,363.09,508.57,458.6,413.06,88.03,normal
593,2022,2,413.06,729.35,657.67,484.74,88.03,overstock
593,2022,3,484.74,425.08,475.21,434.61,88.03,normal
593,2022,4,434.61,0.0,0.0,405.57,88.03,normal
593,2022,5,405.57,0.0,0.0,354.42,88.03,normal
593,2022,6,354.42,0.0,0.0,323.53,88.03,normal
593,2022,7,323.53,35.95,24.0,335.48,88.03,normal
593,2022,8,335.48,0.0,0.0,296.65,88.03,normal
593,2022,9,296.65,0.0,0.0,272.84,88.03,normal
593,2022,10,272.84,31.81,0.0,285.45,88.03,normal
593,2022,11,285.45,0.0,0.0,242.79,88.03,normal
593,2022,12,242.79,38.83,0.0,255.55,88.03,normal
593,2023,1,255.55,0.0,0.0,229.84,88.03,normal
593,2023,2,229.84,0.0,0.0,207.51,88.03,normal
593,2023,3,207.51,0.0,0.0,195.97,88.03,normal
593,2023,4,195.97,0.0,0.0,185.14,88.03,normal
593,2023,5,185.14,0.0,0.0,170.19,88.03,normal
593,2023,6,170.19,0.0,0.0,159.39,88.03,normal
593,2023,7,159.39,0.0,0.0,137.16,88.03,normal
593,2023,8,137.16,0.0,0.0,125.59,88.03,normal
593,2023,9,125.59,0.0,0.0,118.11,88.03,normal
593,2023,10,118.11,0.0,0.0,109.24,88.03,normal
593,2023,11,109.24,0.0,0.0,94.47,88.03,normal
593,2023,12,94.47,0.0,0.0,84.83,88.03,understock
593,2024,1,84.83,44.39,24.0,105.22,88.03,normal
593,2024,2,105.22,0.0,0.0,99.76,88.03,normal
593,2024,3,99.76,54.25,0.0,140.35,88.03,normal
593,2024,4,140.35,0.0,0.0,120.83,88.03,normal
593,2024,5,120.83,0.0,8.32,112.51,88.03,normal
593,2024,6,112.51,0.0,0.0,105.61,88.03,normal
593,2024,7,105.61,52.33,59.9,98.04,88.03,normal
594,2021,12,638.08,524.61,506.03,656.66,241.31,normal
594,2022,1,656.66,1120.28,1107.28,669.66,241.31,normal
594,2022,2,669.66,356.41,496.11,529.96,241.31,normal
594,2022,3,529.96,93.83,0.0,550.43,241.31,normal
594,2022,4,550.43,76.66,0.0,548.59,241.31,normal
594,2022,5,548.59,0.0,0.0,496.0,241.31,normal
594,2022,6,496.0,1728.23,1253.84,970.39,241.31,normal
594,2022,7,970.39,1253.64,1109.94,1114.09,241.31,overstock
594,2022,8,1114.09,87.79,178.8,1023.08,241.31,normal
594,2022,9,1023.08,2147.41,1299.5,1870.99,241.31,overstock
594,2022,10,1870.99,170.96,121.8,1920.15,241.31,overstock
594,2022,11,1920.15,0.0,0.0,1682.09,241.31,overstock
594,2022,12,1682.09,0.0,0.0,1583.3,241.31,overstock
594,2023,1,1583.3,2213.64,1463.98,2332.96,241.31,overstock
594,2023,2,2332.96,1897.23,1815.35,2414.84,241.31,overstock
594,2023,3,2414.84,690.39,478.1,2627.13,241.31,overstock
594,2023,4,2627.13,0.0,0.0,2389.01,241.31,overstock
594,2023,5,2389.01,0.0,0.0,2038.91,241.31,overstock
594,2023,6,2038.91,279.26,188.4,2129.77,241.31,overstock
594,2023,7,2129.77,491.2,306.7,2314.27,241.31,overstock
594,2023,8,2314.27,93.45,61.8,2345.92,241.31,overstock
594,2023,9,2345.92,0.0,0.0,2090.19,241.31,overstock
594,2023,10,2090.19,0.0,0.0,1892.31,241.31,overstock
594,2023,11,1892.31,0.0,0.0,1794.49,241.31,overstock
594,2023,12,1794.49,0.0,0.0,1644.61,241.31,overstock
594,2024,1,1644.61,238.67,324.14,1559.14,241.31,overstock
594,2024,2,1559.14,240.39,240.3,1559.23,241.31,overstock
594,2024,3,1559.23,0.0,0.0,1383.01,241.31,overstock
594,2024,4,1383.01,0.0,0.0,1251.35,241.31,overstock
594,2024,5,1251.35,958.62,890.24,1319.73,241.31,overstock
594,2024,6,1319.73,0.0,0.0,1161.15,241.31,overstock
594,2024,7,1161.15,602.66,613.8,1150.01,241.31,overstock
596,2021,1,90.07,18.64,17.82,90.89,24.76,normal
596,2021,2,90.89,0.0,0.0,79.09,24.76,normal
596,2021,3,79.09,0.0,0.0,72.25,24.76,normal
596,2021,4,72.25,223.78,143.34,152.69,24.76,overstock
596,2021,5,152.69,0.0,0.0,133.61,24.76,normal
596,2021,6,133.61,117.03,116.06,134.58,24.76,normal
596,2021,7,134.58,214.55,141.26,207.87,24.76,overstock
596,2021,8,207.87,29.81,17.5,220.18,24.76,overstock
596,2021,9,220.18,105.54,230.78,94.94,24.76,normal
596,2021,10,94.94,174.6,160.82,108.72,24.76,normal
596,2021,11,108.72,0.0,0.0,101.93,24.76,normal
596,2021,12,101.93,112.31,124.04,90.2,24.76,normal
596,2022,1,90.2,43.46,70.6,63.06,24.76,normal
596,2022,2,63.06,12.05,28.1,47.01,24.76,normal
596,2022,3,47.01,302.74,272.81,76.94,24.76,normal
596,2022,4,76.94,66.11,70.2,72.85,24.76,normal
596,2022,5,72.85,152.66,105.54,119.97,24.76,normal
596,2022,6,119.97,121.97,106.7,135.24,24.76,normal
596,2022,7,135.24,38.49,39.98,133.75,24.76,normal
596,2022,8,133.75,45.54,106.35,72.94,24.76,normal
596,2022,9,72.94,30.32,36.1,67.16,24.76,normal
596,2022,10,67.16,0.0,0.0,62.88,24.76,normal
596,2022,11,62.88,0.0,0.0,59.25,24.76,normal
596,2022,12,59.25,0.0,0.0,52.05,24.76,normal
596,2023,1,52.05,0.0,0.0,47.09,24.76,normal
596,2023,2,47.09,0.0,0.0,44.58,24.76,normal
596,2023,3,44.58,56.35,53.31,47.62,24.76,normal
596,2023,4,47.62,68.12,125.1,0.0,24.76,stockout
596,2023,5,0.0,136.52,121.0,15.52,24.76,understock
596,2023,6,15.52,171.41,160.16,26.77,24.76,normal
596,2023,7,26.77,61.17,34.88,53.06,24.76,normal
596,2023,8,53.06,0.0,0.0,45.44,24.76,normal
596,2023,9,45.44,108.37,106.54,47.27,24.76,normal
596,2023,10,47.27,75.11,71.4,50.98,24.76,normal
596,2023,11,50.98,105.62,114.68,41.92,24.76,normal
596,2023,12,41.92,171.3,107.2,106.02,24.76,normal
596,2024,1,106.02,9.15,10.59,104.58,24.76,normal
596,2024,2,104.58,0.0,0.0,98.05,24.76,normal
596,2024,3,98.05,44.01,52.6,89.46,24.76,normal
596,2024,4,89.46,0.0,0.0,79.88,24.76,normal
596,2024,5,79.88,113.57,109.38,84.07,24.76,normal
596,2024,6,84.07,0.0,0.0,74.9,24.76,normal
596,2024,7,74.9,77.59,107.6,44.89,24.76,normal
597,2022,5,58.72,89.86,124.42,24.16,14.42,normal
597,2022,6,24.16,6.02,0.0,27.1,14.42,normal
597,2022,7,27.1,0.0,0.0,24.84,14.42,normal
597,2022,8,24.84,15.24,14.5,25.58,14.42,normal
597,2022,9,25.58,0.0,0.0,23.88,14.42,normal
597,2022,10,23.88,7.47,0.0,28.86,14.42,normal
597,2022,11,28.86,0.0,0.0,25.41,14.42,normal
597,2022,12,25.41,0.0,0.0,23.48,14.42,normal
597,2023,1,23.48,0.0,0.0,19.98,14.42,normal
597,2023,2,19.98,0.0,0.0,17.46,14.42,normal
597,2023,3,17.46,0.0,0.0,15.2,14.42,normal
597,2023,4,15.2,0.0,0.0,13.43,14.42,understock
597,2023,5,13.43,0.0,0.0,11.5,14.42,understock
597,2023,6,11.5,0.0,0.0,10.65,14.42,understock
597,2023,7,10.65,0.0,0.0,9.31,14.42,understock
597,2023,8,9.31,0.0,0.0,8.68,14.42,understock
597,2023,9,8.68,30.68,28.6,10.76,14.42,understock
599,2021,1,174.97,22.7,44.0,153.67,39.61,normal
599,2021,2,153.67,0.0,0.0,138.24,39.61,normal
599,2021,3,138.24,0.0,0.0,130.39,39.61,normal
599,2021,4,130.39,0.0,0.0,111.04,39.61,normal
599,2021,5,111.04,0.0,0.0,95.86,39.61,normal
599,2021,6,95.86,0.0,0.0,86.16,39.61,normal
599,2021,7,86.16,5.35,20.3,71.21,39.61,normal
599,2021,8,71.21,0.0,0.0,65.71,39.61,normal
599,2021,9,65.71,0.0,0.0,61.87,39.61,normal
599,2021,10,61.87,18.35,46.3,33.92,39.61,understock
599,2021,11,33.92,0.0,0.0,30.57,39.61,understock
599,2021,12,30.57,53.48,47.1,36.95,39.61,understock
599,2022,1,36.95,0.0,0.0,34.95,39.61,understock
599,2022,2,34.95,60.69,40.8,54.84,39.61,normal
599,2022,3,54.84,0.0,0.0,47.33,39.61,normal
599,2022,4,47.33,0.0,0.0,42.43,39.61,normal
599,2022,5,42.43,12.3,0.0,49.89,39.61,normal
599,2022,6,49.89,0.0,0.0,44.49,39.61,normal
599,2022,7,44.49,19.47,0.0,60.16,39.61,normal
599,2022,8,60.16,0.0,0.0,51.92,39.61,normal
599,2022,9,51.92,0.0,0.0,48.89,39.61,normal
599,2022,10,48.89,541.85,359.9,230.84,39.61,normal
599,2022,11,230.84,301.92,685.14,0.0,39.61,stockout
599,2022,12,0.0,0.0,0.0,0.0,39.61,stockout
599,2023,1,0.0,0.0,0.0,0.0,39.61,stockout
599,2023,2,0.0,0.0,0.0,0.0,39.61,stockout
599,2023,3,0.0,0.0,0.0,0.0,39.61,stockout
599,2023,4,0.0,23.7,44.5,0.0,39.61,stockout
599,2023,5,0.0,0.0,0.0,0.0,39.61,stockout
599,2023,6,0.0,0.0,0.0,0.0,39.61,stockout
599,2023,7,0.0,31.63,0.0,31.63,39.61,understock
599,2023,8,31.63,126.44,129.2,28.87,39.61,understock
599,2023,9,28.87,34.5,67.44,0.0,39.61,stockout
599,2023,10,0.0,531.0,573.18,0.0,39.61,stockout
599,2023,11,0.0,0.0,0.0,0.0,39.61,stockout
599,2023,12,0.0,0.0,0.0,0.0,39.61,stockout
599,2024,1,0.0,0.0,0.0,0.0,39.61,stockout
599,2024,2,0.0,0.0,0.0,0.0,39.61,stockout
599,2024,3,0.0,36.91,66.7,0.0,39.61,stockout
599,2024,4,0.0,0.0,0.0,0.0,39.61,stockout
599,2024,5,0.0,0.0,0.0,0.0,39.61,stockout
599,2024,6,0.0,0.0,0.0,0.0,39.61,stockout
599,2024,7,0.0,43.12,42.1,1.02,39.61,understock
600,2021,1,799.91,853.49,1322.06,331.34,263.23,normal
600,2021,2,331.34,2004.12,1525.51,809.95,263.23,normal
600,2021,3,809.95,1062.67,1509.5,363.12,263.23,normal
600,2021,4,363.12,2280.04,2186.05,457.11,263.23,normal
600,2021,5,457.11,736.84,698.24,495.71,263.23,normal
600,2021,6,495.71,2803.93,2909.58,390.06,263.23,normal
600,2021,7,390.06,493.48,301.8,581.74,263.23,normal
600,2021,8,581.74,573.35,509.22,645.87,263.23,normal
600,2021,9,645.87,299.35,301.7,643.52,263.23,normal
600,2021,10,643.52,4340.95,3945.01,1039.46,263.23,normal
600,2021,11,1039.46,450.88,540.55,949.79,263.23,normal
600,2021,12,949.79,631.25,914.54,666.5,263.23,normal
600,2022,1,666.5,575.38,406.5,835.38,263.23,normal
600,2022,2,835.38,1726.24,1598.28,963.34,263.23,normal
600,2022,3,963.34,1727.68,1797.44,893.58,263.23,normal
600,2022,4,893.58,2114.98,2059.51,949.05,263.23,normal
600,2022,5,949.05,493.73,612.9,829.88,263.23,normal
600,2022,6,829.88,468.84,453.95,844.77,263.23,normal
600,2022,7,844.77,517.76,546.69,815.84,263.23,normal
600,2022,8,815.84,143.79,282.76,676.87,263.23,normal
600,2022,9,676.87,297.9,305.3,669.47,263.23,normal
600,2022,10,669.47,293.07,316.3,646.24,263.23,normal
600,2022,11,646.24,479.02,408.66,716.6,263.23,normal
600,2022,12,716.6,369.8,352.8,733.6,263.23,normal
600,2023,1,733.6,1526.71,1178.4,1081.91,263.23,normal
600,2023,2,1081.91,1017.78,1078.32,1021.37,263.23,normal
600,2023,3,1021.37,1330.44,821.68,1530.13,263.23,overstock
600,2023,4,1530.13,759.97,724.29,1565.81,263.23,overstock
600,2023,5,1565.81,577.05,543.89,1598.97,263.23,overstock
600,2023,6,1598.97,491.35,473.55,1616.77,263.23,overstock
600,2023,7,1616.77,316.02,321.24,1611.55,263.23,overstock
600,2023,8,1611.55,698.18,414.9,1894.83,263.23,overstock
600,2023,9,1894.83,233.18,139.01,1989.0,263.23,overstock
600,2023,10,1989.0,494.23,504.57,1978.66,263.23,overstock
600,2023,11,1978.66,2488.36,1517.37,2949.65,263.23,overstock
600,2023,12,2949.65,426.3,406.0,2969.95,263.23,overstock
600,2024,1,2969.95,918.59,882.81,3005.73,263.23,overstock
600,2024,2,3005.73,638.64,620.11,3024.26,263.23,overstock
600,2024,3,3024.26,2370.63,1563.03,3831.86,263.23,overstock
600,2024,4,3831.86,1119.66,992.2,3959.32,263.23,overstock
600,2024,5,3959.32,549.13,399.0,4109.45,263.23,overstock
600,2024,6,4109.45,313.43,632.1,3790.78,263.23,overstock
600,2024,7,3790.78,376.47,358.7,3808.55,263.23,overstock
602,2021,1,336.68,84.49,172.92,248.25,79.03,normal
602,2021,2,248.25,91.66,119.18,220.73,79.03,normal
602,2021,3,220.73,507.53,921.28,0.0,79.03,stockout
602,2021,4,0.0,1065.5,1003.56,61.94,79.03,understock
602,2021,5,61.94,206.29,212.87,55.36,79.03,understock
602,2021,6,55.36,169.94,171.95,53.35,79.03,understock
602,2021,7,53.35,0.0,0.0,47.21,79.03,understock
602,2021,8,47.21,0.0,0.0,40.3,79.03,understock
602,2021,9,40.3,70.08,43.23,67.15,79.03,understock
602,2021,10,67.15,561.93,511.69,117.39,79.03,normal
602,2021,11,117.39,69.49,86.18,100.7,79.03,normal
602,2021,12,100.7,81.51,132.75,49.46,79.03,understock
602,2022,1,49.46,95.19,88.05,56.6,79.03,understock
602,2022,2,56.6,150.75,277.02,0.0,79.03,stockout
602,2022,3,0.0,331.27,225.2,106.07,79.03,normal
602,2022,4,106.07,231.37,567.22,0.0,79.03,stockout
602,2022,5,0.0,166.55,225.6,0.0,79.03,stockout
602,2022,6,0.0,93.86,100.76,0.0,79.03,stockout
602,2022,7,0.0,31.84,43.3,0.0,79.03,stockout
602,2022,8,0.0,56.17,44.24,11.93,79.03,understock
602,2022,9,11.93,52.63,58.74,5.82,79.03,understock
602,2022,10,5.82,71.52,45.4,31.94,79.03,understock
602,2022,11,31.94,50.85,0.0,79.32,79.03,normal
602,2022,12,79.32,23.64,43.6,59.36,79.03,understock
602,2023,1,59.36,467.72,447.36,79.72,79.03,normal
602,2023,2,79.72,0.0,0.0,73.56,79.03,understock
602,2023,3,73.56,59.98,58.2,75.34,79.03,understock
602,2023,4,75.34,494.96,1012.83,0.0,79.03,stockout
602,2023,5,0.0,35.94,44.95,0.0,79.03,stockout
602,2023,6,0.0,63.67,44.8,18.87,79.03,understock
602,2023,7,18.87,0.0,0.0,16.8,79.03,understock
602,2023,8,16.8,0.0,0.0,15.29,79.03,understock
602,2023,9,15.29,0.0,0.0,13.17,79.03,understock
602,2023,10,13.17,18.8,0.0,31.2,79.03,understock
602,2023,11,31.2,417.92,321.35,127.77,79.03,normal
602,2023,12,127.77,290.93,281.91,136.79,79.03,normal
602,2024,1,136.79,0.0,0.0,121.41,79.03,normal
602,2024,2,121.41,27.25,46.2,102.46,79.03,normal
602,2024,3,102.46,1094.62,690.9,506.18,79.03,overstock
602,2024,4,506.18,312.46,228.29,590.35,79.03,overstock
606,2023,10,58.52,75.86,47.9,86.48,9.68,overstock
608,2021,1,704.8,1063.56,940.05,828.31,178.67,normal
608,2021,2,828.31,1513.12,1379.24,962.19,178.67,normal
608,2021,3,962.19,1657.51,1108.58,1511.12,178.67,overstock
608,2021,4,1511.12,1046.2,987.91,1569.41,178.67,overstock
608,2021,5,1569.41,237.35,542.66,1264.1,178.67,overstock
608,2021,6,1264.1,1962.92,1394.78,1832.24,178.67,overstock
608,2021,7,1832.24,625.74,1305.24,1152.74,178.67,overstock
608,2021,8,1152.74,1489.1,2545.73,96.11,178.67,understock
608,2021,9,96.11,608.5,410.41,294.2,178.67,normal
608,2021,10,294.2,988.17,969.43,312.94,178.67,normal
608,2021,11,312.94,729.39,710.36,331.97,178.67,normal
608,2021,12,331.97,605.85,586.18,351.64,178.67,normal
608,2022,1,351.64,291.1,200.62,442.12,178.67,normal
608,2022,2,442.12,2858.72,2018.72,1282.12,178.67,overstock
608,2022,3,1282.12,868.99,1122.14,1028.97,178.67,normal
608,2022,4,1028.97,281.32,290.89,1019.4,178.67,normal
608,2022,5,1019.4,329.72,804.01,545.11,178.67,normal
608,2022,6,545.11,221.76,209.6,557.27,178.67,normal
608,2022,7,557.27,885.14,943.24,499.17,178.67,normal
608,2022,8,499.17,649.75,664.1,484.82,178.67,normal
608,2022,9,484.82,140.76,291.25,334.33,178.67,normal
608,2022,10,334.33,282.39,270.26,346.46,178.67,normal
608,2022,11,346.46,654.6,491.22,509.84,178.67,normal
608,2022,12,509.84,332.74,261.54,581.04,178.67,normal
608,2023,1,581.04,803.85,815.14,569.75,178.67,normal
608,2023,2,569.75,1405.02,889.53,1085.24,178.67,normal
608,2023,3,1085.24,403.32,603.9,884.66,178.67,normal
608,2023,4,884.66,753.45,814.11,824.0,178.67,normal
608,2023,5,824.0,147.75,300.47,671.28,178.67,normal
608,2023,6,671.28,420.69,627.46,464.51,178.67,normal
608,2023,7,464.51,507.86,697.84,274.53,178.67,normal
608,2023,8,274.53,371.41,418.12,227.82,178.67,normal
608,2023,9,227.82,298.83,499.35,27.3,178.67,understock
608,2023,10,27.3,285.47,325.8,0.0,178.67,stockout
608,2023,11,0.0,495.03,443.28,51.75,178.67,understock
608,2023,12,51.75,633.64,555.89,129.5,178.67,understock
608,2024,1,129.5,258.6,391.74,0.0,178.67,stockout
608,2024,2,0.0,934.15,954.7,0.0,178.67,stockout
608,2024,3,0.0,556.42,501.9,54.52,178.67,understock
608,2024,4,54.52,578.29,614.0,18.81,178.67,understock
608,2024,5,18.81,525.07,475.56,68.32,178.67,understock
608,2024,6,68.32,1263.16,1116.05,215.43,178.67,normal
608,2024,7,215.43,1354.0,1239.92,329.51,178.67,normal
611,2021,6,784.1,1351.46,1311.8,823.76,217.01,normal
611,2021,7,823.76,100.74,0.0,808.25,217.01,normal
611,2021,8,808.25,60.78,0.0,755.69,217.01,normal
611,2021,9,755.69,0.0,0.0,668.49,217.01,normal
611,2021,10,668.49,0.0,0.0,595.2,217.01,normal
611,2021,11,595.2,0.0,0.0,547.58,217.01,normal
611,2021,12,547.58,109.74,0.0,589.09,217.01,normal
611,2022,1,589.09,0.0,0.0,521.72,217.01,normal
611,2022,2,521.72,0.0,0.0,494.47,217.01,normal
611,2022,3,494.47,303.78,211.56,586.69,217.01,normal
611,2022,4,586.69,69.47,0.0,579.61,217.01,normal
611,2022,5,579.61,0.0,0.0,498.65,217.01,normal
611,2022,6,498.65,0.0,0.0,428.45,217.01,normal
611,2022,7,428.45,0.0,0.0,397.63,217.01,normal
611,2022,8,397.63,0.0,0.0,369.25,217.01,normal
611,2022,9,369.25,0.0,0.0,342.17,217.01,normal
611,2022,10,342.17,517.19,533.84,325.52,217.01,normal
611,2022,11,325.52,0.0,0.0,294.49,217.01,normal
611,2022,12,294.49,0.0,0.0,262.96,217.01,normal
611,2023,1,262.96,0.0,0.0,244.66,217.01,normal
611,2023,2,244.66,0.0,0.0,218.34,217.01,normal
611,2023,3,218.34,0.0,0.0,193.01,217.01,understock
611,2023,4,193.01,0.0,0.0,168.86,217.01,understock
611,2023,5,168.86,1561.17,1066.37,663.66,217.01,normal
611,2023,6,663.66,63.36,0.0,680.04,217.01,normal
611,2023,7,680.04,222.61,271.05,631.6,217.01,normal
612,2021,1,677.76,69.21,128.6,618.37,123.0,normal
612,2021,2,618.37,263.3,276.1,605.57,123.0,normal
612,2021,3,605.57,339.84,219.19,726.22,123.0,normal
612,2021,4,726.22,393.74,269.01,850.95,123.0,normal
612,2021,5,850.95,3525.87,2499.83,1876.99,123.0,overstock
612,2021,6,1876.99,1042.47,1651.51,1267.95,123.0,overstock
612,2021,7,1267.95,316.18,556.61,1027.52,123.0,overstock
612,2021,8,1027.52,373.63,319.31,1081.84,123.0,overstock
612,2021,9,1081.84,177.13,204.0,1054.97,123.0,overstock
612,2021,10,1054.97,1309.85,826.5,1538.32,123.0,overstock
612,2021,11,1538.32,235.01,386.43,1386.9,123.0,overstock
612,2021,12,1386.9,437.99,282.3,1542.59,123.0,overstock
612,2022,1,1542.59,798.27,785.24,1555.62,123.0,overstock
612,2022,2,1555.62,0.0,0.0,1414.49,123.0,overstock
612,2022,3,1414.49,169.01,162.83,1420.67,123.0,overstock
612,2022,4,1420.67,1055.06,955.81,1519.92,123.0,overstock
612,2022,5,1519.92,332.4,269.7,1582.62,123.0,overstock
612,2022,6,1582.62,240.53,259.0,1564.15,123.0,overstock
612,2022,7,1564.15,1816.43,1993.68,1386.9,123.0,overstock
612,2022,8,1386.9,844.75,759.29,1472.36,123.0,overstock
612,2022,9,1472.36,381.37,398.21,1455.52,123.0,overstock
612,2022,10,1455.52,290.67,227.0,1519.19,123.0,overstock
612,2022,11,1519.19,95.42,109.53,1505.08,123.0,overstock
612,2022,12,1505.08,987.23,916.36,1575.95,123.0,overstock
612,2023,1,1575.95,887.55,818.94,1644.56,123.0,overstock
612,2023,2,1644.56,739.54,718.7,1665.4,123.0,overstock
612,2023,3,1665.4,1197.4,712.77,2150.03,123.0,overstock
612,2023,4,2150.03,638.5,438.91,2349.62,123.0,overstock
612,2023,5,2349.62,762.75,687.55,2424.82,123.0,overstock
612,2023,6,2424.82,763.91,832.26,2356.47,123.0,overstock
612,2023,7,2356.47,351.25,464.8,2242.92,123.0,overstock
612,2023,8,2242.92,212.86,216.0,2239.78,123.0,overstock
612,2023,9,2239.78,573.26,553.67,2259.37,123.0,overstock
612,2023,10,2259.37,1228.0,1089.22,2398.15,123.0,overstock
612,2023,11,2398.15,178.33,155.7,2420.78,123.0,overstock
612,2023,12,2420.78,127.8,162.0,2386.58,123.0,overstock
612,2024,1,2386.58,689.95,686.2,2390.33,123.0,overstock
612,2024,2,2390.33,86.93,108.1,2369.16,123.0,overstock
612,2024,3,2369.16,224.01,371.35,2221.82,123.0,overstock
612,2024,4,2221.82,284.11,260.7,2245.23,123.0,overstock
612,2024,5,2245.23,468.74,893.7,1820.27,123.0,overstock
612,2024,6,1820.27,466.72,426.3,1860.69,123.0,overstock
612,2024,7,1860.69,1089.46,1173.9,1776.25,123.0,overstock
613,2021,1,111.7,116.85,115.18,113.37,36.01,normal
614,2021,1,41.82,1.65,2.2,41.27,12.11,normal
614,2021,2,41.27,2.6,0.0,41.65,12.11,normal
614,2021,3,41.65,62.55,57.58,46.62,12.11,normal
614,2021,4,46.62,98.41,61.34,83.69,12.11,overstock
616,2021,6,254.43,428.72,477.14,206.01,81.71,normal
616,2021,7,206.01,0.0,0.0,194.39,81.71,normal
616,2021,8,194.39,21.03,0.0,193.42,81.71,normal
616,2021,9,193.42,0.0,0.0,173.1,81.71,normal
616,2021,10,173.1,0.0,0.0,158.02,81.71,normal
616,2021,11,158.02,22.89,0.0,158.82,81.71,normal
616,2021,12,158.82,0.0,0.0,140.59,81.71,normal
616,2022,1,140.59,63.42,43.92,160.09,81.71,normal
616,2022,2,160.09,54.38,0.0,204.88,81.71,normal
616,2022,3,204.88,0.0,0.0,189.46,81.71,normal
616,2022,4,189.46,0.0,0.0,167.75,81.71,normal
616,2022,5,167.75,0.0,0.0,155.16,81.71,normal
616,2022,6,155.16,0.0,0.0,142.1,81.71,normal
616,2022,7,142.1,0.0,0.0,123.65,81.71,normal
616,2022,8,123.65,41.0,46.7,117.95,81.71,normal
616,2022,9,117.95,0.0,0.0,107.74,81.71,normal
616,2022,10,107.74,0.0,0.0,100.93,81.71,normal
616,2022,11,100.93,33.83,0.0,126.92,81.71,normal
616,2022,12,126.92,0.0,0.0,114.84,81.71,normal
616,2023,1,114.84,0.0,0.0,107.81,81.71,normal
616,2023,2,107.81,47.2,0.0,140.07,81.71,normal
616,2023,3,140.07,0.0,0.0,131.48,81.71,normal
616,2023,4,131.48,38.5,0.0,154.0,81.71,normal
616,2023,5,154.0,0.0,0.0,135.83,81.71,normal
616,2023,6,135.83,560.0,765.71,0.0,81.71,stockout
616,2023,7,0.0,21.49,0.0,21.49,81.71,understock
616,2023,8,21.49,41.04,29.45,33.08,81.71,understock
618,2021,6,900.3,450.73,910.88,440.15,228.66,normal
618,2021,7,440.15,151.45,0.0,556.43,228.66,normal
618,2021,8,556.43,0.0,0.0,521.5,228.66,normal
618,2021,9,521.5,0.0,0.0,465.93,228.66,normal
618,2021,10,465.93,0.0,0.0,419.55,228.66,normal
618,2021,11,419.55,0.0,0.0,361.15,228.66,normal
618,2021,12,361.15,0.0,0.0,309.36,228.66,normal
618,2022,1,309.36,0.0,0.0,282.58,228.66,normal
618,2022,2,282.58,131.3,0.0,379.35,228.66,normal
618,2022,3,379.35,0.0,0.0,354.7,228.66,normal
618,2022,4,354.7,0.0,0.0,330.69,228.66,normal
618,2022,5,330.69,0.0,0.0,308.93,228.66,normal
618,2022,6,308.93,0.0,0.0,286.36,228.66,normal
618,2022,7,286.36,0.0,0.0,247.68,228.66,normal
618,2022,8,247.68,0.0,0.0,234.7,228.66,normal
618,2022,9,234.7,0.0,0.0,220.98,228.66,understock
618,2022,10,220.98,0.0,0.0,196.93,228.66,understock
618,2022,11,196.93,0.0,0.0,175.98,228.66,understock
618,2022,12,175.98,161.28,0.0,312.18,228.66,normal
618,2023,1,312.18,0.0,0.0,285.9,228.66,normal
618,2023,2,285.9,0.0,0.0,270.6,228.66,normal
618,2023,3,270.6,0.0,0.0,242.6,228.66,normal
618,2023,4,242.6,0.0,0.0,208.45,228.66,understock
618,2023,5,208.45,0.0,0.0,197.83,228.66,understock
618,2023,6,197.83,79.23,0.0,266.51,228.66,normal
618,2023,7,266.51,0.0,0.0,244.81,228.66,normal
618,2023,8,244.81,0.0,0.0,214.21,228.66,understock
618,2023,9,214.21,0.0,0.0,188.77,228.66,understock
618,2023,10,188.77,0.0,0.0,169.67,228.66,understock
618,2023,11,169.67,0.0,0.0,160.55,228.66,understock
618,2023,12,160.55,0.0,0.0,138.8,228.66,understock
618,2024,1,138.8,0.0,0.0,128.02,228.66,understock
618,2024,2,128.02,0.0,0.0,112.91,228.66,understock
618,2024,3,112.91,0.0,0.0,106.8,228.66,understock
618,2024,4,106.8,93.7,0.0,192.67,228.66,understock
618,2024,5,192.67,933.46,986.76,139.37,228.66,understock
619,2021,4,200.44,42.2,45.8,196.84,78.17,normal
619,2021,5,196.84,0.0,0.0,172.12,78.17,normal
619,2021,6,172.12,298.2,687.9,0.0,78.17,stockout
619,2021,7,0.0,0.0,0.0,0.0,78.17,stockout
619,2021,8,0.0,0.0,0.0,0.0,78.17,stockout
619,2021,9,0.0,0.0,0.0,0.0,78.17,stockout
619,2021,10,0.0,0.0,0.0,0.0,78.17,stockout
619,2021,11,0.0,41.81,0.0,41.81,78.17,understock
619,2021,12,41.81,71.5,44.36,68.95,78.17,understock
619,2022,1,68.95,0.0,0.0,65.23,78.17,understock
619,2022,2,65.23,0.0,0.0,56.17,78.17,understock
619,2022,3,56.17,25.5,0.0,78.69,78.17,normal
619,2022,4,78.69,0.0,0.0,73.4,78.17,understock
619,2022,5,73.4,0.0,0.0,63.29,78.17,understock
619,2022,6,63.29,35.6,44.38,54.51,78.17,understock
619,2022,7,54.51,47.76,44.3,57.97,78.17,understock
619,2022,8,57.97,0.0,0.0,51.13,78.17,understock
619,2022,9,51.13,41.8,46.1,46.83,78.17,understock
619,2022,10,46.83,0.0,0.0,40.69,78.17,understock
619,2022,11,40.69,71.13,138.71,0.0,78.17,stockout
619,2022,12,0.0,174.38,179.9,0.0,78.17,stockout
619,2023,1,0.0,24.3,45.5,0.0,78.17,stockout
619,2023,2,0.0,17.73,44.44,0.0,78.17,stockout
619,2023,3,0.0,0.0,0.0,0.0,78.17,stockout
619,2023,4,0.0,0.0,0.0,0.0,78.17,stockout
619,2023,5,0.0,0.0,0.0,0.0,78.17,stockout
619,2023,6,0.0,1224.38,1721.16,0.0,78.17,stockout
619,2023,7,0.0,808.13,731.15,76.98,78.17,understock
619,2023,8,76.98,0.0,0.0,66.43,78.17,understock
619,2023,9,66.43,67.93,45.15,89.21,78.17,normal
619,2023,10,89.21,0.0,0.0,81.79,78.17,normal
619,2023,11,81.79,66.62,45.6,102.81,78.17,normal
619,2023,12,102.81,35.76,45.1,93.47,78.17,normal
619,2024,1,93.47,151.13,91.3,153.3,78.17,normal
619,2024,2,153.3,36.63,45.7,144.23,78.17,normal
619,2024,3,144.23,11.5,0.0,141.71,78.17,normal
619,2024,4,141.71,45.09,0.0,176.57,78.17,normal
619,2024,5,176.57,0.0,0.0,166.66,78.17,normal
619,2024,6,166.66,89.31,90.6,165.37,78.17,normal
620,2022,1,841.72,1317.7,1278.0,881.42,168.17,normal
620,2022,2,881.42,0.0,0.0,767.54,168.17,normal
620,2022,3,767.54,0.0,0.0,654.84,168.17,normal
620,2022,4,654.84,0.0,0.0,576.5,168.17,normal
620,2022,5,576.5,75.51,0.0,576.55,168.17,normal
620,2022,6,576.55,0.0,0.0,507.21,168.17,normal
620,2022,7,507.21,0.0,0.0,468.99,168.17,normal
620,2022,8,468.99,0.0,0.0,423.98,168.17,normal
620,2022,9,423.98,0.0,0.0,366.09,168.17,normal
620,2022,10,366.09,0.0,0.0,320.32,168.17,normal
620,2022,11,320.32,0.0,0.0,292.07,168.17,normal
620,2022,12,292.07,0.0,0.0,260.4,168.17,normal
620,2023,1,260.4,0.0,0.0,244.53,168.17,normal
620,2023,2,244.53,0.0,0.0,231.44,168.17,normal
620,2023,3,231.44,0.0,0.0,211.54,168.17,normal
620,2023,4,211.54,0.0,0.0,181.45,168.17,normal
620,2023,5,181.45,0.0,0.0,162.09,168.17,understock
620,2023,6,162.09,0.0,0.0,141.71,168.17,understock
620,2023,7,141.71,0.0,0.0,125.77,168.17,understock
620,2023,8,125.77,0.0,0.0,108.9,168.17,understock
620,2023,9,108.9,0.0,0.0,99.6,168.17,understock
620,2023,10,99.6,0.0,0.0,90.29,168.17,understock
620,2023,11,90.29,67.86,0.0,152.48,168.17,understock
620,2023,12,152.48,59.95,0.0,203.99,168.17,normal
620,2024,1,203.99,7.49,22.0,189.48,168.17,normal
621,2021,1,182.94,583.2,353.85,412.29,40.77,overstock
621,2021,2,412.29,163.76,169.05,407.0,40.77,overstock
621,2021,3,407.0,54.58,60.13,401.45,40.77,overstock
621,2021,4,401.45,174.34,108.1,467.69,40.77,overstock
621,2021,5,467.69,0.0,0.0,414.12,40.77,overstock
621,2021,6,414.12,0.0,0.0,381.76,40.77,overstock
621,2021,7,381.76,247.9,378.44,251.22,40.77,overstock
621,2021,8,251.22,63.48,56.7,258.0,40.77,overstock
621,2021,9,258.0,376.33,367.97,266.36,40.77,overstock
621,2021,10,266.36,0.0,0.0,235.85,40.77,overstock
621,2021,11,235.85,212.92,206.98,241.79,40.77,overstock
621,2021,12,241.79,49.45,139.66,151.58,40.77,normal
621,2022,1,151.58,173.27,176.35,148.5,40.77,normal
621,2022,2,148.5,138.06,87.75,198.81,40.77,normal
621,2022,3,198.81,95.51,60.3,234.02,40.77,overstock
621,2022,4,234.02,129.05,120.4,242.67,40.77,overstock
621,2022,5,242.67,0.0,0.0,224.81,40.77,overstock
621,2022,6,224.81,232.18,222.0,234.99,40.77,overstock
621,2022,7,234.99,200.49,177.6,257.88,40.77,overstock
621,2022,8,257.88,10.61,20.15,248.34,40.77,overstock
621,2022,9,248.34,31.26,48.0,231.6,40.77,overstock
621,2022,10,231.6,182.82,180.4,234.02,40.77,overstock
621,2022,11,234.02,388.35,260.42,361.95,40.77,overstock
621,2022,12,361.95,23.94,0.0,342.56,40.77,overstock
621,2023,1,342.56,0.0,0.0,295.03,40.77,overstock
621,2023,2,295.03,84.33,60.3,319.06,40.77,overstock
621,2023,3,319.06,35.84,60.3,294.6,40.77,overstock
621,2023,4,294.6,0.0,0.0,277.89,40.77,overstock
621,2023,5,277.89,0.0,0.0,258.5,40.77,overstock
621,2023,6,258.5,0.0,0.0,230.02,40.77,overstock
621,2023,7,230.02,0.0,0.0,209.59,40.77,normal
621,2023,8,209.59,129.02,115.2,223.41,40.77,overstock
621,2023,9,223.41,64.0,60.3,227.11,40.77,overstock
621,2023,10,227.11,122.11,120.6,228.62,40.77,overstock
621,2023,11,228.62,0.0,0.0,213.59,40.77,normal
621,2023,12,213.59,0.0,0.0,183.48,40.77,normal
621,2024,1,183.48,85.19,78.15,190.52,40.77,normal
621,2024,2,190.52,21.77,0.0,196.82,40.77,normal
621,2024,3,196.82,0.0,0.0,173.77,40.77,normal
621,2024,4,173.77,0.0,0.0,155.36,40.77,normal
621,2024,5,155.36,27.08,0.0,164.92,40.77,normal
621,2024,6,164.92,29.41,20.1,174.23,40.77,normal
623,2021,12,33.67,13.83,20.5,27.0,8.39,normal
623,2022,1,27.0,0.0,0.0,23.02,8.39,normal
623,2022,2,23.02,40.39,30.46,32.95,8.39,normal
623,2022,3,32.95,0.0,0.0,30.19,8.39,normal
623,2022,4,30.19,0.0,0.0,28.37,8.39,normal
623,2022,5,28.37,0.0,0.0,25.74,8.39,normal
623,2022,6,25.74,0.0,0.0,22.79,8.39,normal
623,2022,7,22.79,4.48,0.0,23.9,8.39,normal
623,2022,8,23.9,0.0,0.0,20.65,8.39,normal
623,2022,9,20.65,0.0,0.0,18.95,8.39,normal
623,2022,10,18.95,0.0,0.0,17.92,8.39,normal
623,2022,11,17.92,0.0,0.0,16.77,8.39,normal
623,2022,12,16.77,0.0,0.0,15.79,8.39,normal
623,2023,1,15.79,0.0,0.0,14.76,8.39,normal
623,2023,2,14.76,4.5,0.0,18.11,8.39,normal
623,2023,3,18.11,0.0,0.0,16.2,8.39,normal
623,2023,4,16.2,5.41,0.0,20.07,8.39,normal
623,2023,5,20.07,0.0,0.0,18.06,8.39,normal
623,2023,6,18.06,0.0,0.0,16.61,8.39,normal
623,2023,7,16.61,0.0,0.0,14.88,8.39,normal
623,2023,8,14.88,0.0,0.0,13.56,8.39,normal
623,2023,9,13.56,0.0,0.0,11.95,8.39,normal
623,2023,10,11.95,61.18,61.86,11.27,8.39,normal
623,2023,11,11.27,8.8,9.96,10.11,8.39,normal
623,2023,12,10.11,0.0,0.0,8.67,8.39,normal
623,2024,1,8.67,0.0,0.0,8.07,8.39,understock
623,2024,2,8.07,0.0,0.0,6.9,8.39,understock
623,2024,3,6.9,0.0,0.0,6.08,8.39,understock
623,2024,4,6.08,0.0,0.0,5.54,8.39,understock
623,2024,5,5.54,15.66,19.6,1.6,8.39,understock
624,2021,10,168.31,63.3,72.21,159.4,41.46,normal
624,2021,11,159.4,87.98,174.13,73.25,41.46,normal
624,2021,12,73.25,221.46,332.51,0.0,41.46,stockout
624,2022,1,0.0,1.61,3.0,0.0,41.46,stockout
624,2022,2,0.0,0.0,0.0,0.0,41.46,stockout
624,2022,3,0.0,13.81,0.0,13.81,41.46,understock
624,2022,4,13.81,0.0,0.0,11.95,41.46,understock
624,2022,5,11.95,0.0,0.0,10.96,41.46,understock
624,2022,6,10.96,487.8,424.7,74.06,41.46,normal
624,2022,7,74.06,0.0,0.0,65.68,41.46,normal
624,2022,8,65.68,0.0,0.0,60.16,41.46,normal
624,2022,9,60.16,0.0,0.0,53.6,41.46,normal
624,2022,10,53.6,0.0,0.0,50.12,41.46,normal
624,2022,11,50.12,0.0,0.0,45.53,41.46,normal
624,2022,12,45.53,2.35,3.06,44.82,41.46,normal
624,2023,1,44.82,12.19,0.0,53.9,41.46,normal
624,2023,2,53.9,0.0,0.0,48.89,41.46,normal
624,2023,3,48.89,0.0,0.0,45.26,41.46,normal
624,2023,4,45.26,0.0,0.0,39.0,41.46,understock
624,2023,5,39.0,0.0,0.0,33.31,41.46,understock
624,2023,6,33.31,0.0,0.0,28.63,41.46,understock
624,2023,7,28.63,0.0,0.0,26.63,41.46,understock
624,2023,8,26.63,21.98,0.0,44.78,41.46,normal
624,2023,9,44.78,0.0,0.0,39.69,41.46,understock
624,2023,10,39.69,0.0,0.0,34.02,41.46,understock
624,2023,11,34.02,0.0,0.0,29.02,41.46,understock
624,2023,12,29.02,0.0,0.0,26.55,41.46,understock
624,2024,1,26.55,0.0,0.0,24.2,41.46,understock
624,2024,2,24.2,85.8,76.0,34.0,41.46,understock
624,2024,3,34.0,0.0,0.0,30.52,41.46,understock
624,2024,4,30.52,0.0,0.0,28.95,41.46,understock
624,2024,5,28.95,0.0,0.0,27.14,41.46,understock
624,2024,6,27.14,169.08,152.01,44.21,41.46,normal
624,2024,7,44.21,35.87,30.1,49.98,41.46,normal
626,2021,1,52.09,55.94,50.34,57.69,9.96,normal
626,2021,2,57.69,47.08,49.3,55.47,9.96,normal
626,2021,3,55.47,5.18,0.0,54.25,9.96,normal
626,2021,4,54.25,0.0,0.0,49.19,9.96,normal
626,2021,5,49.19,6.59,0.0,49.6,9.96,normal
626,2021,6,49.6,31.33,29.76,51.17,9.96,normal
626,2021,7,51.17,3.83,0.0,51.65,9.96,normal
626,2021,8,51.65,0.0,0.0,46.33,9.96,normal
626,2021,9,46.33,66.48,49.32,63.49,9.96,normal
626,2021,10,63.49,25.63,19.82,69.3,9.96,normal
626,2021,11,69.3,0.0,0.0,65.55,9.96,normal
626,2021,12,65.55,0.0,0.0,60.01,9.96,normal
626,2022,1,60.01,4.18,0.0,59.33,9.96,normal
626,2022,2,59.33,0.0,0.0,55.34,9.96,normal
626,2022,3,55.34,30.95,29.7,56.59,9.96,normal
626,2022,4,56.59,9.19,0.0,59.66,9.96,normal
626,2022,5,59.66,10.81,19.72,50.75,9.96,normal
626,2022,6,50.75,0.0,0.0,43.75,9.96,normal
626,2022,7,43.75,130.03,93.2,80.58,9.96,overstock
626,2022,8,80.58,45.97,33.6,92.95,9.96,overstock
626,2022,9,92.95,0.0,0.0,81.72,9.96,overstock
626,2022,10,81.72,38.84,64.0,56.56,9.96,normal
626,2022,11,56.56,0.0,0.0,49.61,9.96,normal
626,2022,12,49.61,68.83,64.6,53.84,9.96,normal
626,2023,1,53.84,32.17,33.2,52.81,9.96,normal
626,2023,2,52.81,0.0,0.0,48.75,9.96,normal
626,2023,3,48.75,38.38,64.4,22.73,9.96,normal
626,2023,4,22.73,21.48,40.3,3.91,9.96,understock
626,2023,5,3.91,0.0,0.0,3.6,9.96,understock
626,2023,6,3.6,0.0,0.0,3.17,9.96,understock
626,2023,7,3.17,42.36,64.9,0.0,9.96,stockout
626,2023,8,0.0,47.58,48.6,0.0,9.96,stockout
626,2023,9,0.0,15.88,38.3,0.0,9.96,stockout
626,2023,10,0.0,0.0,0.0,0.0,9.96,stockout
626,2023,11,0.0,109.51,64.9,44.61,9.96,normal
626,2023,12,44.61,0.0,0.0,42.28,9.96,normal
626,2024,1,42.28,20.29,48.6,13.97,9.96,normal
630,2021,1,1097.17,433.79,909.3,621.66,335.96,normal
630,2021,2,621.66,830.93,605.2,847.39,335.96,normal
630,2021,3,847.39,386.26,809.1,424.55,335.96,normal
630,2021,4,424.55,243.49,245.4,422.64,335.96,normal
630,2021,5,422.64,576.85,635.29,364.2,335.96,normal
630,2021,6,364.2,1484.37,1330.65,517.92,335.96,normal
630,2021,7,517.92,142.22,179.6,480.54,335.96,normal
630,2021,8,480.54,359.59,414.9,425.23,335.96,normal
630,2021,9,425.23,0.0,30.3,394.93,335.96,normal
630,2021,10,394.93,0.0,0.0,337.02,335.96,normal
630,2021,11,337.02,1.76,30.4,308.38,335.96,understock
630,2021,12,308.38,119.66,143.2,284.84,335.96,understock
630,2022,1,284.84,0.0,0.0,267.83,335.96,understock
630,2022,2,267.83,0.74,34.2,234.37,335.96,understock
630,2022,3,234.37,137.85,151.7,220.52,335.96,understock
630,2022,4,220.52,56.26,60.1,216.68,335.96,understock
630,2022,5,216.68,0.0,0.0,200.67,335.96,understock
630,2022,6,200.67,0.0,0.0,178.75,335.96,understock
630,2022,7,178.75,0.0,0.0,165.97,335.96,understock
630,2022,8,165.97,175.53,0.0,325.89,335.96,understock
630,2022,9,325.89,0.0,0.0,293.61,335.96,understock
630,2022,10,293.61,0.0,0.0,262.87,335.96,understock
630,2022,11,262.87,0.0,0.0,225.42,335.96,understock
630,2022,12,225.42,81.1,151.1,155.42,335.96,understock
630,2023,1,155.42,213.72,151.7,217.44,335.96,understock
630,2023,2,217.44,91.93,61.2,248.17,335.96,understock
630,2023,3,248.17,52.26,61.8,238.63,335.96,understock
630,2023,4,238.63,0.0,0.0,211.64,335.96,understock
630,2023,5,211.64,0.0,0.0,197.65,335.96,understock
630,2023,6,197.65,7992.45,7538.3,651.8,335.96,normal
630,2023,7,651.8,0.0,0.0,566.17,335.96,normal
630,2023,8,566.17,113.43,0.0,608.34,335.96,normal
630,2023,9,608.34,0.0,0.0,538.29,335.96,normal
630,2023,10,538.29,0.0,0.0,457.98,335.96,normal
630,2023,11,457.98,119.28,0.0,550.17,335.96,normal
630,2023,12,550.17,0.0,0.0,501.59,335.96,normal
630,2024,1,501.59,0.0,0.0,428.17,335.96,normal
630,2024,2,428.17,0.0,0.0,392.37,335.96,normal
630,2024,3,392.37,2965.38,4978.0,0.0,335.96,stockout
630,2024,4,0.0,4168.61,2686.5,1482.11,335.96,overstock
630,2024,5,1482.11,0.0,0.0,1273.36,335.96,normal
630,2024,6,1273.36,0.0,0.0,1132.27,335.96,normal
630,2024,7,1132.27,68.29,13.9,1186.66,335.96,normal
632,2021,8,92.01,286.57,178.0,200.58,25.67,overstock
632,2021,9,200.58,12.98,0.0,189.52,25.67,overstock
632,2021,10,189.52,0.0,0.0,167.41,25.67,overstock
632,2021,11,167.41,0.0,0.0,152.77,25.67,normal
632,2021,12,152.77,0.0,0.0,142.64,25.67,normal
632,2022,1,142.64,0.0,0.0,134.89,25.67,normal
632,2022,2,134.89,0.0,0.0,123.02,25.67,normal
632,2022,3,123.02,0.0,0.0,108.83,25.67,normal
632,2022,4,108.83,0.0,0.0,96.29,25.67,normal
632,2022,5,96.29,7.95,0.0,93.39,25.67,normal
632,2022,6,93.39,0.0,0.0,81.49,25.67,normal
632,2022,7,81.49,0.0,0.0,71.53,25.67,normal
632,2022,8,71.53,0.0,0.0,61.06,25.67,normal
632,2022,9,61.06,0.0,0.0,54.64,25.67,normal
632,2022,10,54.64,0.0,0.0,46.45,25.67,normal
632,2022,11,46.45,0.0,0.0,41.7,25.67,normal
632,2022,12,41.7,0.0,0.0,37.42,25.67,normal
632,2023,1,37.42,99.92,108.0,29.34,25.67,normal
632,2023,2,29.34,0.0,0.0,26.89,25.67,normal
632,2023,3,26.89,0.0,0.0,24.67,25.67,understock
632,2023,4,24.67,19.88,0.0,41.88,25.67,normal
632,2023,5,41.88,0.0,0.0,38.01,25.67,normal
632,2023,6,38.01,34.38,23.65,48.74,25.67,normal
633,2024,7,494.21,464.73,456.2,502.74,141.42,normal
634,2022,6,622.58,618.61,596.0,645.19,173.39,normal
635,2021,1,122.89,99.02,63.36,158.55,26.67,normal
635,2021,2,158.55,150.48,138.77,170.26,26.67,normal
635,2021,3,170.26,515.31,316.0,369.57,26.67,overstock
635,2021,4,369.57,0.0,0.0,345.9,26.67,overstock
635,2021,5,345.9,0.0,0.0,327.55,26.67,overstock
635,2021,6,327.55,13.79,0.0,294.14,26.67,overstock
635,2021,7,294.14,312.52,208.0,398.66,26.67,overstock
635,2021,8,398.66,0.0,0.0,377.74,26.67,overstock
635,2021,9,377.74,0.0,0.0,353.35,26.67,overstock
635,2021,10,353.35,43.67,28.0,369.02,26.67,overstock
635,2021,11,369.02,0.0,0.0,344.75,26.67,overstock
635,2021,12,344.75,71.14,104.25,311.64,26.67,overstock
635,2022,1,311.64,0.0,0.0,286.37,26.67,overstock
635,2022,2,286.37,44.29,24.6,306.06,26.67,overstock
636,2021,8,50.31,8.74,17.05,42.0,14.53,normal
636,2021,9,42.0,186.37,120.55,107.82,14.53,overstock
636,2021,10,107.82,9.09,0.0,108.62,14.53,overstock
636,2021,11,108.62,0.0,0.0,99.96,14.53,overstock
636,2021,12,99.96,0.0,0.0,89.52,14.53,overstock
636,2022,1,89.52,0.0,0.0,78.62,14.53,overstock
636,2022,2,78.62,0.0,0.0,68.54,14.53,normal
636,2022,3,68.54,0.0,0.0,59.75,14.53,normal
636,2022,4,59.75,0.0,0.0,52.68,14.53,normal
636,2022,5,52.68,0.0,0.0,46.53,14.53,normal
636,2022,6,46.53,8.84,0.0,52.79,14.53,normal
636,2022,7,52.79,6.79,0.0,53.04,14.53,normal
636,2022,8,53.04,9.35,0.0,54.57,14.53,normal
636,2022,9,54.57,18.08,34.0,38.65,14.53,normal
636,2022,10,38.65,0.0,0.0,33.18,14.53,normal
636,2022,11,33.18,0.0,0.0,28.44,14.53,normal
636,2022,12,28.44,0.0,0.0,26.36,14.53,normal
636,2023,1,26.36,0.0,0.0,23.88,14.53,normal
636,2023,2,23.88,0.0,0.0,21.79,14.53,normal
636,2023,3,21.79,0.0,0.0,19.04,14.53,normal
636,2023,4,19.04,0.0,0.0,16.54,14.53,normal
636,2023,5,16.54,2.84,0.0,17.25,14.53,normal
636,2023,6,17.25,0.0,0.0,15.39,14.53,normal
636,2023,7,15.39,4.39,0.0,18.03,14.53,normal
636,2023,8,18.03,44.18,25.45,36.76,14.53,normal
636,2023,9,36.76,0.0,0.0,32.92,14.53,normal
636,2023,10,32.92,0.0,0.0,29.5,14.53,normal
636,2023,11,29.5,0.0,0.0,25.36,14.53,normal
636,2023,12,25.36,0.0,0.0,21.79,14.53,normal
636,2024,1,21.79,0.0,0.0,19.56,14.53,normal
636,2024,2,19.56,0.0,0.0,18.36,14.53,normal
636,2024,3,18.36,0.0,0.0,17.11,14.53,normal
636,2024,4,17.11,0.0,0.0,15.21,14.53,normal
636,2024,5,15.21,54.13,51.6,17.74,14.53,normal
637,2021,1,57.02,5.51,3.45,59.08,12.05,normal
637,2021,2,59.08,8.59,0.0,63.67,12.05,normal
637,2021,3,63.67,0.0,0.0,55.37,12.05,normal
637,2021,4,55.37,0.0,0.0,49.68,12.05,normal
637,2021,5,49.68,0.0,0.0,43.42,12.05,normal
637,2021,6,43.42,0.0,0.0,37.53,12.05,normal
637,2021,7,37.53,0.0,0.0,33.22,12.05,normal
637,2021,8,33.22,0.0,0.0,29.73,12.05,normal
637,2021,9,29.73,0.0,0.0,26.32,12.05,normal
637,2021,10,26.32,0.0,0.0,23.91,12.05,normal
637,2021,11,23.91,0.0,0.0,21.79,12.05,normal
637,2021,12,21.79,0.0,0.0,20.54,12.05,normal
637,2022,1,20.54,0.0,0.0,18.5,12.05,normal
637,2022,2,18.5,0.0,0.0,16.9,12.05,normal
637,2022,3,16.9,0.0,0.0,14.57,12.05,normal
637,2022,4,14.57,0.0,0.0,12.99,12.05,normal
637,2022,5,12.99,8.91,0.0,20.33,12.05,normal
637,2022,6,20.33,0.0,0.0,19.01,12.05,normal
637,2022,7,19.01,3.43,0.0,21.4,12.05,normal
637,2022,8,21.4,0.0,0.0,19.17,12.05,normal
637,2022,9,19.17,0.0,0.0,16.62,12.05,normal
637,2022,10,16.62,0.0,0.0,14.32,12.05,normal
637,2022,11,14.32,0.0,0.0,12.98,12.05,normal
637,2022,12,12.98,0.0,0.0,11.39,12.05,understock
637,2023,1,11.39,6.95,0.0,16.99,12.05,normal
637,2023,2,16.99,0.0,0.0,15.51,12.05,normal
637,2023,3,15.51,0.0,0.0,14.72,12.05,normal
637,2023,4,14.72,0.0,0.0,13.89,12.05,normal
637,2023,5,13.89,0.0,0.0,12.06,12.05,normal
637,2023,6,12.06,0.0,0.0,10.82,12.05,understock
637,2023,7,10.82,0.0,0.0,10.15,12.05,understock
637,2023,8,10.15,0.0,0.0,9.56,12.05,understock
637,2023,9,9.56,0.0,0.0,9.05,12.05,understock
637,2023,10,9.05,6.05,0.0,14.11,12.05,normal
637,2023,11,14.11,6.21,0.0,18.43,12.05,normal
637,2023,12,18.43,0.0,0.0,17.27,12.05,normal
637,2024,1,17.27,0.0,0.0,15.25,12.05,normal
637,2024,2,15.25,8.14,0.0,21.25,12.05,normal
637,2024,3,21.25,0.0,0.0,18.44,12.05,normal
637,2024,4,18.44,0.0,0.0,16.35,12.05,normal
637,2024,5,16.35,58.18,87.8,0.0,12.05,stockout
639,2021,1,1391.45,1596.28,1448.42,1539.31,285.75,normal
639,2021,2,1539.31,2621.63,1665.9,2495.04,285.75,overstock
639,2021,3,2495.04,1193.96,1294.95,2394.05,285.75,overstock
639,2021,4,2394.05,960.33,927.09,2427.29,285.75,overstock
639,2021,5,2427.29,600.63,612.92,2415.0,285.75,overstock
639,2021,6,2415.0,754.03,1184.49,1984.54,285.75,overstock
639,2021,7,1984.54,800.52,1762.2,1022.86,285.75,normal
639,2021,8,1022.86,1341.45,1401.0,963.31,285.75,normal
639,2021,9,963.31,1266.32,827.95,1401.68,285.75,normal
639,2021,10,1401.68,766.98,1278.97,889.69,285.75,normal
639,2021,11,889.69,290.92,599.44,581.17,285.75,normal
639,2021,12,581.17,1872.51,1786.16,667.52,285.75,normal
639,2022,1,667.52,2190.12,1384.47,1473.17,285.75,normal
639,2022,2,1473.17,436.9,985.02,925.05,285.75,normal
639,2022,3,925.05,2911.76,2063.22,1773.59,285.75,overstock
639,2022,4,1773.59,1268.02,1207.29,1834.32,285.75,overstock
639,2022,5,1834.32,1305.0,928.12,2211.2,285.75,overstock
639,2022,6,2211.2,1300.1,1142.72,2368.58,285.75,overstock
639,2022,7,2368.58,806.61,879.98,2295.21,285.75,overstock
639,2022,8,2295.21,1446.11,1418.25,2323.07,285.75,overstock
639,2022,9,2323.07,1654.83,1059.98,2917.92,285.75,overstock
639,2022,10,2917.92,358.87,347.8,2928.99,285.75,overstock
639,2022,11,2928.99,1381.31,970.71,3339.59,285.75,overstock
639,2022,12,3339.59,292.66,300.95,3331.3,285.75,overstock
639,2023,1,3331.3,1515.03,1566.13,3280.2,285.75,overstock
639,2023,2,3280.2,1103.91,1229.22,3154.89,285.75,overstock
639,2023,3,3154.89,1702.14,1530.13,3326.9,285.75,overstock
639,2023,4,3326.9,1441.21,1334.76,3433.35,285.75,overstock
639,2023,5,3433.35,1179.03,1257.97,3354.41,285.75,overstock
639,2023,6,3354.41,921.25,813.61,3462.05,285.75,overstock
639,2023,7,3462.05,948.22,897.5,3512.77,285.75,overstock
639,2023,8,3512.77,2134.56,1286.7,4360.63,285.75,overstock
639,2023,9,4360.63,1201.03,1073.22,4488.44,285.75,overstock
639,2023,10,4488.44,1460.15,929.47,5019.12,285.75,overstock
639,2023,11,5019.12,231.47,294.1,4956.49,285.75,overstock
639,2023,12,4956.49,648.04,1059.54,4544.99,285.75,overstock
639,2024,1,4544.99,694.32,742.1,4497.21,285.75,overstock
639,2024,2,4497.21,1357.17,886.17,4968.21,285.75,overstock
639,2024,3,4968.21,987.53,718.87,5236.87,285.75,overstock
639,2024,4,5236.87,748.62,1085.45,4900.04,285.75,overstock
639,2024,5,4900.04,887.68,629.21,5158.51,285.75,overstock
639,2024,6,5158.51,1313.27,1328.08,5143.7,285.75,overstock
639,2024,7,5143.7,2356.16,1782.22,5717.64,285.75,overstock
640,2021,1,38.38,21.86,21.57,38.67,9.67,normal
640,2021,2,38.67,7.2,14.38,31.49,9.67,normal
640,2021,3,31.49,6.14,0.0,33.92,9.67,normal
640,2021,4,33.92,93.56,64.71,62.77,9.67,overstock
640,2021,5,62.77,0.0,0.0,55.14,9.67,overstock
640,2021,6,55.14,0.0,0.0,47.99,9.67,normal
640,2021,7,47.99,0.0,0.0,45.03,9.67,normal
640,2021,8,45.03,0.0,0.0,38.42,9.67,normal
640,2021,9,38.42,0.0,0.0,36.14,9.67,normal
640,2021,10,36.14,0.0,0.0,31.68,9.67,normal
640,2021,11,31.68,8.09,9.46,30.31,9.67,normal
640,2021,12,30.31,0.0,0.0,28.73,9.67,normal
640,2022,1,28.73,0.0,0.0,26.38,9.67,normal
640,2022,2,26.38,113.65,70.95,69.08,9.67,overstock
640,2022,3,69.08,0.0,0.0,62.55,9.67,overstock
640,2022,4,62.55,0.0,0.0,54.12,9.67,overstock
640,2022,5,54.12,0.0,0.0,46.91,9.67,normal
640,2022,6,46.91,2.54,0.0,42.52,9.67,normal
640,2022,7,42.52,14.93,23.65,33.8,9.67,normal
640,2022,8,33.8,0.0,0.0,31.38,9.67,normal
640,2022,9,31.38,7.94,14.1,25.22,9.67,normal
640,2022,10,25.22,0.0,0.0,22.63,9.67,normal
640,2022,11,22.63,39.45,35.95,26.13,9.67,normal
640,2022,12,26.13,21.41,22.49,25.05,9.67,normal
640,2023,1,25.05,43.28,43.07,25.26,9.67,normal
640,2023,2,25.26,0.0,0.0,22.18,9.67,normal
640,2023,3,22.18,2.99,0.0,22.57,9.67,normal
640,2023,4,22.57,0.0,0.0,21.37,9.67,normal
640,2023,5,21.37,0.0,0.0,19.1,9.67,normal
640,2023,6,19.1,0.0,0.0,16.32,9.67,normal
640,2023,7,16.32,0.0,0.0,14.12,9.67,normal
640,2023,8,14.12,0.0,0.0,12.63,9.67,normal
640,2023,9,12.63,0.0,0.0,11.59,9.67,normal
640,2023,10,11.59,6.56,14.38,3.77,9.67,understock
640,2023,11,3.77,15.97,23.65,0.0,9.67,stockout
640,2023,12,0.0,0.0,0.0,0.0,9.67,stockout
640,2024,1,0.0,6.63,0.0,6.63,9.67,understock
640,2024,2,6.63,0.0,0.0,5.77,9.67,understock
640,2024,3,5.77,73.39,70.95,8.21,9.67,understock
640,2024,4,8.21,79.19,70.95,16.45,9.67,normal
641,2021,2,84.55,23.03,22.57,85.01,24.5,normal
641,2021,3,85.01,0.0,0.0,80.11,24.5,normal
641,2021,4,80.11,0.0,0.0,70.28,24.5,normal
641,2021,5,70.28,0.0,0.0,61.63,24.5,normal
641,2021,6,61.63,0.0,0.0,53.95,24.5,normal
641,2021,7,53.95,0.0,0.0,48.95,24.5,normal
641,2021,8,48.95,155.88,98.5,106.33,24.5,normal
641,2021,9,106.33,0.0,0.0,100.13,24.5,normal
641,2021,10,100.13,0.0,0.0,89.68,24.5,normal
641,2021,11,89.68,0.0,0.0,83.21,24.5,normal
641,2021,12,83.21,0.0,0.0,77.64,24.5,normal
641,2022,1,77.64,0.0,0.0,70.0,24.5,normal
641,2022,2,70.0,0.0,0.0,65.47,24.5,normal
641,2022,3,65.47,33.65,32.3,66.82,24.5,normal
641,2022,4,66.82,62.62,58.03,71.41,24.5,normal
641,2022,5,71.41,253.06,220.46,104.01,24.5,normal
641,2022,6,104.01,0.0,0.0,90.47,24.5,normal
641,2022,7,90.47,0.0,0.0,79.62,24.5,normal
641,2022,8,79.62,0.0,0.0,70.89,24.5,normal
641,2022,9,70.89,129.48,183.85,16.52,24.5,understock
641,2022,10,16.52,0.0,0.0,14.48,24.5,understock
641,2022,11,14.48,0.0,0.0,13.22,24.5,understock
641,2022,12,13.22,9.07,0.0,21.03,24.5,understock
641,2023,1,21.03,0.0,0.0,18.69,24.5,understock
641,2023,2,18.69,2.65,3.5,17.84,24.5,understock
641,2023,3,17.84,14.75,24.5,8.09,24.5,understock
641,2023,4,8.09,15.68,13.2,10.57,24.5,understock
641,2023,5,10.57,33.77,19.78,24.56,24.5,normal
641,2023,6,24.56,0.0,0.0,20.94,24.5,understock
641,2023,7,20.94,2.44,4.05,19.33,24.5,understock
641,2023,8,19.33,5.63,0.0,23.99,24.5,understock
641,2023,9,23.99,0.0,0.0,21.77,24.5,understock
641,2023,10,21.77,56.84,52.95,25.66,24.5,normal
641,2023,11,25.66,0.0,0.0,21.87,24.5,understock
641,2023,12,21.87,0.0,0.0,19.77,24.5,understock
641,2024,1,19.77,0.0,0.0,18.34,24.5,understock
641,2024,2,18.34,144.9,145.73,17.51,24.5,understock
641,2024,3,17.51,0.0,0.0,16.02,24.5,understock
641,2024,4,16.02,0.0,0.0,14.98,24.5,understock
641,2024,5,14.98,14.15,16.5,12.63,24.5,understock
641,2024,6,12.63,171.56,184.83,0.0,24.5,stockout
642,2022,2,80.55,169.54,179.74,70.35,24.63,normal
642,2022,3,70.35,0.0,0.0,63.21,24.63,normal
642,2022,4,63.21,0.0,0.0,55.37,24.63,normal
642,2022,5,55.37,26.76,16.2,65.93,24.63,normal
642,2022,6,65.93,62.22,60.2,67.95,24.63,normal
642,2022,7,67.95,0.0,0.0,63.65,24.63,normal
642,2022,8,63.65,0.0,0.0,56.56,24.63,normal
642,2022,9,56.56,5.55,4.0,58.11,24.63,normal
642,2022,10,58.11,0.0,0.0,49.56,24.63,normal
642,2022,11,49.56,10.79,0.0,53.92,24.63,normal
642,2022,12,53.92,0.0,0.0,50.73,24.63,normal
642,2023,1,50.73,0.0,0.0,45.09,24.63,normal
642,2023,2,45.09,124.5,186.56,0.0,24.63,stockout
642,2023,3,0.0,95.24,152.37,0.0,24.63,stockout
642,2023,4,0.0,0.0,0.0,0.0,24.63,stockout
642,2023,5,0.0,10.4,0.0,10.4,24.63,understock
642,2023,6,10.4,0.0,0.0,9.35,24.63,understock
642,2023,7,9.35,0.0,0.0,8.87,24.63,understock
642,2023,8,8.87,0.0,0.0,7.7,24.63,understock
642,2023,9,7.7,23.93,19.8,11.83,24.63,understock
642,2023,10,11.83,0.0,0.0,10.73,24.63,understock
642,2023,11,10.73,0.0,0.0,9.59,24.63,understock
642,2023,12,9.59,0.0,0.0,9.09,24.63,understock
642,2024,1,9.09,0.0,0.0,7.9,24.63,understock
642,2024,2,7.9,0.0,0.0,6.9,24.63,understock
642,2024,3,6.9,0.0,0.0,6.04,24.63,understock
642,2024,4,6.04,0.0,0.0,5.2,24.63,understock
642,2024,5,5.2,0.0,0.0,4.79,24.63,understock
642,2024,6,4.79,0.0,0.0,4.4,24.63,understock
642,2024,7,4.4,20.23,19.6,5.03,24.63,understock
643,2021,3,49.2,16.26,14.0,51.46,13.55,normal
643,2021,4,51.46,5.51,14.5,42.47,13.55,normal
643,2021,5,42.47,0.0,0.0,38.68,13.55,normal
643,2021,6,38.68,0.0,0.0,35.49,13.55,normal
643,2021,7,35.49,0.0,0.0,31.5,13.55,normal
643,2021,8,31.5,0.0,0.0,27.66,13.55,normal
643,2021,9,27.66,0.0,0.0,25.04,13.55,normal
643,2021,10,25.04,0.0,0.0,23.18,13.55,normal
643,2021,11,23.18,0.0,0.0,20.72,13.55,normal
643,2021,12,20.72,8.17,14.5,14.39,13.55,normal
643,2022,1,14.39,0.0,0.0,12.8,13.55,understock
643,2022,2,12.8,0.0,0.0,11.61,13.55,understock
643,2022,3,11.61,0.0,0.0,10.96,13.55,understock
643,2022,4,10.96,9.29,0.0,19.64,13.55,normal
643,2022,5,19.64,0.0,0.0,17.09,13.55,normal
643,2022,6,17.09,4.92,0.0,20.16,13.55,normal
643,2022,7,20.16,0.0,0.0,17.59,13.55,normal
643,2022,8,17.59,0.0,0.0,15.81,13.55,normal
643,2022,9,15.81,0.0,0.0,14.23,13.55,normal
643,2022,10,14.23,0.0,0.0,12.24,13.55,understock
643,2022,11,12.24,0.0,0.0,11.16,13.55,understock
643,2022,12,11.16,7.56,0.0,18.13,13.55,normal
643,2023,1,18.13,0.0,0.0,15.77,13.55,normal
643,2023,2,15.77,0.0,0.0,14.56,13.55,normal
643,2023,3,14.56,0.0,0.0,13.44,13.55,understock
643,2023,4,13.44,0.0,0.0,11.95,13.55,understock
643,2023,5,11.95,0.0,0.0,10.27,13.55,understock
643,2023,6,10.27,0.0,0.0,8.74,13.55,understock
643,2023,7,8.74,4.77,0.0,12.9,13.55,understock
643,2023,8,12.9,8.51,0.0,19.87,13.55,normal
643,2023,9,19.87,0.0,0.0,18.37,13.55,normal
643,2023,10,18.37,0.0,0.0,16.24,13.55,normal
643,2023,11,16.24,0.0,0.0,14.3,13.55,normal
643,2023,12,14.3,0.0,0.0,13.42,13.55,understock
643,2024,1,13.42,0.0,0.0,11.78,13.55,understock
643,2024,2,11.78,0.0,0.0,11.01,13.55,understock
643,2024,3,11.01,0.0,0.0,10.03,13.55,understock
643,2024,4,10.03,0.0,0.0,9.3,13.55,understock
643,2024,5,9.3,262.05,170.0,101.35,13.55,overstock
647,2021,1,245.77,291.37,390.7,146.44,92.68,normal
647,2021,2,146.44,37.7,63.4,120.74,92.68,normal
647,2021,3,120.74,91.03,87.5,124.27,92.68,normal
647,2021,4,124.27,86.11,74.3,136.08,92.68,normal
647,2021,5,136.08,0.0,0.0,122.74,92.68,normal
647,2021,6,122.74,83.03,62.9,142.87,92.68,normal
647,2021,7,142.87,135.09,203.3,74.66,92.68,understock
647,2021,8,74.66,12.23,22.7,64.19,92.68,understock
647,2021,9,64.19,427.88,765.4,0.0,92.68,stockout
647,2021,10,0.0,77.52,101.6,0.0,92.68,stockout
647,2021,11,0.0,833.34,515.1,318.24,92.68,normal
647,2021,12,318.24,163.29,154.5,327.03,92.68,normal
647,2022,1,327.03,109.64,88.4,348.27,92.68,normal
647,2022,2,348.27,45.15,0.0,349.03,92.68,normal
647,2022,3,349.03,80.24,146.3,282.97,92.68,normal
647,2022,4,282.97,98.27,120.3,260.94,92.68,normal
647,2022,5,260.94,93.9,101.4,253.44,92.68,normal
647,2022,6,253.44,0.0,0.0,238.83,92.68,normal
647,2022,7,238.83,0.0,0.0,214.22,92.68,normal
647,2022,8,214.22,313.85,298.2,229.87,92.68,normal
647,2022,9,229.87,2.87,1.2,231.54,92.68,normal
647,2022,10,231.54,0.0,0.0,211.37,92.68,normal
647,2022,11,211.37,19.8,0.0,220.04,92.68,normal
647,2022,12,220.04,60.33,45.2,235.17,92.68,normal
647,2023,1,235.17,125.23,122.0,238.4,92.68,normal
647,2023,2,238.4,0.0,0.0,212.03,92.68,normal
647,2023,3,212.03,0.0,0.0,181.62,92.68,normal
647,2023,4,181.62,0.0,0.0,159.94,92.68,normal
647,2023,5,159.94,80.33,61.3,178.97,92.68,normal
647,2023,6,178.97,34.82,0.0,199.09,92.68,normal
647,2023,7,199.09,0.0,0.0,169.58,92.68,normal
647,2023,8,169.58,60.38,60.3,169.66,92.68,normal
647,2023,9,169.66,26.83,0.0,179.06,92.68,normal
647,2023,10,179.06,0.0,0.0,163.1,92.68,normal
647,2023,11,163.1,1231.34,1238.4,156.04,92.68,normal
647,2023,12,156.04,667.93,1587.3,0.0,92.68,stockout
648,2021,3,383.89,671.96,750.6,305.25,93.72,normal
648,2021,4,305.25,0.0,0.0,278.13,93.72,normal
648,2021,5,278.13,0.0,0.0,263.62,93.72,normal
648,2021,6,263.62,0.0,0.0,226.99,93.72,normal
648,2021,7,226.99,0.0,0.0,212.34,93.72,normal
648,2021,8,212.34,0.0,0.0,182.78,93.72,normal
648,2021,9,182.78,0.0,0.0,170.92,93.72,normal
648,2021,10,170.92,0.0,0.0,157.22,93.72,normal
648,2021,11,157.22,0.0,0.0,141.09,93.72,normal
648,2021,12,141.09,0.0,0.0,120.89,93.72,normal
648,2022,1,120.89,0.0,0.0,114.75,93.72,normal
648,2022,2,114.75,0.0,0.0,108.39,93.72,normal
648,2022,3,108.39,0.0,0.0,97.39,93.72,normal
648,2022,4,97.39,72.42,58.0,111.81,93.72,normal
648,2022,5,111.81,0.0,0.0,95.77,93.72,normal
648,2022,6,95.77,0.0,0.0,88.36,93.72,understock
648,2022,7,88.36,0.0,0.0,83.26,93.72,understock
648,2022,8,83.26,0.0,0.0,73.42,93.72,understock
648,2022,9,73.42,119.05,108.1,84.37,93.72,understock
648,2022,10,84.37,38.27,0.0,117.79,93.72,normal
648,2022,11,117.79,0.0,0.0,104.01,93.72,normal
648,2022,12,104.01,0.0,0.0,91.12,93.72,understock
648,2023,1,91.12,0.0,0.0,78.07,93.72,understock
648,2023,2,78.07,0.0,0.0,69.79,93.72,understock
648,2023,3,69.79,0.0,0.0,63.44,93.72,understock
648,2023,4,63.44,0.0,0.0,59.09,93.72,understock
648,2023,5,59.09,0.0,0.0,51.87,93.72,understock
648,2023,6,51.87,0.0,0.0,44.69,93.72,understock
648,2023,7,44.69,0.0,0.0,39.58,93.72,understock
648,2023,8,39.58,0.0,0.0,35.75,93.72,understock
648,2023,9,35.75,0.0,0.0,30.64,93.72,understock
648,2023,10,30.64,0.0,0.0,28.68,93.72,understock
648,2023,11,28.68,0.0,0.0,24.53,93.72,understock
648,2023,12,24.53,0.0,0.0,22.03,93.72,understock
648,2024,1,22.03,0.0,0.0,19.69,93.72,understock
648,2024,2,19.69,0.0,0.0,17.81,93.72,understock
648,2024,3,17.81,0.0,0.0,15.51,93.72,understock
648,2024,4,15.51,62.5,58.6,19.41,93.72,understock
648,2024,5,19.41,50.66,53.0,17.07,93.72,understock
648,2024,6,17.07,965.5,1349.1,0.0,93.72,stockout
648,2024,7,0.0,59.36,55.1,4.26,93.72,understock
649,2023,5,33.95,17.22,30.3,20.87,10.42,normal
651,2021,1,958.98,561.28,882.2,638.06,175.59,normal
651,2021,2,638.06,928.08,1272.91,293.23,175.59,normal
651,2021,3,293.23,1294.78,846.52,741.49,175.59,normal
651,2021,4,741.49,250.43,670.01,321.91,175.59,normal
651,2021,5,321.91,565.04,616.09,270.86,175.59,normal
651,2021,6,270.86,1362.25,1423.62,209.49,175.59,normal
651,2021,7,209.49,468.89,875.18,0.0,175.59,stockout
651,2021,8,0.0,809.81,1597.02,0.0,175.59,stockout
651,2021,9,0.0,77.2,187.83,0.0,175.59,stockout
651,2021,10,0.0,991.71,889.5,102.21,175.59,understock
651,2021,11,102.21,467.35,1044.27,0.0,175.59,stockout
651,2021,12,0.0,897.3,1961.67,0.0,175.59,stockout
651,2022,1,0.0,442.12,507.83,0.0,175.59,stockout
651,2022,2,0.0,1604.59,1600.33,4.26,175.59,understock
651,2022,3,4.26,1204.53,1286.68,0.0,175.59,stockout
651,2022,4,0.0,627.54,597.68,29.86,175.59,understock
651,2022,5,29.86,848.4,828.6,49.66,175.59,understock
651,2022,6,49.66,274.13,299.5,24.29,175.59,understock
651,2022,7,24.29,823.8,1125.44,0.0,175.59,stockout
651,2022,8,0.0,460.07,426.9,33.17,175.59,understock
651,2022,9,33.17,707.75,1123.49,0.0,175.59,stockout
651,2022,10,0.0,441.64,421.42,20.22,175.59,understock
651,2022,11,20.22,273.22,503.4,0.0,175.59,stockout
651,2022,12,0.0,432.03,423.4,8.63,175.59,understock
651,2023,1,8.63,725.92,551.6,182.95,175.59,normal
651,2023,2,182.95,1259.14,1098.17,343.92,175.59,normal
651,2023,3,343.92,604.26,470.58,477.6,175.59,normal
651,2023,4,477.6,1344.52,923.61,898.51,175.59,normal
651,2023,5,898.51,446.41,438.29,906.63,175.59,normal
651,2023,6,906.63,459.23,1062.97,302.89,175.59,normal
651,2023,7,302.89,1556.81,1168.76,690.94,175.59,normal
651,2023,8,690.94,921.78,787.5,825.22,175.59,normal
651,2023,9,825.22,491.02,314.46,1001.78,175.59,normal
651,2023,10,1001.78,825.66,828.7,998.74,175.59,normal
651,2023,11,998.74,122.94,240.73,880.95,175.59,normal
651,2023,12,880.95,726.16,672.6,934.51,175.59,normal
651,2024,1,934.51,444.13,686.66,691.98,175.59,normal
651,2024,2,691.98,874.62,869.22,697.38,175.59,normal
651,2024,3,697.38,498.25,761.34,434.29,175.59,normal
651,2024,4,434.29,685.71,520.6,599.4,175.59,normal
651,2024,5,599.4,899.99,580.86,918.53,175.59,normal
651,2024,6,918.53,1235.3,1076.1,1077.73,175.59,normal
651,2024,7,1077.73,835.97,939.06,974.64,175.59,normal
653,2022,11,109.96,484.68,299.83,294.81,31.34,overstock
653,2022,12,294.81,10.51,0.0,267.74,31.34,overstock
653,2023,1,267.74,0.0,0.0,228.32,31.34,overstock
653,2023,2,228.32,0.0,0.0,216.55,31.34,overstock
653,2023,3,216.55,66.94,49.0,234.49,31.34,overstock
653,2023,4,234.49,0.0,0.0,210.19,31.34,overstock
653,2023,5,210.19,90.02,93.08,207.13,31.34,overstock
653,2023,6,207.13,0.0,0.0,190.01,31.34,overstock
653,2023,7,190.01,0.0,0.0,168.94,31.34,overstock
653,2023,8,168.94,144.08,100.4,212.62,31.34,overstock
653,2023,9,212.62,0.0,0.0,182.2,31.34,overstock
653,2023,10,182.2,0.0,0.0,170.46,31.34,overstock
653,2023,11,170.46,48.65,47.25,171.86,31.34,overstock
653,2023,12,171.86,52.34,50.1,174.1,31.34,overstock
653,2024,1,174.1,0.0,0.0,157.86,31.34,overstock
653,2024,2,157.86,0.0,0.0,142.84,31.34,normal
653,2024,3,142.84,0.0,0.0,131.36,31.34,normal
653,2024,4,131.36,38.71,47.07,123.0,31.34,normal
658,2021,3,678.42,384.95,428.15,635.22,166.63,normal
658,2021,4,635.22,0.0,0.0,584.79,166.63,normal
658,2021,5,584.79,567.03,1067.49,84.33,166.63,understock
658,2021,6,84.33,262.88,255.0,92.21,166.63,understock
658,2021,7,92.21,41.34,0.0,123.03,166.63,understock
658,2021,8,123.03,0.0,0.0,112.58,166.63,understock
658,2021,9,112.58,0.0,0.0,105.03,166.63,understock
658,2021,10,105.03,0.0,0.0,99.57,166.63,understock
658,2021,11,99.57,0.0,0.0,90.6,166.63,understock
658,2021,12,90.6,0.0,0.0,79.65,166.63,understock
658,2022,1,79.65,0.0,0.0,73.39,166.63,understock
658,2022,2,73.39,0.0,0.0,62.59,166.63,understock
658,2022,3,62.59,0.0,0.0,54.24,166.63,understock
658,2022,4,54.24,57.25,0.0,104.75,166.63,understock
658,2022,5,104.75,74.97,0.0,169.99,166.63,normal
658,2022,6,169.99,47.39,0.0,204.04,166.63,normal
658,2022,7,204.04,80.31,0.0,269.2,166.63,normal
658,2022,8,269.2,0.0,0.0,231.56,166.63,normal
658,2022,9,231.56,0.0,0.0,210.9,166.63,normal
658,2022,10,210.9,0.0,0.0,181.17,166.63,normal
658,2022,11,181.17,65.06,0.0,226.11,166.63,normal
658,2022,12,226.11,0.0,0.0,197.34,166.63,normal
658,2023,1,197.34,0.0,0.0,168.86,166.63,normal
658,2023,2,168.86,0.0,0.0,156.6,166.63,understock
658,2023,3,156.6,0.0,0.0,141.59,166.63,understock
658,2023,4,141.59,0.0,0.0,124.5,166.63,understock
658,2023,5,124.5,0.0,0.0,114.95,166.63,understock
658,2023,6,114.95,0.0,0.0,107.33,166.63,understock
658,2023,7,107.33,50.15,0.0,145.6,166.63,understock
658,2023,8,145.6,67.0,0.0,196.19,166.63,normal
658,2023,9,196.19,0.0,0.0,181.87,166.63,normal
658,2023,10,181.87,0.0,0.0,168.5,166.63,normal
658,2023,11,168.5,0.0,0.0,152.82,166.63,understock
658,2023,12,152.82,87.2,0.0,229.05,166.63,normal
658,2024,1,229.05,0.0,0.0,209.39,166.63,normal
658,2024,2,209.39,0.0,0.0,194.02,166.63,normal
658,2024,3,194.02,0.0,0.0,184.13,166.63,normal
658,2024,4,184.13,0.0,0.0,167.03,166.63,normal
658,2024,5,167.03,453.17,469.05,151.15,166.63,understock
661,2021,1,838.78,488.54,702.37,624.95,185.72,normal
661,2021,2,624.95,440.9,481.18,584.67,185.72,normal
661,2021,3,584.67,1264.65,802.7,1046.62,185.72,normal
661,2021,4,1046.62,730.5,481.49,1295.63,185.72,overstock
661,2021,5,1295.63,194.08,331.52,1158.19,185.72,overstock
661,2021,6,1158.19,775.47,795.33,1138.33,185.72,overstock
661,2021,7,1138.33,1075.08,976.51,1236.9,185.72,overstock
661,2021,8,1236.9,423.35,508.52,1151.73,185.72,overstock
661,2021,9,1151.73,3178.01,1878.25,2451.49,185.72,overstock
661,2021,10,2451.49,612.42,1307.89,1756.02,185.72,overstock
661,2021,11,1756.02,1111.15,1120.85,1746.32,185.72,overstock
661,2021,12,1746.32,3071.33,2066.86,2750.79,185.72,overstock
661,2022,1,2750.79,0.0,0.0,2561.19,185.72,overstock
661,2022,2,2561.19,1517.08,1516.43,2561.84,185.72,overstock
661,2022,3,2561.84,535.74,1016.75,2080.83,185.72,overstock
661,2022,4,2080.83,19.03,55.5,2044.36,185.72,overstock
661,2022,5,2044.36,28.74,48.25,2024.85,185.72,overstock
661,2022,6,2024.85,0.0,0.0,1818.99,185.72,overstock
661,2022,7,1818.99,772.87,826.96,1764.9,185.72,overstock
661,2022,8,1764.9,266.14,266.14,1764.9,185.72,overstock
661,2022,9,1764.9,817.49,534.18,2048.21,185.72,overstock
661,2022,10,2048.21,394.85,456.64,1986.42,185.72,overstock
661,2022,11,1986.42,425.51,415.38,1996.55,185.72,overstock
661,2022,12,1996.55,752.93,553.31,2196.17,185.72,overstock
661,2023,1,2196.17,63.76,46.75,2213.18,185.72,overstock
661,2023,2,2213.18,566.92,1045.37,1734.73,185.72,overstock
661,2023,3,1734.73,242.49,534.88,1442.34,185.72,overstock
661,2023,4,1442.34,2104.18,1320.6,2225.92,185.72,overstock
661,2023,5,2225.92,0.0,0.0,1987.27,185.72,overstock
661,2023,6,1987.27,1133.41,1009.08,2111.6,185.72,overstock
661,2023,7,2111.6,128.43,91.4,2148.63,185.72,overstock
661,2023,8,2148.63,736.43,453.93,2431.13,185.72,overstock
661,2023,9,2431.13,339.55,690.31,2080.37,185.72,overstock
661,2023,10,2080.37,573.95,609.8,2044.52,185.72,overstock
661,2023,11,2044.52,343.62,280.35,2107.79,185.72,overstock
661,2023,12,2107.79,1529.82,1648.68,1988.93,185.72,overstock
661,2024,1,1988.93,65.18,139.1,1915.01,185.72,overstock
661,2024,2,1915.01,1320.4,992.71,2242.7,185.72,overstock
661,2024,3,2242.7,267.48,262.4,2247.78,185.72,overstock
661,2024,4,2247.78,63.41,133.08,2178.11,185.72,overstock
661,2024,5,2178.11,533.36,629.76,2081.71,185.72,overstock
661,2024,6,2081.71,194.75,446.7,1829.76,185.72,overstock
661,2024,7,1829.76,677.04,619.52,1887.28,185.72,overstock
662,2021,1,459.32,271.67,472.62,258.37,102.49,normal
662,2021,2,258.37,523.25,491.4,290.22,102.49,normal
662,2021,3,290.22,116.66,109.0,297.88,102.49,normal
662,2021,4,297.88,118.07,110.5,305.45,102.49,normal
662,2021,5,305.45,0.0,0.0,289.62,102.49,normal
662,2021,6,289.62,82.37,59.3,312.69,102.49,normal
662,2021,7,312.69,84.97,119.04,278.62,102.49,normal
662,2021,8,278.62,1101.55,712.96,667.21,102.49,normal
662,2021,9,667.21,313.76,490.38,490.59,102.49,normal
662,2021,10,490.59,655.13,662.96,482.76,102.49,normal
662,2021,11,482.76,508.29,467.76,523.29,102.49,normal
662,2021,12,523.29,652.51,407.06,768.74,102.49,overstock
662,2022,1,768.74,0.0,0.0,689.88,102.49,overstock
662,2022,2,689.88,668.88,460.8,897.96,102.49,overstock
662,2022,3,897.96,817.29,789.74,925.51,102.49,overstock
662,2022,4,925.51,527.53,343.16,1109.88,102.49,overstock
662,2022,5,1109.88,518.43,344.78,1283.53,102.49,overstock
662,2022,6,1283.53,398.28,678.78,1003.03,102.49,overstock
662,2022,7,1003.03,226.38,335.05,894.36,102.49,overstock
662,2022,8,894.36,1146.38,776.88,1263.86,102.49,overstock
662,2022,9,1263.86,226.38,332.13,1158.11,102.49,overstock
662,2022,10,1158.11,355.74,222.16,1291.69,102.49,overstock
662,2022,11,1291.69,384.06,334.8,1340.95,102.49,overstock
662,2022,12,1340.95,470.94,512.22,1299.67,102.49,overstock
662,2023,1,1299.67,1679.81,1231.2,1748.28,102.49,overstock
662,2023,2,1748.28,203.27,441.88,1509.67,102.49,overstock
662,2023,3,1509.67,0.0,0.0,1299.96,102.49,overstock
662,2023,4,1299.96,896.31,904.31,1291.96,102.49,overstock
662,2023,5,1291.96,916.06,556.89,1651.13,102.49,overstock
662,2023,6,1651.13,502.36,334.2,1819.29,102.49,overstock
662,2023,7,1819.29,0.0,0.0,1610.12,102.49,overstock
662,2023,8,1610.12,574.2,346.42,1837.9,102.49,overstock
662,2023,9,1837.9,83.63,48.0,1873.53,102.49,overstock
662,2023,10,1873.53,633.77,677.27,1830.03,102.49,overstock
662,2023,11,1830.03,0.0,0.0,1678.47,102.49,overstock
662,2023,12,1678.47,327.98,333.81,1672.64,102.49,overstock
662,2024,1,1672.64,0.0,0.0,1526.71,102.49,overstock
662,2024,2,1526.71,362.64,328.63,1560.72,102.49,overstock
662,2024,3,1560.72,0.0,0.0,1462.74,102.49,overstock
662,2024,4,1462.74,337.74,332.7,1467.78,102.49,overstock
662,2024,5,1467.78,934.42,662.28,1739.92,102.49,overstock
662,2024,6,1739.92,27.7,0.0,1579.67,102.49,overstock
662,2024,7,1579.67,329.08,339.55,1569.2,102.49,overstock
663,2023,3,71.24,91.23,100.5,61.97,16.14,normal
663,2023,4,61.97,0.0,0.0,58.34,16.14,normal
663,2023,5,58.34,9.53,0.0,63.51,16.14,normal
663,2023,6,63.51,8.46,0.0,62.98,16.14,normal
663,2023,7,62.98,0.0,0.0,54.69,16.14,normal
663,2023,8,54.69,0.0,0.0,46.64,16.14,normal
663,2023,9,46.64,0.0,0.0,41.47,16.14,normal
663,2023,10,41.47,0.0,0.0,38.64,16.14,normal
663,2023,11,38.64,0.0,0.0,32.86,16.14,normal
663,2023,12,32.86,0.0,0.0,28.84,16.14,normal
663,2024,1,28.84,0.0,0.0,26.15,16.14,normal
663,2024,2,26.15,0.0,0.0,23.52,16.14,normal
663,2024,3,23.52,0.0,0.0,20.58,16.14,normal
663,2024,4,20.58,0.0,0.0,17.73,16.14,normal
663,2024,5,17.73,51.57,48.44,20.86,16.14,normal
664,2021,1,132.3,120.71,126.0,127.01,42.93,normal
664,2021,2,127.01,0.0,0.0,116.51,42.93,normal
664,2021,3,116.51,41.36,62.3,95.57,42.93,normal
664,2021,4,95.57,0.0,0.0,89.2,42.93,normal
664,2021,5,89.2,0.0,0.0,80.89,42.93,normal
664,2021,6,80.89,25.49,60.0,46.38,42.93,normal
664,2021,7,46.38,135.39,119.1,62.67,42.93,normal
664,2021,8,62.67,790.96,488.0,365.63,42.93,overstock
664,2021,9,365.63,67.86,122.2,311.29,42.93,overstock
664,2021,10,311.29,0.0,0.0,286.61,42.93,overstock
664,2021,11,286.61,0.0,0.0,245.78,42.93,overstock
664,2021,12,245.78,179.09,193.17,231.7,42.93,overstock
664,2022,1,231.7,319.54,193.76,357.48,42.93,overstock
664,2022,2,357.48,90.46,187.1,260.84,42.93,overstock
664,2022,3,260.84,245.77,184.9,321.71,42.93,overstock
664,2022,4,321.71,68.93,64.6,326.04,42.93,overstock
664,2022,5,326.04,78.6,64.3,340.34,42.93,overstock
664,2022,6,340.34,0.0,0.0,315.14,42.93,overstock
664,2022,7,315.14,53.76,98.02,270.88,42.93,overstock
664,2022,8,270.88,65.17,101.6,234.45,42.93,overstock
664,2022,9,234.45,504.74,320.6,418.59,42.93,overstock
664,2022,10,418.59,304.76,187.5,535.85,42.93,overstock
664,2022,11,535.85,40.51,63.8,512.56,42.93,overstock
664,2022,12,512.56,78.63,121.7,469.49,42.93,overstock
664,2023,1,469.49,127.46,124.5,472.45,42.93,overstock
664,2023,2,472.45,0.0,0.0,433.42,42.93,overstock
664,2023,3,433.42,0.0,0.0,409.49,42.93,overstock
664,2023,4,409.49,21.57,0.0,395.51,42.93,overstock
664,2023,5,395.51,0.0,0.0,342.84,42.93,overstock
664,2023,6,342.84,146.82,101.97,387.69,42.93,overstock
664,2023,7,387.69,42.08,63.0,366.77,42.93,overstock
664,2023,8,366.77,64.77,61.6,369.94,42.93,overstock
664,2023,9,369.94,96.39,101.5,364.83,42.93,overstock
664,2023,10,364.83,60.97,122.84,302.96,42.93,overstock
665,2024,1,138.24,108.88,121.28,125.84,31.17,normal
665,2024,2,125.84,11.8,0.0,123.05,31.17,normal
665,2024,3,123.05,127.03,123.08,127.0,31.17,normal
665,2024,4,127.0,109.22,120.55,115.67,31.17,normal
665,2024,5,115.67,32.88,61.45,87.1,31.17,normal
665,2024,6,87.1,100.42,204.09,0.0,31.17,stockout
666,2022,5,48.53,4.94,2.4,51.07,13.34,normal
666,2022,6,51.07,0.0,0.0,45.89,13.34,normal
666,2022,7,45.89,7.47,0.0,50.35,13.34,normal
666,2022,8,50.35,62.31,58.58,54.08,13.34,normal
666,2022,9,54.08,0.0,0.0,47.67,13.34,normal
666,2022,10,47.67,25.54,57.7,15.51,13.34,normal
666,2022,11,15.51,0.0,0.0,13.26,13.34,understock
666,2022,12,13.26,0.0,0.0,12.48,13.34,understock
666,2023,1,12.48,0.0,0.0,10.79,13.34,understock
666,2023,2,10.79,0.0,0.0,10.2,13.34,understock
666,2023,3,10.2,0.0,0.0,8.84,13.34,understock
666,2023,4,8.84,9.61,0.0,17.61,13.34,normal
666,2023,5,17.61,0.0,0.0,15.92,13.34,normal
666,2023,6,15.92,0.0,0.0,14.07,13.34,normal
666,2023,7,14.07,65.33,57.5,21.9,13.34,normal
666,2023,8,21.9,60.73,57.5,25.13,13.34,normal
666,2023,9,25.13,0.0,0.0,21.69,13.34,normal
666,2023,10,21.69,0.0,0.0,19.19,13.34,normal
666,2023,11,19.19,0.0,0.0,16.83,13.34,normal
666,2023,12,16.83,0.0,0.0,15.5,13.34,normal
666,2024,1,15.5,65.86,58.4,22.96,13.34,normal
666,2024,2,22.96,0.0,0.0,21.32,13.34,normal
666,2024,3,21.32,93.74,58.72,56.34,13.34,normal
666,2024,4,56.34,62.5,57.54,61.3,13.34,normal
668,2024,7,265.65,271.97,288.9,248.72,91.57,normal
669,2021,1,284.18,34.99,56.25,262.92,53.78,normal
669,2021,2,262.92,396.27,389.75,269.44,53.78,normal
669,2021,3,269.44,26.82,58.48,237.78,53.78,normal
669,2021,4,237.78,79.66,81.6,235.84,53.78,normal
669,2021,5,235.84,57.19,24.8,268.23,53.78,normal
669,2021,6,268.23,114.35,97.33,285.25,53.78,normal
669,2021,7,285.25,295.21,206.06,374.4,53.78,overstock
669,2021,8,374.4,97.36,85.61,386.15,53.78,overstock
669,2021,9,386.15,171.76,171.7,386.21,53.78,overstock
669,2021,10,386.21,433.68,471.66,348.23,53.78,normal
669,2021,11,348.23,463.51,494.16,317.58,53.78,normal
669,2021,12,317.58,541.86,374.48,484.96,53.78,overstock
669,2022,1,484.96,118.23,187.65,415.54,53.78,overstock
669,2022,2,415.54,103.77,138.66,380.65,53.78,overstock
669,2022,3,380.65,99.14,143.94,335.85,53.78,normal
669,2022,4,335.85,84.38,88.08,332.15,53.78,normal
669,2022,5,332.15,163.65,146.26,349.54,53.78,normal
669,2022,6,349.54,406.45,442.52,313.47,53.78,normal
669,2022,7,313.47,190.8,161.48,342.79,53.78,normal
669,2022,8,342.79,115.13,111.68,346.24,53.78,normal
669,2022,9,346.24,250.35,260.27,336.32,53.78,normal
669,2022,10,336.32,263.31,200.08,399.55,53.78,overstock
669,2022,11,399.55,0.0,0.0,356.02,53.78,normal
669,2022,12,356.02,115.26,115.14,356.14,53.78,normal
669,2023,1,356.14,429.75,257.2,528.69,53.78,overstock
669,2023,2,528.69,164.39,154.1,538.98,53.78,overstock
669,2023,3,538.98,200.35,115.8,623.53,53.78,overstock
669,2023,4,623.53,40.73,60.18,604.08,53.78,overstock
669,2023,5,604.08,124.79,261.62,467.25,53.78,overstock
669,2023,6,467.25,182.08,175.9,473.43,53.78,overstock
669,2023,7,473.43,22.48,55.8,440.11,53.78,overstock
669,2023,8,440.11,267.37,168.61,538.87,53.78,overstock
669,2023,9,538.87,252.63,222.41,569.09,53.78,overstock
669,2023,10,569.09,303.03,287.9,584.22,53.78,overstock
669,2023,11,584.22,0.0,0.0,546.02,53.78,overstock
669,2023,12,546.02,314.96,229.36,631.62,53.78,overstock
669,2024,1,631.62,419.39,411.76,639.25,53.78,overstock
669,2024,2,639.25,19.95,18.19,641.01,53.78,overstock
669,2024,3,641.01,32.69,98.54,575.16,53.78,overstock
669,2024,4,575.16,36.45,22.82,588.79,53.78,overstock
669,2024,5,588.79,2333.27,2285.15,636.91,53.78,overstock
669,2024,6,636.91,21.94,26.6,632.25,53.78,overstock
669,2024,7,632.25,957.19,865.98,723.46,53.78,overstock
671,2021,7,487.36,77.12,58.5,505.98,162.73,normal
671,2021,8,505.98,63.48,61.9,507.56,162.73,normal
671,2021,9,507.56,0.0,0.0,452.94,162.73,normal
671,2021,10,452.94,0.0,0.0,418.43,162.73,normal
671,2021,11,418.43,40.86,58.5,400.79,162.73,normal
671,2021,12,400.79,297.95,284.86,413.88,162.73,normal
671,2022,1,413.88,0.0,0.0,380.53,162.73,normal
671,2022,2,380.53,0.0,0.0,344.24,162.73,normal
671,2022,3,344.24,117.44,58.6,403.08,162.73,normal
671,2022,4,403.08,325.76,288.34,440.5,162.73,normal
671,2022,5,440.5,0.0,0.0,413.37,162.73,normal
671,2022,6,413.37,185.23,217.66,380.94,162.73,normal
671,2022,7,380.94,142.3,215.96,307.28,162.73,normal
671,2022,8,307.28,141.83,165.1,284.01,162.73,normal
671,2022,9,284.01,317.84,278.89,322.96,162.73,normal
671,2022,10,322.96,0.0,0.0,291.89,162.73,normal
671,2022,11,291.89,84.26,55.2,320.95,162.73,normal
671,2022,12,320.95,79.02,110.7,289.27,162.73,normal
671,2023,1,289.27,377.67,386.76,280.18,162.73,normal
671,2023,2,280.18,110.34,104.88,285.64,162.73,normal
671,2023,3,285.64,0.0,0.0,245.58,162.73,normal
671,2023,4,245.58,245.82,222.44,268.96,162.73,normal
671,2023,5,268.96,114.68,116.02,267.62,162.73,normal
671,2023,6,267.62,1571.26,1597.15,241.73,162.73,normal
671,2023,7,241.73,147.09,102.8,286.02,162.73,normal
671,2023,8,286.02,0.0,0.0,250.81,162.73,normal
671,2023,9,250.81,235.47,263.3,222.98,162.73,normal
671,2023,10,222.98,0.0,0.0,196.71,162.73,normal
671,2023,11,196.71,53.98,54.0,196.69,162.73,normal
671,2023,12,196.69,88.65,109.3,176.04,162.73,normal
671,2024,1,176.04,0.0,0.0,149.74,162.73,understock
671,2024,2,149.74,79.03,0.0,211.08,162.73,normal
671,2024,3,211.08,0.0,0.0,184.06,162.73,normal
671,2024,4,184.06,0.0,0.0,172.71,162.73,normal
671,2024,5,172.71,1297.27,1349.21,120.77,162.73,understock
671,2024,6,120.77,9450.63,5899.4,3672.0,162.73,overstock
671,2024,7,3672.0,1550.8,1631.68,3591.12,162.73,overstock
673,2021,1,206.04,114.4,234.4,86.04,59.18,normal
673,2021,2,86.04,233.95,242.1,77.89,59.18,normal
673,2021,3,77.89,0.0,0.0,71.5,59.18,normal
673,2021,4,71.5,0.0,0.0,67.11,59.18,normal
673,2021,5,67.11,0.0,0.0,58.65,59.18,understock
673,2021,6,58.65,262.45,235.26,85.84,59.18,normal
674,2022,2,317.33,411.32,406.08,322.57,82.45,normal
674,2022,3,322.57,0.0,0.0,282.64,82.45,normal
674,2022,4,282.64,0.0,0.0,266.85,82.45,normal
674,2022,5,266.85,55.92,0.0,301.97,82.45,normal
674,2022,6,301.97,0.0,0.0,270.36,82.45,normal
674,2022,7,270.36,52.87,0.0,300.92,82.45,normal
674,2022,8,300.92,0.0,0.0,260.78,82.45,normal
674,2022,9,260.78,0.0,0.0,223.47,82.45,normal
674,2022,10,223.47,0.0,0.0,191.67,82.45,normal
674,2022,11,191.67,0.0,0.0,170.5,82.45,normal
674,2022,12,170.5,0.0,0.0,148.77,82.45,normal
674,2023,1,148.77,0.0,0.0,133.97,82.45,normal
674,2023,2,133.97,943.28,646.32,430.93,82.45,normal
674,2023,3,430.93,0.0,0.0,390.46,82.45,normal
674,2023,4,390.46,0.0,0.0,333.47,82.45,normal
674,2023,5,333.47,0.0,0.0,313.11,82.45,normal
674,2023,6,313.11,0.0,0.0,266.91,82.45,normal
674,2023,7,266.91,0.0,0.0,229.14,82.45,normal
674,2023,8,229.14,0.0,0.0,200.68,82.45,normal
674,2023,9,200.68,0.0,0.0,184.73,82.45,normal
674,2023,10,184.73,0.0,0.0,163.9,82.45,normal
674,2023,11,163.9,0.0,0.0,142.15,82.45,normal
674,2023,12,142.15,0.0,0.0,122.95,82.45,normal
674,2024,1,122.95,0.0,0.0,110.8,82.45,normal
674,2024,2,110.8,0.0,0.0,96.05,82.45,normal
674,2024,3,96.05,0.0,0.0,88.88,82.45,normal
674,2024,4,88.88,0.0,0.0,83.18,82.45,normal
674,2024,5,83.18,1.55,30.9,53.83,82.45,understock
675,2021,5,511.92,379.48,542.73,348.67,95.76,normal
675,2021,6,348.67,170.81,272.5,246.98,95.76,normal
675,2021,7,246.98,0.0,0.0,229.9,95.76,normal
675,2021,8,229.9,0.0,0.0,209.18,95.76,normal
675,2021,9,209.18,0.0,0.0,196.15,95.76,normal
675,2021,10,196.15,0.0,0.0,174.35,95.76,normal
675,2021,11,174.35,0.0,0.0,148.63,95.76,normal
675,2021,12,148.63,0.0,0.0,136.02,95.76,normal
675,2022,1,136.02,0.0,0.0,123.02,95.76,normal
675,2022,2,123.02,45.05,27.9,140.17,95.76,normal
675,2022,3,140.17,0.0,0.0,123.58,95.76,normal
675,2022,4,123.58,24.74,53.4,94.92,95.76,understock
675,2022,5,94.92,0.0,0.0,84.31,95.76,understock
675,2022,6,84.31,26.82,0.0,106.0,95.76,normal
675,2022,7,106.0,0.0,55.7,50.3,95.76,understock
675,2022,8,50.3,0.0,0.0,44.23,95.76,understock
675,2022,9,44.23,0.0,0.0,39.74,95.76,understock
675,2022,10,39.74,0.0,0.0,36.17,95.76,understock
675,2022,11,36.17,0.0,0.0,33.16,95.76,understock
675,2022,12,33.16,0.0,0.0,29.04,95.76,understock
675,2023,1,29.04,0.0,0.0,25.13,95.76,understock
675,2023,2,25.13,0.0,0.0,22.11,95.76,understock
675,2023,3,22.11,43.19,0.0,63.44,95.76,understock
675,2023,4,63.44,0.0,0.0,54.13,95.76,understock
675,2023,5,54.13,0.0,0.0,46.96,95.76,understock
675,2023,6,46.96,0.0,0.0,40.07,95.76,understock
675,2023,7,40.07,0.0,0.0,37.76,95.76,understock
675,2023,8,37.76,0.0,0.0,33.85,95.76,understock
675,2023,9,33.85,35.12,0.0,64.16,95.76,understock
675,2023,10,64.16,0.0,0.0,55.83,95.76,understock
675,2023,11,55.83,0.0,0.0,48.54,95.76,understock
675,2023,12,48.54,37.32,0.0,83.28,95.76,understock
675,2024,1,83.28,33.17,0.0,108.09,95.76,normal
675,2024,2,108.09,0.0,0.0,93.37,95.76,understock
675,2024,3,93.37,0.0,0.0,80.04,95.76,understock
675,2024,4,80.04,0.0,0.0,68.92,95.76,understock
675,2024,5,68.92,1400.29,1450.68,18.53,95.76,understock
676,2022,5,90.44,167.98,169.6,88.82,30.7,normal
676,2022,6,88.82,12.1,0.0,93.86,30.7,normal
676,2022,7,93.86,15.08,0.0,102.21,30.7,normal
676,2022,8,102.21,0.0,0.0,94.29,30.7,normal
676,2022,9,94.29,0.0,0.0,83.36,30.7,normal
676,2022,10,83.36,7.85,0.0,83.45,30.7,normal
676,2022,11,83.45,0.0,0.0,71.9,30.7,normal
676,2022,12,71.9,0.0,0.0,63.8,30.7,normal
676,2023,1,63.8,0.0,0.0,56.14,30.7,normal
676,2023,2,56.14,0.0,0.0,49.99,30.7,normal
676,2023,3,49.99,0.0,0.0,43.75,30.7,normal
676,2023,4,43.75,0.0,0.0,40.2,30.7,normal
676,2023,5,40.2,0.0,0.0,37.36,30.7,normal
676,2023,6,37.36,0.0,0.0,32.49,30.7,normal
676,2023,7,32.49,0.0,0.0,29.33,30.7,understock
676,2023,8,29.33,0.0,0.0,27.57,30.7,understock
676,2023,9,27.57,32.28,48.0,11.85,30.7,understock
676,2023,10,11.85,0.0,0.0,11.09,30.7,understock
676,2023,11,11.09,0.0,0.0,9.44,30.7,understock
676,2023,12,9.44,0.0,0.0,8.41,30.7,understock
676,2024,1,8.41,41.12,55.36,0.0,30.7,stockout
677,2021,5,102.8,191.57,126.1,168.27,27.72,overstock
677,2021,6,168.27,0.0,0.0,152.67,27.72,overstock
677,2021,7,152.67,0.0,0.0,141.17,27.72,overstock
677,2021,8,141.17,0.0,0.0,120.19,27.72,normal
677,2021,9,120.19,53.39,57.2,116.38,27.72,normal
677,2021,10,116.38,0.0,0.0,107.63,27.72,normal
677,2021,11,107.63,10.29,0.0,111.62,27.72,normal
677,2021,12,111.62,54.9,55.8,110.72,27.72,normal
677,2022,1,110.72,0.0,0.0,104.01,27.72,normal
677,2022,2,104.01,0.0,0.0,95.91,27.72,normal
677,2022,3,95.91,0.0,0.0,82.5,27.72,normal
677,2022,4,82.5,0.0,0.0,73.28,27.72,normal
677,2022,5,73.28,0.0,0.0,63.54,27.72,normal
677,2022,6,63.54,0.0,0.0,56.28,27.72,normal
677,2022,7,56.28,0.0,0.0,50.45,27.72,normal
677,2022,8,50.45,0.0,0.0,43.49,27.72,normal
677,2022,9,43.49,0.0,0.0,37.37,27.72,normal
677,2022,10,37.37,9.11,0.0,41.07,27.72,normal
677,2022,11,41.07,0.0,0.0,35.15,27.72,normal
677,2022,12,35.15,0.0,0.0,30.29,27.72,normal
677,2023,1,30.29,0.0,0.0,26.82,27.72,understock
677,2023,2,26.82,0.0,0.0,23.4,27.72,understock
677,2023,3,23.4,0.0,0.0,19.93,27.72,understock
677,2023,4,19.93,35.96,55.8,0.09,27.72,understock
677,2023,5,0.09,0.0,0.0,0.08,27.72,understock
677,2023,6,0.08,0.0,0.0,0.07,27.72,understock
677,2023,7,0.07,54.68,58.8,0.0,27.72,stockout
677,2023,8,0.0,0.0,0.0,0.0,27.72,stockout
677,2023,9,0.0,13.45,0.0,13.45,27.72,understock
677,2023,10,13.45,0.0,0.0,11.71,27.72,understock
677,2023,11,11.71,9.61,0.0,20.71,27.72,understock
677,2023,12,20.71,0.0,0.0,18.23,27.72,understock
677,2024,1,18.23,133.4,115.0,36.63,27.72,normal
677,2024,2,36.63,0.0,0.0,31.73,27.72,normal
677,2024,3,31.73,0.0,0.0,29.03,27.72,normal
677,2024,4,29.03,0.0,0.0,24.85,27.72,understock
677,2024,5,24.85,107.27,113.0,19.12,27.72,understock
679,2021,1,936.25,1061.83,1056.4,941.68,240.53,normal
679,2021,2,941.68,963.97,2108.75,0.0,240.53,stockout
679,2021,3,0.0,45.99,24.2,21.79,240.53,understock
679,2021,4,21.79,0.0,0.0,20.67,240.53,understock
679,2021,5,20.67,0.0,0.0,17.94,240.53,understock
679,2021,6,17.94,380.91,657.9,0.0,240.53,stockout
679,2021,7,0.0,761.34,713.1,48.24,240.53,understock
679,2021,8,48.24,650.32,630.3,68.26,240.53,understock
679,2021,9,68.26,3394.47,2266.3,1196.43,240.53,normal
679,2021,10,1196.43,484.84,448.7,1232.57,240.53,normal
679,2021,11,1232.57,331.41,308.2,1255.78,240.53,normal
679,2021,12,1255.78,518.73,595.2,1179.31,240.53,normal
679,2022,1,1179.31,923.7,1698.0,405.01,240.53,normal
679,2022,2,405.01,866.77,1772.3,0.0,240.53,stockout
679,2022,3,0.0,383.31,509.4,0.0,240.53,stockout
679,2022,4,0.0,761.9,774.8,0.0,240.53,stockout
679,2022,5,0.0,1268.67,849.4,419.27,240.53,normal
679,2022,6,419.27,3209.36,2770.1,858.53,240.53,normal
679,2022,7,858.53,1546.95,1402.3,1003.18,240.53,normal
679,2022,8,1003.18,533.59,346.8,1189.97,240.53,normal
679,2022,9,1189.97,4757.28,3261.3,2685.95,240.53,overstock
679,2022,10,2685.95,664.13,600.1,2749.98,240.53,overstock
679,2022,11,2749.98,437.43,431.2,2756.21,240.53,overstock
679,2022,12,2756.21,1177.45,1186.5,2747.16,240.53,overstock
679,2023,1,2747.16,264.99,271.2,2740.95,240.53,overstock
679,2023,2,2740.95,490.46,291.3,2940.11,240.53,overstock
679,2023,3,2940.11,138.98,287.0,2792.09,240.53,overstock
679,2023,4,2792.09,1465.96,1373.1,2884.95,240.53,overstock
679,2023,5,2884.95,444.76,642.5,2687.21,240.53,overstock
679,2023,6,2687.21,849.91,881.5,2655.62,240.53,overstock
679,2023,7,2655.62,304.6,242.6,2717.62,240.53,overstock
679,2023,8,2717.62,142.93,146.8,2713.75,240.53,overstock
679,2023,9,2713.75,0.0,0.0,2473.12,240.53,overstock
679,2023,10,2473.12,853.5,584.7,2741.92,240.53,overstock
679,2023,11,2741.92,1147.13,1065.1,2823.95,240.53,overstock
679,2023,12,2823.95,576.67,1263.9,2136.72,240.53,overstock
679,2024,1,2136.72,364.36,714.0,1787.08,240.53,overstock
679,2024,2,1787.08,679.58,765.4,1701.26,240.53,overstock
679,2024,3,1701.26,796.26,901.8,1595.72,240.53,overstock
679,2024,4,1595.72,1309.85,857.1,2048.47,240.53,overstock
679,2024,5,2048.47,250.77,501.2,1798.04,240.53,overstock
679,2024,6,1798.04,130.64,247.2,1681.48,240.53,overstock
679,2024,7,1681.48,251.27,253.2,1679.55,240.53,overstock
681,2022,10,55.34,33.3,48.0,40.64,12.48,normal
682,2021,10,132.07,46.24,50.76,127.55,34.7,normal
682,2021,11,127.55,46.88,50.0,124.43,34.7,normal
682,2021,12,124.43,24.54,0.0,131.01,34.7,normal
682,2022,1,131.01,0.0,0.0,111.42,34.7,normal
682,2022,2,111.42,0.0,0.0,105.08,34.7,normal
682,2022,3,105.08,312.66,278.42,139.32,34.7,normal
682,2022,4,139.32,138.88,200.45,77.75,34.7,normal
682,2022,5,77.75,109.66,112.1,75.31,34.7,normal
682,2022,6,75.31,162.15,175.0,62.46,34.7,normal
682,2022,7,62.46,49.72,50.0,62.18,34.7,normal
682,2022,8,62.18,19.91,12.5,69.59,34.7,normal
682,2022,9,69.59,197.31,149.53,117.37,34.7,normal
682,2022,10,117.37,22.33,0.0,127.89,34.7,normal
682,2022,11,127.89,23.09,54.96,96.02,34.7,normal
682,2022,12,96.02,0.0,0.0,83.61,34.7,normal
682,2023,1,83.61,63.29,150.78,0.0,34.7,stockout
682,2023,2,0.0,0.0,0.0,0.0,34.7,stockout
682,2023,3,0.0,8.52,5.1,3.42,34.7,understock
682,2023,4,3.42,0.0,0.0,3.21,34.7,understock
682,2023,5,3.21,91.39,132.76,0.0,34.7,stockout
682,2023,6,0.0,169.75,163.66,6.09,34.7,understock
682,2023,7,6.09,0.0,0.0,5.57,34.7,understock
682,2023,8,5.57,24.75,0.0,29.69,34.7,understock
682,2023,9,29.69,107.77,115.96,21.5,34.7,understock
682,2023,10,21.5,184.48,187.5,18.48,34.7,understock
682,2023,11,18.48,0.0,0.0,17.22,34.7,understock
682,2023,12,17.22,0.0,0.0,14.91,34.7,understock
682,2024,1,14.91,0.0,0.0,14.12,34.7,understock
682,2024,2,14.12,139.23,128.7,24.65,34.7,understock
682,2024,3,24.65,0.0,0.0,21.95,34.7,understock
682,2024,4,21.95,0.0,0.0,19.88,34.7,understock
682,2024,5,19.88,343.72,240.5,123.1,34.7,normal
683,2021,1,318.12,409.5,398.8,328.82,73.36,normal
683,2021,2,328.82,148.42,156.97,320.27,73.36,normal
683,2021,3,320.27,312.84,313.39,319.72,73.36,normal
683,2021,4,319.72,162.7,131.05,351.37,73.36,normal
683,2021,5,351.37,16.35,15.2,352.52,73.36,normal
683,2021,6,352.52,1036.34,742.53,646.33,73.36,overstock
683,2021,7,646.33,417.57,441.35,622.55,73.36,overstock
683,2021,8,622.55,137.35,261.32,498.58,73.36,overstock
683,2021,9,498.58,1230.13,761.55,967.16,73.36,overstock
683,2021,10,967.16,382.16,379.86,969.46,73.36,overstock
683,2021,11,969.46,268.55,262.57,975.44,73.36,overstock
683,2021,12,975.44,72.24,78.52,969.16,73.36,overstock
683,2022,1,969.16,31.44,52.8,947.8,73.36,overstock
683,2022,2,947.8,253.72,178.25,1023.27,73.36,overstock
683,2022,3,1023.27,521.54,477.37,1067.44,73.36,overstock
683,2022,4,1067.44,54.47,92.96,1028.95,73.36,overstock
683,2022,5,1028.95,210.95,280.4,959.5,73.36,overstock
683,2022,6,959.5,201.84,216.72,944.62,73.36,overstock
683,2022,7,944.62,132.72,133.44,943.9,73.36,overstock
683,2022,8,943.9,86.73,56.02,974.61,73.36,overstock
683,2022,9,974.61,2133.09,1261.13,1846.57,73.36,overstock
683,2022,10,1846.57,0.0,0.0,1578.75,73.36,overstock
683,2022,11,1578.75,389.95,369.08,1599.62,73.36,overstock
683,2022,12,1599.62,235.31,245.62,1589.31,73.36,overstock
683,2023,1,1589.31,269.98,193.36,1665.93,73.36,overstock
683,2023,2,1665.93,263.67,226.76,1702.84,73.36,overstock
683,2023,3,1702.84,199.02,279.93,1621.93,73.36,overstock
683,2023,4,1621.93,62.57,65.4,1619.1,73.36,overstock
683,2023,5,1619.1,288.64,275.34,1632.4,73.36,overstock
683,2023,6,1632.4,159.3,157.12,1634.58,73.36,overstock
683,2023,7,1634.58,48.51,102.4,1580.69,73.36,overstock
683,2023,8,1580.69,65.21,38.6,1607.3,73.36,overstock
683,2023,9,1607.3,55.57,90.3,1572.57,73.36,overstock
683,2023,10,1572.57,1632.44,957.96,2247.05,73.36,overstock
683,2023,11,2247.05,345.72,260.0,2332.77,73.36,overstock
683,2023,12,2332.77,191.44,127.9,2396.31,73.36,overstock
683,2024,1,2396.31,65.01,67.3,2394.02,73.36,overstock
683,2024,2,2394.02,273.42,214.2,2453.24,73.36,overstock
683,2024,3,2453.24,511.19,551.5,2412.93,73.36,overstock
683,2024,4,2412.93,210.17,128.5,2494.6,73.36,overstock
683,2024,5,2494.6,395.94,354.5,2536.04,73.36,overstock
683,2024,6,2536.04,224.17,190.1,2570.11,73.36,overstock
683,2024,7,2570.11,388.16,414.4,2543.87,73.36,overstock
684,2021,1,285.69,530.28,546.52,269.45,89.46,normal
684,2021,2,269.45,0.0,0.0,229.96,89.46,normal
684,2021,3,229.96,458.72,724.7,0.0,89.46,stockout
684,2021,4,0.0,119.07,234.08,0.0,89.46,stockout
684,2021,5,0.0,0.0,0.0,0.0,89.46,stockout
684,2021,6,0.0,607.57,806.18,0.0,89.46,stockout
684,2021,7,0.0,24.54,15.4,9.14,89.46,understock
684,2021,8,9.14,459.1,432.16,36.08,89.46,understock
684,2021,9,36.08,0.0,2.6,33.48,89.46,understock
684,2021,10,33.48,364.44,257.56,140.36,89.46,normal
684,2021,11,140.36,72.01,62.5,149.87,89.46,normal
684,2021,12,149.87,512.1,332.0,329.97,89.46,normal
684,2022,1,329.97,228.14,221.4,336.71,89.46,normal
684,2022,2,336.71,92.28,76.95,352.04,89.46,normal
684,2022,3,352.04,237.92,262.68,327.28,89.46,normal
684,2022,4,327.28,0.0,0.0,279.98,89.46,normal
684,2022,5,279.98,34.89,0.0,298.75,89.46,normal
684,2022,6,298.75,0.0,0.0,281.18,89.46,normal
684,2022,7,281.18,0.0,0.0,250.5,89.46,normal
684,2022,8,250.5,589.34,374.05,465.79,89.46,overstock
684,2022,9,465.79,78.75,124.44,420.1,89.46,overstock
684,2022,10,420.1,287.01,250.05,457.06,89.46,overstock
684,2022,11,457.06,0.0,0.0,425.48,89.46,overstock
684,2022,12,425.48,63.49,125.85,363.12,89.46,normal
684,2023,1,363.12,0.0,0.0,320.36,89.46,normal
684,2023,2,320.36,361.57,268.3,413.63,89.46,overstock
684,2023,3,413.63,825.75,519.66,719.72,89.46,overstock
684,2023,4,719.72,18.04,10.1,727.66,89.46,overstock
684,2023,5,727.66,74.78,133.5,668.94,89.46,overstock
684,2023,6,668.94,0.0,0.0,571.4,89.46,overstock
684,2023,7,571.4,502.34,460.1,613.64,89.46,overstock
684,2023,8,613.64,6.14,12.5,607.28,89.46,overstock
684,2023,9,607.28,0.0,0.0,533.94,89.46,overstock
684,2023,10,533.94,0.0,0.0,465.74,89.46,overstock
684,2023,11,465.74,71.03,132.59,404.18,89.46,overstock
684,2023,12,404.18,124.76,99.9,429.04,89.46,overstock
684,2024,1,429.04,279.81,251.5,457.35,89.46,overstock
684,2024,2,457.35,15.49,7.5,465.34,89.46,overstock
684,2024,3,465.34,419.59,376.07,508.86,89.46,overstock
684,2024,4,508.86,0.0,0.0,432.74,89.46,overstock
684,2024,5,432.74,297.41,437.1,293.05,89.46,normal
684,2024,6,293.05,208.64,377.8,123.89,89.46,normal
685,2021,1,57.94,36.26,55.86,38.34,14.68,normal
685,2021,2,38.34,54.81,58.4,34.75,14.68,normal
685,2021,3,34.75,40.03,41.29,33.49,14.68,normal
685,2021,4,33.49,6.75,0.0,37.33,14.68,normal
685,2021,5,37.33,0.0,0.0,33.89,14.68,normal
685,2021,6,33.89,66.21,58.0,42.1,14.68,normal
686,2021,1,165.41,198.65,150.52,213.54,52.39,normal
686,2021,2,213.54,30.83,30.51,213.86,52.39,normal
686,2021,3,213.86,68.39,64.92,217.33,52.39,normal
686,2021,4,217.33,214.61,163.0,268.94,52.39,overstock
686,2021,5,268.94,0.0,0.0,234.66,52.39,overstock
686,2021,6,234.66,266.4,303.59,197.47,52.39,normal
686,2021,7,197.47,0.0,0.0,170.12,52.39,normal
686,2021,8,170.12,80.44,79.02,171.54,52.39,normal
686,2021,9,171.54,543.82,542.25,173.11,52.39,normal
686,2021,10,173.11,0.0,0.0,155.42,52.39,normal
686,2021,11,155.42,50.64,45.12,160.94,52.39,normal
686,2021,12,160.94,0.0,0.0,146.58,52.39,normal
686,2022,1,146.58,199.4,425.1,0.0,52.39,stockout
686,2022,2,0.0,268.96,298.67,0.0,52.39,stockout
686,2022,3,0.0,191.32,175.94,15.38,52.39,understock
686,2022,4,15.38,0.0,0.0,13.67,52.39,understock
686,2022,5,13.67,106.62,76.26,44.03,52.39,understock
686,2022,6,44.03,227.3,222.71,48.62,52.39,understock
686,2022,7,48.62,68.64,61.6,55.66,52.39,normal
686,2022,8,55.66,52.1,61.2,46.56,52.39,understock
686,2022,9,46.56,290.33,314.95,21.94,52.39,understock
686,2022,10,21.94,0.0,0.0,20.57,52.39,understock
686,2022,11,20.57,6.93,11.78,15.72,52.39,understock
686,2022,12,15.72,299.95,316.98,0.0,52.39,stockout
686,2023,1,0.0,52.96,31.1,21.86,52.39,understock
686,2023,2,21.86,91.73,69.04,44.55,52.39,understock
686,2023,3,44.55,0.0,0.0,38.25,52.39,understock
686,2023,4,38.25,56.54,55.5,39.29,52.39,understock
686,2023,5,39.29,332.27,335.6,35.96,52.39,understock
686,2023,6,35.96,61.87,60.75,37.08,52.39,understock
686,2023,7,37.08,190.82,120.0,107.9,52.39,normal
686,2023,8,107.9,0.0,0.0,96.14,52.39,normal
686,2023,9,96.14,151.79,235.0,12.93,52.39,understock
686,2023,10,12.93,99.59,74.0,38.52,52.39,understock
686,2023,11,38.52,0.0,0.0,33.95,52.39,understock
686,2023,12,33.95,95.88,102.1,27.73,52.39,understock
686,2024,1,27.73,51.1,88.4,0.0,52.39,stockout
686,2024,2,0.0,0.0,0.0,0.0,52.39,stockout
686,2024,3,0.0,0.0,0.0,0.0,52.39,stockout
686,2024,4,0.0,0.0,0.0,0.0,52.39,stockout
686,2024,5,0.0,101.87,95.5,6.37,52.39,understock
686,2024,6,6.37,27.59,29.3,4.66,52.39,understock
689,2021,1,229.06,30.28,36.71,222.63,71.5,normal
689,2021,2,222.63,0.0,0.0,207.14,71.5,normal
689,2021,3,207.14,138.38,249.4,96.12,71.5,normal
689,2021,4,96.12,22.95,49.54,69.53,71.5,understock
689,2021,5,69.53,1620.28,1096.4,593.41,71.5,overstock
689,2021,6,593.41,0.0,0.0,559.63,71.5,overstock
689,2021,7,559.63,0.0,0.0,512.73,71.5,overstock
689,2021,8,512.73,455.24,484.47,483.5,71.5,overstock
689,2021,9,483.5,282.92,294.1,472.32,71.5,overstock
689,2021,10,472.32,395.27,367.47,500.12,71.5,overstock
689,2021,11,500.12,417.71,396.13,521.7,71.5,overstock
689,2021,12,521.7,84.9,57.36,549.24,71.5,overstock
689,2022,1,549.24,0.0,0.0,511.18,71.5,overstock
689,2022,2,511.18,22.98,71.7,462.46,71.5,overstock
689,2022,3,462.46,60.95,113.98,409.43,71.5,overstock
689,2022,4,409.43,34.77,57.51,386.69,71.5,overstock
689,2022,5,386.69,281.22,170.74,497.17,71.5,overstock
689,2022,6,497.17,43.99,72.4,468.76,71.5,overstock
689,2022,7,468.76,35.88,35.85,468.79,71.5,overstock
689,2022,8,468.79,93.97,86.46,476.3,71.5,overstock
689,2022,9,476.3,20.05,14.34,482.01,71.5,overstock
689,2022,10,482.01,0.0,0.0,424.15,71.5,overstock
689,2022,11,424.15,50.39,36.0,438.54,71.5,overstock
689,2022,12,438.54,9.67,7.2,441.01,71.5,overstock
689,2023,1,441.01,34.3,37.6,437.71,71.5,overstock
689,2023,2,437.71,12.21,28.8,421.12,71.5,overstock
689,2023,3,421.12,18.15,28.8,410.47,71.5,overstock
689,2023,4,410.47,59.41,95.45,374.43,71.5,overstock
689,2023,5,374.43,2042.47,1856.2,560.7,71.5,overstock
689,2023,6,560.7,25.63,29.2,557.13,71.5,overstock
689,2023,7,557.13,0.0,0.0,492.92,71.5,overstock
689,2023,8,492.92,94.93,102.5,485.35,71.5,overstock
689,2023,9,485.35,0.0,0.0,432.5,71.5,overstock
689,2023,10,432.5,137.63,141.5,428.63,71.5,overstock
689,2023,11,428.63,76.38,77.0,428.01,71.5,overstock
689,2023,12,428.01,21.52,22.8,426.73,71.5,overstock
690,2021,1,353.84,140.99,135.45,359.38,84.15,normal
690,2021,2,359.38,0.0,0.0,324.08,84.15,normal
690,2021,3,324.08,0.0,0.0,300.01,84.15,normal
690,2021,4,300.01,0.0,0.0,264.47,84.15,normal
690,2021,5,264.47,0.0,0.0,228.42,84.15,normal
690,2021,6,228.42,0.0,0.0,206.25,84.15,normal
690,2021,7,206.25,0.0,0.0,194.38,84.15,normal
690,2021,8,194.38,29.7,0.0,202.68,84.15,normal
690,2021,9,202.68,0.0,0.0,182.89,84.15,normal
690,2021,10,182.89,20.96,0.0,179.12,84.15,normal
690,2021,11,179.12,0.0,0.0,158.09,84.15,normal
690,2021,12,158.09,0.0,0.0,140.74,84.15,normal
690,2022,1,140.74,0.0,0.0,127.68,84.15,normal
690,2022,2,127.68,17.52,26.1,119.1,84.15,normal
690,2022,3,119.1,482.04,426.93,174.21,84.15,normal
690,2022,4,174.21,0.0,0.0,149.42,84.15,normal
690,2022,5,149.42,34.79,0.0,169.92,84.15,normal
690,2022,6,169.92,0.0,0.0,147.23,84.15,normal
690,2022,7,147.23,0.0,0.0,138.93,84.15,normal
690,2022,8,138.93,15.65,0.0,141.95,84.15,normal
690,2022,9,141.95,0.0,0.0,131.96,84.15,normal
690,2022,10,131.96,0.0,0.0,116.3,84.15,normal
690,2022,11,116.3,0.0,0.0,103.5,84.15,normal
690,2022,12,103.5,0.0,0.0,93.5,84.15,normal
690,2023,1,93.5,0.0,0.0,83.04,84.15,understock
690,2023,2,83.04,0.0,0.0,75.34,84.15,understock
690,2023,3,75.34,0.0,0.0,68.08,84.15,understock
690,2023,4,68.08,36.88,0.0,99.32,84.15,normal
690,2023,5,99.32,33.26,0.0,127.58,84.15,normal
690,2023,6,127.58,0.0,0.0,119.85,84.15,normal
690,2023,7,119.85,48.17,0.0,151.05,84.15,normal
690,2023,8,151.05,288.41,273.19,166.27,84.15,normal
690,2023,9,166.27,0.0,0.0,149.75,84.15,normal
690,2023,10,149.75,0.0,0.0,138.23,84.15,normal
690,2023,11,138.23,58.84,132.8,64.27,84.15,understock
690,2023,12,64.27,0.0,0.0,57.86,84.15,understock
690,2024,1,57.86,0.0,0.0,52.69,84.15,understock
690,2024,2,52.69,0.0,0.0,47.27,84.15,understock
690,2024,3,47.27,369.84,542.99,0.0,84.15,stockout
690,2024,4,0.0,140.85,135.05,5.8,84.15,understock
690,2024,5,5.8,594.68,546.29,54.19,84.15,understock
691,2021,1,538.26,361.59,482.5,417.35,131.17,normal
691,2021,2,417.35,569.66,622.38,364.63,131.17,normal
691,2021,3,364.63,949.25,1299.4,14.48,131.17,understock
691,2021,4,14.48,158.17,153.7,18.95,131.17,understock
691,2021,5,18.95,2331.69,2173.58,177.06,131.17,normal
691,2021,6,177.06,230.31,246.2,161.17,131.17,normal
691,2021,7,161.17,678.26,611.6,227.83,131.17,normal
691,2021,8,227.83,692.66,531.9,388.59,131.17,normal
691,2021,9,388.59,342.23,235.66,495.16,131.17,normal
691,2021,10,495.16,105.41,101.59,498.98,131.17,normal
691,2021,11,498.98,279.56,689.46,89.08,131.17,understock
691,2021,12,89.08,1602.1,1533.5,157.68,131.17,normal
691,2022,1,157.68,314.68,594.22,0.0,131.17,stockout
691,2022,2,0.0,0.0,0.0,0.0,131.17,stockout
691,2022,3,0.0,509.7,481.4,28.3,131.17,understock
691,2022,4,28.3,0.0,0.0,24.77,131.17,understock
691,2022,5,24.77,179.94,156.2,48.51,131.17,understock
691,2022,6,48.51,52.96,0.0,96.15,131.17,understock
691,2022,7,96.15,1536.83,1408.1,224.88,131.17,normal
691,2022,8,224.88,101.52,256.0,70.4,131.17,understock
691,2022,9,70.4,209.01,154.2,125.21,131.17,understock
691,2022,10,125.21,487.01,361.3,250.92,131.17,normal
691,2022,11,250.92,117.54,154.3,214.16,131.17,normal
691,2022,12,214.16,86.97,108.43,192.7,131.17,normal
691,2023,1,192.7,0.0,0.0,173.23,131.17,normal
691,2023,2,173.23,0.0,0.0,152.92,131.17,normal
691,2023,3,152.92,254.96,260.36,147.52,131.17,normal
691,2023,4,147.52,558.97,360.2,346.29,131.17,normal
691,2023,5,346.29,0.0,0.0,295.34,131.17,normal
691,2023,6,295.34,108.68,104.9,299.12,131.17,normal
691,2023,7,299.12,224.95,225.3,298.77,131.17,normal
691,2023,8,298.77,100.46,139.9,259.33,131.17,normal
691,2023,9,259.33,46.49,155.6,150.22,131.17,normal
691,2023,10,150.22,849.41,830.0,169.63,131.17,normal
691,2023,11,169.63,174.9,156.6,187.93,131.17,normal
691,2023,12,187.93,60.09,51.0,197.02,131.17,normal
691,2024,1,197.02,110.71,155.5,152.23,131.17,normal
691,2024,2,152.23,98.12,203.1,47.25,131.17,understock
691,2024,3,47.25,32.66,103.0,0.0,131.17,stockout
691,2024,4,0.0,171.75,208.8,0.0,131.17,stockout
691,2024,5,0.0,356.12,368.7,0.0,131.17,stockout
691,2024,6,0.0,168.98,105.3,63.68,131.17,understock
691,2024,7,63.68,81.25,157.3,0.0,131.17,stockout
692,2021,1,855.64,479.92,613.18,722.38,253.21,normal
692,2021,2,722.38,755.22,850.6,627.0,253.21,normal
692,2021,3,627.0,117.87,0.0,696.56,253.21,normal
692,2021,4,696.56,557.41,764.1,489.87,253.21,normal
692,2021,5,489.87,0.0,0.0,454.74,253.21,normal
692,2021,6,454.74,266.41,328.6,392.55,253.21,normal
692,2021,7,392.55,0.0,0.0,338.76,253.21,normal
692,2021,8,338.76,145.0,273.5,210.26,253.21,understock
692,2021,9,210.26,261.48,256.9,214.84,253.21,understock
692,2021,10,214.84,177.5,127.2,265.14,253.21,normal
692,2021,11,265.14,61.69,60.7,266.13,253.21,normal
692,2021,12,266.13,390.82,359.3,297.65,253.21,normal
692,2022,1,297.65,421.43,970.0,0.0,253.21,stockout
692,2022,2,0.0,901.08,797.2,103.88,253.21,understock
692,2022,3,103.88,2769.69,1980.1,893.47,253.21,normal
692,2022,4,893.47,284.78,394.1,784.15,253.21,normal
692,2022,5,784.15,409.48,389.8,803.83,253.21,normal
692,2022,6,803.83,1123.03,1190.2,736.66,253.21,normal
692,2022,7,736.66,230.33,317.7,649.29,253.21,normal
692,2022,8,649.29,642.44,633.8,657.93,253.21,normal
692,2022,9,657.93,1260.79,1200.8,717.92,253.21,normal
692,2022,10,717.92,863.32,598.2,983.04,253.21,normal
692,2022,11,983.04,147.7,343.1,787.64,253.21,normal
692,2022,12,787.64,301.6,271.7,817.54,253.21,normal
692,2023,1,817.54,509.04,470.3,856.28,253.21,normal
692,2023,2,856.28,642.95,616.6,882.63,253.21,normal
692,2023,3,882.63,918.17,1782.0,18.8,253.21,understock
692,2023,4,18.8,219.82,118.9,119.72,253.21,understock
692,2023,5,119.72,1619.68,1243.4,496.0,253.21,normal
692,2023,6,496.0,774.55,693.8,576.75,253.21,normal
692,2023,7,576.75,2565.49,2329.4,812.84,253.21,normal
692,2023,8,812.84,2900.22,1991.4,1721.66,253.21,overstock
692,2023,9,1721.66,209.48,429.3,1501.84,253.21,overstock
692,2023,10,1501.84,288.58,638.3,1152.12,253.21,overstock
692,2023,11,1152.12,1302.15,1167.4,1286.87,253.21,overstock
692,2023,12,1286.87,399.42,405.7,1280.59,253.21,overstock
692,2024,1,1280.59,956.17,974.2,1262.56,253.21,overstock
692,2024,2,1262.56,673.67,852.5,1083.73,253.21,normal
692,2024,3,1083.73,484.22,458.7,1109.25,253.21,overstock
692,2024,4,1109.25,566.66,640.4,1035.51,253.21,normal
692,2024,5,1035.51,232.38,229.8,1038.09,253.21,normal
692,2024,6,1038.09,634.86,406.0,1266.95,253.21,overstock
692,2024,7,1266.95,945.08,988.2,1223.83,253.21,overstock
694,2024,3,75.22,63.63,70.6,68.25,21.25,normal
695,2021,1,158.85,193.24,174.67,177.42,35.51,normal
696,2023,6,125.67,180.47,119.5,186.64,38.73,normal
696,2023,7,186.64,0.0,0.0,160.61,38.73,normal
696,2023,8,160.61,33.96,31.8,162.77,38.73,normal
696,2023,9,162.77,0.0,0.0,153.62,38.73,normal
696,2023,10,153.62,431.16,299.3,285.48,38.73,overstock
706,2021,1,597.12,1144.73,863.7,878.15,129.44,overstock
706,2021,2,878.15,957.9,858.81,977.24,129.44,overstock
706,2021,3,977.24,858.46,625.32,1210.38,129.44,overstock
706,2021,4,1210.38,459.58,646.71,1023.25,129.44,overstock
706,2021,5,1023.25,161.62,264.02,920.85,129.44,overstock
706,2021,6,920.85,324.33,613.38,631.8,129.44,normal
706,2021,7,631.8,566.49,1038.91,159.38,129.44,normal
706,2021,8,159.38,269.61,426.47,2.52,129.44,understock
706,2021,9,2.52,285.92,279.0,9.44,129.44,understock
706,2021,10,9.44,173.5,167.99,14.95,129.44,understock
706,2021,11,14.95,758.96,816.08,0.0,129.44,stockout
706,2021,12,0.0,769.92,748.55,21.37,129.44,understock
706,2022,1,21.37,580.34,525.4,76.31,129.44,understock
706,2022,2,76.31,1279.77,1194.84,161.24,129.44,normal
706,2022,3,161.24,534.43,958.07,0.0,129.44,stockout
706,2022,4,0.0,409.97,362.05,47.92,129.44,understock
706,2022,5,47.92,513.83,510.95,50.8,129.44,understock
706,2022,6,50.8,643.62,596.17,98.25,129.44,understock
706,2022,7,98.25,744.48,468.92,373.81,129.44,normal
706,2022,8,373.81,587.55,392.58,568.78,129.44,normal
706,2022,9,568.78,205.31,392.4,381.69,129.44,normal
706,2022,10,381.69,240.5,244.85,377.34,129.44,normal
706,2022,11,377.34,453.7,389.1,441.94,129.44,normal
706,2022,12,441.94,749.16,680.22,510.88,129.44,normal
706,2023,1,510.88,820.28,866.11,465.05,129.44,normal
706,2023,2,465.05,967.95,856.91,576.09,129.44,normal
706,2023,3,576.09,501.07,549.47,527.69,129.44,normal
706,2023,4,527.69,370.15,341.8,556.04,129.44,normal
706,2023,5,556.04,535.57,486.8,604.81,129.44,normal
706,2023,6,604.81,257.74,445.5,417.05,129.44,normal
706,2023,7,417.05,404.63,559.96,261.72,129.44,normal
706,2023,8,261.72,475.53,377.1,360.15,129.44,normal
706,2023,9,360.15,332.73,371.14,321.74,129.44,normal
706,2023,10,321.74,251.57,235.4,337.91,129.44,normal
706,2023,11,337.91,279.11,542.74,74.28,129.44,understock
706,2023,12,74.28,1435.24,930.77,578.75,129.44,normal
706,2024,1,578.75,196.49,382.93,392.31,129.44,normal
706,2024,2,392.31,1177.23,813.68,755.86,129.44,normal
706,2024,3,755.86,718.13,427.0,1046.99,129.44,overstock
706,2024,4,1046.99,515.86,477.41,1085.44,129.44,overstock
706,2024,5,1085.44,422.58,420.8,1087.22,129.44,overstock
706,2024,6,1087.22,1089.09,723.7,1452.61,129.44,overstock
706,2024,7,1452.61,386.19,394.2,1444.6,129.44,overstock
707,2021,1,48.31,41.08,68.48,20.91,12.06,normal
707,2021,2,20.91,9.25,16.94,13.22,12.06,normal
707,2021,3,13.22,21.12,17.0,17.34,12.06,normal
707,2021,4,17.34,42.01,32.1,27.25,12.06,normal
707,2021,5,27.25,10.54,0.0,35.65,12.06,normal
707,2021,6,35.65,0.0,0.0,31.48,12.06,normal
707,2021,7,31.48,3.67,17.05,18.1,12.06,normal
707,2021,8,18.1,43.75,49.38,12.47,12.06,normal
707,2021,9,12.47,71.23,50.72,32.98,12.06,normal
707,2021,10,32.98,65.31,116.2,0.0,12.06,stockout
707,2021,11,0.0,33.46,49.78,0.0,12.06,stockout
707,2021,12,0.0,38.1,68.64,0.0,12.06,stockout
707,2022,1,0.0,0.0,0.0,0.0,12.06,stockout
707,2022,2,0.0,78.43,48.77,29.66,12.06,normal
707,2022,3,29.66,74.25,83.16,20.75,12.06,normal
707,2022,4,20.75,0.0,0.0,18.07,12.06,normal
707,2022,5,18.07,82.12,50.05,50.14,12.06,normal
707,2022,6,50.14,21.53,50.08,21.59,12.06,normal
707,2022,7,21.59,97.29,66.69,52.19,12.06,normal
707,2022,8,52.19,72.46,50.5,74.15,12.06,normal
707,2022,9,74.15,106.37,99.26,81.26,12.06,normal
707,2022,10,81.26,11.25,0.0,83.79,12.06,normal
707,2022,11,83.79,137.6,123.87,97.52,12.06,overstock
707,2022,12,97.52,0.0,0.0,92.01,12.06,overstock
707,2023,1,92.01,54.14,49.74,96.41,12.06,overstock
707,2023,2,96.41,99.44,99.48,96.37,12.06,overstock
707,2023,3,96.37,48.96,33.78,111.55,12.06,overstock
707,2023,4,111.55,77.76,49.18,140.13,12.06,overstock
707,2023,5,140.13,146.44,133.26,153.31,12.06,overstock
707,2023,6,153.31,16.06,16.3,153.07,12.06,overstock
707,2023,7,153.07,37.32,37.73,152.66,12.06,overstock
707,2023,8,152.66,163.14,98.96,216.84,12.06,overstock
707,2023,9,216.84,79.89,51.37,245.36,12.06,overstock
707,2023,10,245.36,101.05,67.34,279.07,12.06,overstock
707,2023,11,279.07,0.0,0.0,245.34,12.06,overstock
707,2023,12,245.34,77.36,68.5,254.2,12.06,overstock
707,2024,1,254.2,156.91,139.7,271.41,12.06,overstock
707,2024,2,271.41,50.13,49.8,271.74,12.06,overstock
707,2024,3,271.74,0.0,0.0,248.13,12.06,overstock
707,2024,4,248.13,16.92,17.2,247.85,12.06,overstock
707,2024,5,247.85,8.63,7.2,249.28,12.06,overstock
707,2024,6,249.28,3.77,3.5,249.55,12.06,overstock
707,2024,7,249.55,102.54,66.0,286.09,12.06,overstock
708,2021,1,452.79,397.92,291.13,559.58,125.69,normal
708,2021,2,559.58,324.56,541.78,342.36,125.69,normal
708,2021,3,342.36,280.53,553.69,69.2,125.69,understock
708,2021,4,69.2,277.12,243.2,103.12,125.69,understock
708,2021,5,103.12,71.17,64.62,109.67,125.69,understock
708,2021,6,109.67,766.65,457.04,419.28,125.69,normal
708,2021,7,419.28,290.5,314.28,395.5,125.69,normal
708,2021,8,395.5,242.38,199.04,438.84,125.69,normal
708,2021,9,438.84,407.59,438.22,408.21,125.69,normal
708,2021,10,408.21,302.07,432.4,277.88,125.69,normal
708,2021,11,277.88,578.96,392.77,464.07,125.69,normal
708,2021,12,464.07,370.13,308.3,525.9,125.69,normal
708,2022,1,525.9,392.82,402.38,516.34,125.69,normal
708,2022,2,516.34,785.39,846.38,455.35,125.69,normal
708,2022,3,455.35,3934.41,3609.04,780.72,125.69,overstock
708,2022,4,780.72,405.48,711.36,474.84,125.69,normal
708,2022,5,474.84,1374.11,962.9,886.05,125.69,overstock
708,2022,6,886.05,177.04,163.93,899.16,125.69,overstock
708,2022,7,899.16,373.08,352.5,919.74,125.69,overstock
708,2022,8,919.74,81.99,114.4,887.33,125.69,overstock
708,2022,9,887.33,315.65,334.07,868.91,125.69,overstock
708,2022,10,868.91,161.81,147.87,882.85,125.69,overstock
708,2022,11,882.85,208.3,306.7,784.45,125.69,overstock
708,2022,12,784.45,132.83,246.6,670.68,125.69,normal
708,2023,1,670.68,915.02,789.37,796.33,125.69,overstock
708,2023,2,796.33,460.09,472.29,784.13,125.69,overstock
708,2023,3,784.13,230.02,322.59,691.56,125.69,overstock
708,2023,4,691.56,374.44,340.55,725.45,125.69,overstock
708,2023,5,725.45,526.13,324.97,926.61,125.69,overstock
708,2023,6,926.61,273.73,193.0,1007.34,125.69,overstock
708,2023,7,1007.34,227.37,186.1,1048.61,125.69,overstock
708,2023,8,1048.61,422.17,416.12,1054.66,125.69,overstock
708,2023,9,1054.66,756.57,680.64,1130.59,125.69,overstock
708,2023,10,1130.59,90.08,79.87,1140.8,125.69,overstock
708,2023,11,1140.8,99.87,207.4,1033.27,125.69,overstock
708,2023,12,1033.27,292.59,303.8,1022.06,125.69,overstock
708,2024,1,1022.06,571.38,604.3,989.14,125.69,overstock
708,2024,2,989.14,84.04,173.4,899.78,125.69,overstock
708,2024,3,899.78,308.42,299.24,908.96,125.69,overstock
708,2024,4,908.96,0.0,0.0,806.7,125.69,overstock
708,2024,5,806.7,161.32,350.1,617.92,125.69,normal
708,2024,6,617.92,854.61,842.5,630.03,125.69,normal
708,2024,7,630.03,128.79,167.1,591.72,125.69,normal
709,2021,6,272.04,10.96,11.65,271.35,44.19,normal
709,2021,7,271.35,58.14,52.1,277.39,44.19,normal
709,2021,8,277.39,16.88,0.0,278.96,44.19,normal
709,2021,9,278.96,0.0,0.0,242.51,44.19,normal
709,2021,10,242.51,0.0,0.0,215.68,44.19,normal
709,2021,11,215.68,0.0,0.0,197.48,44.19,normal
709,2021,12,197.48,0.0,0.0,185.87,44.19,normal
709,2022,1,185.87,0.0,0.0,167.59,44.19,normal
709,2022,2,167.59,97.61,63.03,202.17,44.19,normal
709,2022,3,202.17,85.01,187.16,100.02,44.19,normal
709,2022,4,100.02,325.54,243.35,182.21,44.19,normal
709,2022,5,182.21,82.77,118.3,146.68,44.19,normal
709,2022,6,146.68,269.52,308.3,107.9,44.19,normal
709,2022,7,107.9,0.0,0.0,97.23,44.19,normal
709,2022,8,97.23,196.78,187.9,106.11,44.19,normal
709,2022,9,106.11,393.25,371.2,128.16,44.19,normal
709,2022,10,128.16,0.0,0.0,118.54,44.19,normal
709,2022,11,118.54,128.27,117.5,129.31,44.19,normal
709,2022,12,129.31,181.67,122.3,188.68,44.19,normal
709,2023,1,188.68,398.71,343.86,243.53,44.19,normal
709,2023,2,243.53,94.28,58.8,279.01,44.19,normal
709,2023,3,279.01,305.78,284.55,300.24,44.19,normal
709,2023,4,300.24,314.64,233.1,381.78,44.19,overstock
709,2023,5,381.78,201.41,188.2,394.99,44.19,overstock
709,2023,6,394.99,260.1,261.2,393.89,44.19,overstock
709,2023,7,393.89,301.57,312.16,383.3,44.19,overstock
709,2023,8,383.3,362.68,336.77,409.21,44.19,overstock
709,2023,9,409.21,358.83,273.25,494.79,44.19,overstock
709,2023,10,494.79,75.63,120.16,450.26,44.19,overstock
709,2023,11,450.26,275.98,248.5,477.74,44.19,overstock
709,2023,12,477.74,404.4,360.3,521.84,44.19,overstock
709,2024,1,521.84,276.42,302.1,496.16,44.19,overstock
709,2024,2,496.16,131.63,134.5,493.29,44.19,overstock
709,2024,3,493.29,111.3,183.0,421.59,44.19,overstock
709,2024,4,421.59,150.85,307.9,264.54,44.19,normal
709,2024,5,264.54,20.35,59.1,225.79,44.19,normal
709,2024,6,225.79,65.87,61.9,229.76,44.19,normal
709,2024,7,229.76,305.78,475.3,60.24,44.19,normal
710,2021,10,56.36,138.64,100.95,94.05,13.35,overstock
710,2021,11,94.05,0.0,0.0,81.02,13.35,overstock
710,2021,12,81.02,50.16,51.48,79.7,13.35,overstock
710,2022,1,79.7,0.0,0.0,71.61,13.35,normal
710,2022,2,71.61,59.36,50.6,80.37,13.35,overstock
710,2022,3,80.37,3.73,0.0,76.83,13.35,overstock
710,2022,4,76.83,58.52,51.4,83.95,13.35,overstock
710,2022,5,83.95,0.0,0.0,72.61,13.35,normal
710,2022,6,72.61,0.0,0.0,61.98,13.35,normal
710,2022,7,61.98,41.62,76.76,26.84,13.35,normal
710,2022,8,26.84,0.0,0.0,24.52,13.35,normal
710,2022,9,24.52,0.0,0.0,21.07,13.35,normal
710,2022,10,21.07,23.13,43.6,0.6,13.35,understock
710,2022,11,0.6,4.57,0.0,5.08,13.35,understock
710,2022,12,5.08,0.0,0.0,4.59,13.35,understock
710,2023,1,4.59,31.36,25.9,10.05,13.35,understock
710,2023,2,10.05,12.09,11.95,10.19,13.35,understock
710,2023,3,10.19,0.0,0.0,8.71,13.35,understock
710,2023,4,8.71,0.0,0.0,7.45,13.35,understock
710,2023,5,7.45,0.0,0.0,6.57,13.35,understock
710,2023,6,6.57,0.0,0.0,5.85,13.35,understock
710,2023,7,5.85,5.28,0.0,10.27,13.35,understock
710,2023,8,10.27,0.0,0.0,8.87,13.35,understock
710,2023,9,8.87,4.87,0.0,12.99,13.35,understock
710,2023,10,12.99,23.82,24.92,11.89,13.35,understock
711,2022,4,83.68,524.18,489.1,118.76,18.47,normal
711,2022,5,118.76,73.26,122.3,69.72,18.47,normal
711,2022,6,69.72,39.34,59.58,49.48,18.47,normal
711,2022,7,49.48,22.52,23.8,48.2,18.47,normal
711,2022,8,48.2,12.59,23.72,37.07,18.47,normal
711,2022,9,37.07,0.0,0.0,34.07,18.47,normal
711,2022,10,34.07,0.0,0.0,29.48,18.47,normal
711,2022,11,29.48,0.0,0.0,26.65,18.47,normal
711,2022,12,26.65,0.0,0.0,24.31,18.47,normal
711,2023,1,24.31,9.71,0.0,31.36,18.47,normal
711,2023,2,31.36,0.0,0.0,27.13,18.47,normal
711,2023,3,27.13,22.85,23.7,26.28,18.47,normal
711,2023,4,26.28,8.01,0.0,31.92,18.47,normal
711,2023,5,31.92,60.49,60.89,31.52,18.47,normal
711,2023,6,31.52,55.79,59.25,28.06,18.47,normal
711,2023,7,28.06,18.25,11.85,34.46,18.47,normal
711,2023,8,34.46,0.0,0.0,29.47,18.47,normal
711,2023,9,29.47,0.0,0.0,25.1,18.47,normal
711,2023,10,25.1,0.0,0.0,22.9,18.47,normal
711,2023,11,22.9,0.0,0.0,20.24,18.47,normal
711,2023,12,20.24,0.0,0.0,17.96,18.47,understock
711,2024,1,17.96,74.18,50.28,41.86,18.47,normal
711,2024,2,41.86,0.0,0.0,35.66,18.47,normal
711,2024,3,35.66,67.62,122.3,0.0,18.47,stockout
711,2024,4,0.0,0.0,2.5,0.0,18.47,stockout
711,2024,5,0.0,100.38,96.66,3.72,18.47,understock
712,2024,4,35.1,7.88,8.0,34.98,6.42,normal
712,2024,5,34.98,75.82,51.9,58.9,6.42,overstock
720,2021,1,374.45,227.34,212.28,389.51,142.23,normal
720,2021,2,389.51,1864.37,1235.88,1018.0,142.23,overstock
720,2021,3,1018.0,704.14,490.02,1232.12,142.23,overstock
720,2021,4,1232.12,280.8,288.78,1224.14,142.23,overstock
720,2021,5,1224.14,61.55,79.0,1206.69,142.23,overstock
720,2021,6,1206.69,522.25,344.8,1384.14,142.23,overstock
720,2021,7,1384.14,415.72,581.89,1217.97,142.23,overstock
720,2021,8,1217.97,332.44,333.67,1216.74,142.23,overstock
720,2021,9,1216.74,277.93,174.09,1320.58,142.23,overstock
720,2021,10,1320.58,102.81,120.8,1302.59,142.23,overstock
720,2021,11,1302.59,466.49,643.82,1125.26,142.23,overstock
720,2021,12,1125.26,455.53,478.82,1101.97,142.23,overstock
720,2022,1,1101.97,426.89,406.82,1122.04,142.23,overstock
720,2022,2,1122.04,1618.73,999.03,1741.74,142.23,overstock
720,2022,3,1741.74,200.64,472.82,1469.56,142.23,overstock
720,2022,4,1469.56,1319.52,775.49,2013.59,142.23,overstock
720,2022,5,2013.59,946.1,929.81,2029.88,142.23,overstock
720,2022,6,2029.88,801.91,604.72,2227.07,142.23,overstock
720,2022,7,2227.07,365.53,344.66,2247.94,142.23,overstock
720,2022,8,2247.94,212.41,189.4,2270.95,142.23,overstock
720,2022,9,2270.95,703.69,646.67,2327.97,142.23,overstock
720,2022,10,2327.97,106.14,139.7,2294.41,142.23,overstock
720,2022,11,2294.41,473.89,319.8,2448.5,142.23,overstock
720,2022,12,2448.5,596.94,513.82,2531.62,142.23,overstock
720,2023,1,2531.62,641.0,677.2,2495.42,142.23,overstock
720,2023,2,2495.42,210.34,133.68,2572.08,142.23,overstock
720,2023,3,2572.08,323.13,269.14,2626.07,142.23,overstock
720,2023,4,2626.07,249.12,273.3,2601.89,142.23,overstock
720,2023,5,2601.89,242.17,247.9,2596.16,142.23,overstock
720,2023,6,2596.16,268.35,284.4,2580.11,142.23,overstock
720,2023,7,2580.11,455.32,344.2,2691.23,142.23,overstock
720,2023,8,2691.23,138.6,246.5,2583.33,142.23,overstock
720,2023,9,2583.33,1106.19,782.15,2907.37,142.23,overstock
720,2023,10,2907.37,201.09,119.15,2989.31,142.23,overstock
720,2023,11,2989.31,239.54,254.3,2974.55,142.23,overstock
720,2023,12,2974.55,15.88,52.8,2937.63,142.23,overstock
720,2024,1,2937.63,699.98,631.6,3006.01,142.23,overstock
720,2024,2,3006.01,507.46,522.6,2990.87,142.23,overstock
720,2024,3,2990.87,508.47,485.4,3013.94,142.23,overstock
720,2024,4,3013.94,302.06,288.4,3027.6,142.23,overstock
720,2024,5,3027.6,582.05,372.7,3236.95,142.23,overstock
720,2024,6,3236.95,363.65,337.8,3262.8,142.23,overstock
720,2024,7,3262.8,135.99,147.0,3251.79,142.23,overstock
1101,2024,5,1109.16,1109.06,1025.4,1192.82,306.56,normal
1102,2023,3,458.53,691.78,476.4,673.91,96.25,normal
1103,2023,3,500.66,606.15,476.5,630.31,149.74,normal
1104,2023,3,437.94,719.27,487.6,669.61,164.97,normal
1105,2023,3,598.67,470.61,475.5,593.78,107.65,normal
1106,2023,10,99.31,147.25,144.45,102.11,37.51,normal
1106,2023,11,102.11,0.0,0.0,89.74,37.51,normal
1106,2023,12,89.74,0.0,0.0,76.86,37.51,normal
1106,2024,1,76.86,57.28,89.74,44.4,37.51,normal
1106,2024,2,44.4,0.0,0.0,41.68,37.51,normal
1106,2024,3,41.68,0.0,0.0,35.46,37.51,understock
1106,2024,4,35.46,0.0,0.0,33.63,37.51,understock
1106,2024,5,33.63,125.18,115.1,43.71,37.51,normal
1108,2023,7,126.72,223.45,139.0,211.17,39.44,overstock
1109,2021,7,0.96,1.64,1.0,1.6,0.24,overstock
1110,2024,4,1.88,1.2,2.0,1.08,0.41,normal
1111,2021,7,1.16,0.9,1.0,1.06,0.3,normal
1112,2021,9,58.27,83.45,52.52,89.2,10.99,overstock
1112,2021,10,89.2,0.0,0.0,78.8,10.99,overstock
1112,2021,11,78.8,0.0,0.0,72.72,10.99,normal
1112,2021,12,72.72,0.0,0.0,67.75,10.99,normal
1112,2022,1,67.75,0.0,0.0,62.41,10.99,normal
1112,2022,2,62.41,170.36,100.0,132.77,10.99,overstock
1112,2022,3,132.77,0.0,0.0,113.24,10.99,overstock
1112,2022,4,113.24,0.0,0.0,96.88,10.99,overstock
1112,2022,5,96.88,0.0,0.0,88.8,10.99,overstock
1112,2022,6,88.8,0.0,0.0,83.03,10.99,overstock
1112,2022,7,83.03,0.0,0.0,74.66,10.99,normal
1112,2022,8,74.66,0.0,0.0,68.41,10.99,normal
1112,2022,9,68.41,0.0,0.0,61.69,10.99,normal
1112,2022,10,61.69,0.0,0.0,55.49,10.99,normal
1112,2022,11,55.49,0.0,0.0,48.88,10.99,normal
1112,2022,12,48.88,0.0,0.0,41.99,10.99,normal
1112,2023,1,41.99,0.0,0.0,38.33,10.99,normal
1112,2023,2,38.33,9.62,0.0,44.94,10.99,normal
1112,2023,3,44.94,0.0,0.0,38.56,10.99,normal
1112,2023,4,38.56,0.0,0.0,36.09,10.99,normal
1112,2023,5,36.09,0.0,0.0,30.99,10.99,normal
1112,2023,6,30.99,9.04,0.0,36.78,10.99,normal
1112,2023,7,36.78,0.0,0.0,33.13,10.99,normal
1112,2023,8,33.13,0.0,0.0,31.36,10.99,normal
1112,2023,9,31.36,0.0,0.0,29.69,10.99,normal
1112,2023,10,29.69,0.0,0.0,27.76,10.99,normal
1112,2023,11,27.76,0.0,0.0,25.5,10.99,normal
1112,2023,12,25.5,0.0,0.0,23.13,10.99,normal
1112,2024,1,23.13,0.0,0.0,20.86,10.99,normal
1112,2024,2,20.86,0.0,0.0,19.66,10.99,normal
1112,2024,3,19.66,0.0,0.0,17.59,10.99,normal
1112,2024,4,17.59,0.0,0.0,16.58,10.99,normal
1112,2024,5,16.58,5.19,3.5,18.27,10.99,normal
1113,2021,1,178.51,560.39,424.24,314.66,52.9,overstock
1113,2021,2,314.66,0.0,0.0,277.37,52.9,overstock
1113,2021,3,277.37,34.21,0.0,288.25,52.9,overstock
1113,2021,4,288.25,0.0,0.0,258.73,52.9,normal
1113,2021,5,258.73,225.64,207.54,276.83,52.9,overstock
1113,2021,6,276.83,0.0,0.0,252.02,52.9,normal
1113,2021,7,252.02,0.0,0.0,232.92,52.9,normal
1113,2021,8,232.92,0.0,0.0,214.08,52.9,normal
1113,2021,9,214.08,0.0,0.0,198.72,52.9,normal
1113,2021,10,198.72,149.57,154.45,193.84,52.9,normal
1113,2021,11,193.84,0.0,0.0,169.35,52.9,normal
1113,2021,12,169.35,0.0,0.0,148.91,52.9,normal
1113,2022,1,148.91,0.0,0.0,126.78,52.9,normal
1113,2022,2,126.78,0.0,0.0,109.42,52.9,normal
1113,2022,3,109.42,0.0,0.0,99.72,52.9,normal
1113,2022,4,99.72,0.0,0.0,85.19,52.9,normal
1113,2022,5,85.19,23.34,0.0,102.41,52.9,normal
1113,2022,6,102.41,0.0,0.0,92.51,52.9,normal
1113,2022,7,92.51,0.0,0.0,82.79,52.9,normal
1113,2022,8,82.79,0.0,0.0,74.08,52.9,normal
1113,2022,9,74.08,0.0,0.0,68.01,52.9,normal
1113,2022,10,68.01,0.0,0.0,61.41,52.9,normal
1113,2022,11,61.41,0.0,0.0,56.01,52.9,normal
1113,2022,12,56.01,0.0,0.0,49.96,52.9,understock
1113,2023,1,49.96,0.0,0.0,45.7,52.9,understock
1113,2023,2,45.7,0.0,0.0,40.62,52.9,understock
1113,2023,3,40.62,15.71,0.0,54.13,52.9,normal
1113,2023,4,54.13,15.45,0.0,66.77,52.9,normal
1113,2023,5,66.77,0.0,0.0,59.06,52.9,normal
1113,2023,6,59.06,20.63,0.0,71.34,52.9,normal
1113,2023,7,71.34,0.0,0.0,65.59,52.9,normal
1113,2023,8,65.59,0.0,0.0,60.15,52.9,normal
1113,2023,9,60.15,35.56,0.0,87.47,52.9,normal
1113,2023,10,87.47,0.0,0.0,77.27,52.9,normal
1113,2023,11,77.27,0.0,0.0,71.9,52.9,normal
1113,2023,12,71.9,0.0,0.0,64.93,52.9,normal
1113,2024,1,64.93,0.0,0.0,61.62,52.9,normal
1113,2024,2,61.62,0.0,0.0,58.18,52.9,normal
1113,2024,3,58.18,0.0,0.0,51.56,52.9,understock
1113,2024,4,51.56,35.88,103.0,0.0,52.9,stockout
1113,2024,5,0.0,5.41,3.76,1.65,52.9,understock
1117,2024,5,3.81,4.88,3.57,5.12,0.8,normal
1201,2021,8,243.1,206.63,208.0,241.73,86.1,normal
1201,2021,9,241.73,0.0,0.0,214.52,86.1,normal
1201,2021,10,214.52,0.0,0.0,198.77,86.1,normal
1201,2021,11,198.77,0.0,0.0,172.98,86.1,normal
1201,2021,12,172.98,0.0,0.0,149.69,86.1,normal
1201,2022,1,149.69,0.0,0.0,130.33,86.1,normal
1201,2022,2,130.33,0.0,0.0,114.19,86.1,normal
1201,2022,3,114.19,0.0,0.0,108.32,86.1,normal
1201,2022,4,108.32,0.0,0.0,95.89,86.1,normal
1201,2022,5,95.89,118.45,263.0,0.0,86.1,stockout
1201,2022,6,0.0,0.0,0.0,0.0,86.1,stockout
1201,2022,7,0.0,485.32,534.0,0.0,86.1,stockout
1201,2022,8,0.0,0.0,0.0,0.0,86.1,stockout
1201,2022,9,0.0,0.0,0.0,0.0,86.1,stockout
1201,2022,10,0.0,0.0,0.0,0.0,86.1,stockout
1201,2022,11,0.0,0.0,0.0,0.0,86.1,stockout
1201,2022,12,0.0,0.0,0.0,0.0,86.1,stockout
1201,2023,1,0.0,152.8,157.0,0.0,86.1,stockout
1206,2021,8,158.88,423.04,324.0,257.92,39.29,overstock
1206,2021,9,257.92,0.0,0.0,236.65,39.29,overstock
1206,2021,10,236.65,0.0,0.0,219.71,39.29,overstock
1206,2021,11,219.71,0.0,0.0,195.85,39.29,normal
1206,2021,12,195.85,0.0,0.0,174.8,39.29,normal
1206,2022,1,174.8,142.05,148.9,167.95,39.29,normal
1206,2022,2,167.95,237.29,149.0,256.24,39.29,overstock
1206,2022,3,256.24,0.0,0.0,235.56,39.29,overstock
1206,2022,4,235.56,0.0,0.0,204.0,39.29,normal
1206,2022,5,204.0,12.91,0.0,200.46,39.29,normal
1206,2022,6,200.46,0.0,0.0,180.25,39.29,normal
1206,2022,7,180.25,13.14,0.0,167.55,39.29,normal
1206,2022,8,167.55,0.0,0.0,153.13,39.29,normal
1206,2022,9,153.13,0.0,0.0,136.87,39.29,normal
1206,2022,10,136.87,0.0,0.0,127.42,39.29,normal
1206,2022,11,127.42,0.0,0.0,111.4,39.29,normal
1206,2022,12,111.4,0.0,0.0,104.86,39.29,normal
1206,2023,1,104.86,66.32,64.0,107.18,39.29,normal
1206,2023,2,107.18,98.07,64.0,141.25,39.29,normal
1206,2023,3,141.25,0.0,0.0,123.99,39.29,normal
1206,2023,4,123.99,0.0,0.0,117.44,39.29,normal
1206,2023,5,117.44,0.0,0.0,104.72,39.29,normal
1206,2023,6,104.72,0.0,0.0,91.0,39.29,normal
1206,2023,7,91.0,0.0,0.0,85.44,39.29,normal
1206,2023,8,85.44,0.0,0.0,72.76,39.29,normal
1206,2023,9,72.76,0.0,0.0,62.78,39.29,normal
1206,2023,10,62.78,0.0,0.0,54.93,39.29,normal
1206,2023,11,54.93,0.0,0.0,48.46,39.29,normal
1206,2023,12,48.46,89.88,79.0,59.34,39.29,normal
1212,2022,9,100.76,95.68,93.0,103.44,31.18,normal
1212,2022,10,103.44,0.0,0.0,90.0,31.18,normal
1212,2022,11,90.0,0.0,0.0,83.68,31.18,normal
1212,2022,12,83.68,0.0,0.0,79.41,31.18,normal
1212,2023,1,79.41,0.0,0.0,72.27,31.18,normal
1212,2023,2,72.27,0.0,0.0,65.84,31.18,normal
1212,2023,3,65.84,11.98,0.0,71.24,31.18,normal
1212,2023,4,71.24,0.0,0.0,60.97,31.18,normal
1212,2023,5,60.97,0.0,0.0,56.79,31.18,normal
1212,2023,6,56.79,0.0,0.0,49.47,31.18,normal
1212,2023,7,49.47,8.05,0.0,52.39,31.18,normal
1212,2023,8,52.39,0.0,0.0,49.29,31.18,normal
1212,2023,9,49.29,0.0,0.0,45.47,31.18,normal
1212,2023,10,45.47,0.0,0.0,38.74,31.18,normal
1212,2023,11,38.74,12.34,0.0,45.53,31.18,normal
1212,2023,12,45.53,0.0,0.0,41.46,31.18,normal
1212,2024,1,41.46,0.0,0.0,39.02,31.18,normal
1212,2024,2,39.02,0.0,0.0,33.27,31.18,normal
1212,2024,3,33.27,0.0,0.0,29.95,31.18,understock
1212,2024,4,29.95,0.0,0.0,26.55,31.18,understock
1212,2024,5,26.55,0.0,0.0,23.49,31.18,understock
1212,2024,6,23.49,15.41,0.0,36.33,31.18,normal
1212,2024,7,36.33,132.82,140.0,29.15,31.18,understock
1215,2022,7,1144.13,731.95,1029.55,846.53,238.98,normal
1215,2022,8,846.53,0.0,0.0,770.76,238.98,normal
1215,2022,9,770.76,87.65,0.0,746.13,238.98,normal
1215,2022,10,746.13,0.0,0.0,684.21,238.98,normal
1215,2022,11,684.21,0.0,0.0,594.79,238.98,normal
1215,2022,12,594.79,0.0,0.0,545.41,238.98,normal
1215,2023,1,545.41,0.0,0.0,494.48,238.98,normal
1215,2023,2,494.48,1008.06,990.0,512.54,238.98,normal
1215,2023,3,512.54,0.0,0.0,444.92,238.98,normal
1215,2023,4,444.92,0.0,0.0,418.17,238.98,normal
1215,2023,5,418.17,0.0,0.0,392.23,238.98,normal
1215,2023,6,392.23,190.23,0.0,530.71,238.98,normal
1215,2023,7,530.71,0.0,0.0,457.74,238.98,normal
1215,2023,8,457.74,0.0,0.0,406.9,238.98,normal
1215,2023,9,406.9,0.0,0.0,355.86,238.98,normal
1215,2023,10,355.86,0.0,0.0,332.12,238.98,normal
1215,2023,11,332.12,0.0,0.0,304.06,238.98,normal
1215,2023,12,304.06,939.28,950.0,293.34,238.98,normal
1216,2024,5,45.71,71.14,42.9,73.95,13.07,overstock
1220,2024,7,263.1,205.58,210.0,258.68,58.13,normal
1227,2022,5,64.38,21.25,57.0,28.63,15.68,normal
1229,2021,1,94.9,99.95,89.0,105.85,18.52,normal
1231,2021,1,101.91,158.23,91.0,169.14,22.33,overstock
1233,2021,10,264.29,257.46,245.0,276.75,79.81,normal
1234,2021,1,317.72,1008.73,905.5,420.95,98.33,normal
1234,2021,2,420.95,0.0,0.0,385.97,98.33,normal
1234,2021,3,385.97,0.0,0.0,355.47,98.33,normal
1234,2021,4,355.47,0.0,0.0,325.72,98.33,normal
1234,2021,5,325.72,0.0,0.0,284.24,98.33,normal
1234,2021,6,284.24,173.69,322.0,135.93,98.33,normal
1234,2021,7,135.93,19.55,0.0,141.12,98.33,normal
1234,2021,8,141.12,176.75,370.8,0.0,98.33,stockout
1234,2021,9,0.0,74.31,123.0,0.0,98.33,stockout
1234,2021,10,0.0,0.0,0.0,0.0,98.33,stockout
1234,2021,11,0.0,0.0,0.0,0.0,98.33,stockout
1234,2021,12,0.0,40.54,0.0,40.54,98.33,understock
1234,2022,1,40.54,151.8,361.8,0.0,98.33,stockout
1234,2022,2,0.0,334.82,206.4,128.42,98.33,normal
1234,2022,3,128.42,0.0,0.0,121.81,98.33,normal
1234,2022,4,121.81,0.0,0.0,106.91,98.33,normal
1234,2022,5,106.91,0.0,0.0,93.75,98.33,understock
1234,2022,6,93.75,55.89,51.65,97.99,98.33,understock
1234,2022,7,97.99,340.23,294.0,144.22,98.33,normal
1234,2022,8,144.22,0.0,0.0,132.01,98.33,normal
1234,2022,9,132.01,0.0,0.0,121.12,98.33,normal
1234,2022,10,121.12,0.0,0.0,106.14,98.33,normal
1234,2022,11,106.14,32.99,0.0,133.62,98.33,normal
1234,2022,12,133.62,0.0,0.0,125.31,98.33,normal
1234,2023,1,125.31,0.0,0.0,109.14,98.33,normal
1234,2023,2,109.14,0.0,0.0,98.39,98.33,normal
1234,2023,3,98.39,0.0,0.0,91.89,98.33,understock
1234,2023,4,91.89,0.0,0.0,84.54,98.33,understock
1234,2023,5,84.54,0.0,0.0,75.59,98.33,understock
1234,2023,6,75.59,0.0,0.0,64.85,98.33,understock
1234,2023,7,64.85,0.0,0.0,58.47,98.33,understock
1234,2023,8,58.47,0.0,0.0,53.64,98.33,understock
1234,2023,9,53.64,0.0,0.0,48.04,98.33,understock
1234,2023,10,48.04,0.0,0.0,44.15,98.33,understock
1234,2023,11,44.15,0.0,0.0,39.84,98.33,understock
1234,2023,12,39.84,49.15,0.0,84.93,98.33,understock
1234,2024,1,84.93,0.0,0.0,78.13,98.33,understock
1234,2024,2,78.13,0.0,0.0,73.52,98.33,understock
1234,2024,3,73.52,318.24,215.0,176.76,98.33,normal
1237,2022,2,32.02,49.03,44.0,37.05,9.13,normal
1237,2022,3,37.05,0.0,0.0,32.43,9.13,normal
1237,2022,4,32.43,0.0,0.0,28.67,9.13,normal
1237,2022,5,28.67,5.84,11.0,23.51,9.13,normal
1238,2021,1,499.52,330.46,339.5,490.48,95.08,normal
1238,2021,2,490.48,23.82,0.0,457.96,95.08,normal
1238,2021,3,457.96,452.73,284.9,625.79,95.08,overstock
1238,2021,4,625.79,0.0,0.0,574.58,95.08,normal
1238,2021,5,574.58,0.0,0.0,544.65,95.08,normal
1238,2021,6,544.65,831.74,815.0,561.39,95.08,normal
1238,2021,7,561.39,693.37,445.75,809.01,95.08,overstock
1238,2021,8,809.01,876.98,804.59,881.4,95.08,overstock
1238,2021,9,881.4,16.87,39.25,859.02,95.08,overstock
1238,2021,10,859.02,0.0,0.0,752.66,95.08,overstock
1238,2021,11,752.66,0.0,0.0,695.33,95.08,overstock
1238,2021,12,695.33,265.98,196.35,764.96,95.08,overstock
1238,2022,1,764.96,866.09,776.0,855.05,95.08,overstock
1238,2022,2,855.05,931.96,835.3,951.71,95.08,overstock
1238,2022,3,951.71,0.0,0.0,840.72,95.08,overstock
1238,2022,4,840.72,208.28,232.0,817.0,95.08,overstock
1238,2022,5,817.0,0.0,0.0,762.19,95.08,overstock
1238,2022,6,762.19,154.24,163.0,753.43,95.08,overstock
1238,2022,7,753.43,1136.0,1221.51,667.92,95.08,overstock
1238,2022,8,667.92,0.0,0.0,632.42,95.08,overstock
1238,2022,9,632.42,0.0,0.0,588.24,95.08,normal
1238,2022,10,588.24,225.11,213.5,599.85,95.08,overstock
1238,2022,11,599.85,0.0,0.0,566.98,95.08,normal
1238,2022,12,566.98,126.48,251.5,441.96,95.08,normal
1238,2023,1,441.96,120.23,125.7,436.49,95.08,normal
1238,2023,2,436.49,47.59,0.0,426.57,95.08,normal
1238,2023,3,426.57,0.0,0.0,384.39,95.08,normal
1238,2023,4,384.39,299.51,212.5,471.4,95.08,normal
1238,2023,5,471.4,706.03,424.5,752.93,95.08,overstock
1238,2023,6,752.93,237.17,215.5,774.6,95.08,overstock
1238,2023,7,774.6,3.56,43.0,735.16,95.08,overstock
1238,2023,8,735.16,254.05,256.3,732.91,95.08,overstock
1238,2023,9,732.91,695.79,713.9,714.8,95.08,overstock
1238,2023,10,714.8,0.0,0.0,666.54,95.08,overstock
1238,2023,11,666.54,409.81,428.0,648.35,95.08,overstock
1238,2023,12,648.35,63.43,75.0,636.78,95.08,overstock
1238,2024,1,636.78,447.74,396.0,688.52,95.08,overstock
1238,2024,2,688.52,0.0,0.0,652.77,95.08,overstock
1238,2024,3,652.77,0.0,0.0,616.64,95.08,overstock
1238,2024,4,616.64,0.0,0.0,548.22,95.08,normal
1238,2024,5,548.22,0.0,0.0,497.24,95.08,normal
1238,2024,6,497.24,0.0,0.0,467.87,95.08,normal
1238,2024,7,467.87,673.71,432.6,708.98,95.08,overstock
1240,2021,1,308.94,688.17,1121.4,0.0,84.03,stockout
1240,2021,2,0.0,0.0,0.0,0.0,84.03,stockout
1240,2021,3,0.0,0.0,0.0,0.0,84.03,stockout
1240,2021,4,0.0,0.0,0.0,0.0,84.03,stockout
1240,2021,5,0.0,0.0,0.0,0.0,84.03,stockout
1240,2021,6,0.0,0.0,0.0,0.0,84.03,stockout
1240,2021,7,0.0,0.0,0.0,0.0,84.03,stockout
1240,2021,8,0.0,0.0,0.0,0.0,84.03,stockout
1240,2021,9,0.0,0.0,0.0,0.0,84.03,stockout
1240,2021,10,0.0,67.09,0.0,67.09,84.03,understock
1240,2021,11,67.09,77.38,41.5,102.97,84.03,normal
1240,2021,12,102.97,0.0,0.0,96.92,84.03,normal
1240,2022,1,96.92,0.0,0.0,84.39,84.03,normal
1240,2022,2,84.39,0.0,0.0,77.17,84.03,understock
1240,2022,3,77.17,20.0,0.0,89.63,84.03,normal
1240,2022,4,89.63,30.22,0.0,107.78,84.03,normal
1240,2022,5,107.78,96.37,170.0,34.15,84.03,understock
1240,2022,6,34.15,0.0,0.0,29.61,84.03,understock
1240,2022,7,29.61,137.32,84.0,82.93,84.03,understock
1240,2022,8,82.93,34.62,0.0,112.85,84.03,normal
1240,2022,9,112.85,28.17,0.0,125.44,84.03,normal
1240,2022,10,125.44,0.0,0.0,107.0,84.03,normal
1240,2022,11,107.0,0.0,0.0,99.11,84.03,normal
1240,2022,12,99.11,0.0,0.0,91.98,84.03,normal
1240,2023,1,91.98,0.0,0.0,79.59,84.03,understock
1240,2023,2,79.59,73.41,0.0,143.28,84.03,normal
1240,2023,3,143.28,57.53,0.0,184.38,84.03,normal
1240,2023,4,184.38,0.0,0.0,161.18,84.03,normal
1240,2023,5,161.18,639.17,615.0,185.35,84.03,normal
1240,2023,6,185.35,553.88,491.5,247.73,84.03,normal
1240,2023,7,247.73,0.0,0.0,231.37,84.03,normal
1240,2023,8,231.37,91.67,204.8,118.24,84.03,normal
1240,2023,9,118.24,0.0,0.0,101.19,84.03,normal
1240,2023,10,101.19,0.0,0.0,93.98,84.03,normal
1240,2023,11,93.98,0.0,0.0,84.8,84.03,normal
1240,2023,12,84.8,0.0,0.0,74.89,84.03,understock
1240,2024,1,74.89,0.0,0.0,68.51,84.03,understock
1240,2024,2,68.51,0.0,0.0,64.53,84.03,understock
1240,2024,3,64.53,0.0,0.0,56.3,84.03,understock
1240,2024,4,56.3,59.51,0.0,108.38,84.03,normal
1240,2024,5,108.38,0.0,0.0,102.82,84.03,normal
1240,2024,6,102.82,307.82,327.7,82.94,84.03,understock
1242,2022,6,457.53,400.46,390.95,467.04,132.71,normal
1243,2022,6,1412.87,1265.26,1099.05,1579.08,252.69,normal
1244,2022,6,309.79,344.02,239.95,413.86,49.93,overstock
1304,2021,8,101.54,146.58,101.0,147.12,27.3,overstock
1304,2021,9,147.12,26.62,50.0,123.74,27.3,normal
1304,2021,10,123.74,0.0,0.0,116.97,27.3,normal
1304,2021,11,116.97,0.0,0.0,108.7,27.3,normal
1304,2021,12,108.7,0.0,0.0,97.9,27.3,normal
1304,2022,1,97.9,0.0,0.0,87.91,27.3,normal
1304,2022,2,87.91,0.0,0.0,80.6,27.3,normal
1304,2022,3,80.6,0.0,0.0,70.38,27.3,normal
1304,2022,4,70.38,0.0,0.0,63.3,27.3,normal
1304,2022,5,63.3,0.0,0.0,54.38,27.3,normal
1304,2022,6,54.38,0.0,0.0,51.41,27.3,normal
1304,2022,7,51.41,0.0,0.0,43.75,27.3,normal
1304,2022,8,43.75,0.0,0.0,37.32,27.3,normal
1304,2022,9,37.32,0.0,0.0,33.74,27.3,normal
1304,2022,10,33.74,0.0,0.0,29.83,27.3,normal
1304,2022,11,29.83,0.0,0.0,28.03,27.3,normal
1304,2022,12,28.03,8.1,0.0,33.62,27.3,normal
1304,2023,1,33.62,0.0,0.0,30.95,27.3,normal
1304,2023,2,30.95,0.0,0.0,28.5,27.3,normal
1304,2023,3,28.5,104.09,108.0,24.59,27.3,understock
1305,2022,3,94.46,92.09,82.0,104.55,22.02,normal
1305,2022,4,104.55,0.0,0.0,98.66,22.02,normal
1305,2022,5,98.66,0.0,0.0,84.3,22.02,normal
1305,2022,6,84.3,0.0,0.0,75.65,22.02,normal
1305,2022,7,75.65,0.0,0.0,67.36,22.02,normal
1305,2022,8,67.36,0.0,0.0,57.27,22.02,normal
1305,2022,9,57.27,0.0,0.0,52.09,22.02,normal
1305,2022,10,52.09,0.0,0.0,47.63,22.02,normal
1305,2022,11,47.63,0.0,0.0,41.88,22.02,normal
1305,2022,12,41.88,154.54,170.0,26.42,22.02,normal
1305,2023,1,26.42,0.0,0.0,24.62,22.02,normal
1305,2023,2,24.62,9.91,0.0,31.04,22.02,normal
1305,2023,3,31.04,0.0,0.0,26.55,22.02,normal
1305,2023,4,26.55,0.0,0.0,23.74,22.02,normal
1305,2023,5,23.74,0.0,0.0,21.27,22.02,understock
1305,2023,6,21.27,0.0,0.0,19.32,22.02,understock
1305,2023,7,19.32,0.0,0.0,18.12,22.02,understock
1305,2023,8,18.12,39.96,36.0,22.08,22.02,normal
1306,2021,8,92.33,112.47,101.0,103.8,28.97,normal
1306,2021,9,103.8,31.84,50.0,85.64,28.97,normal
1306,2021,10,85.64,0.0,0.0,73.76,28.97,normal
1306,2021,11,73.76,0.0,0.0,69.31,28.97,normal
1306,2021,12,69.31,8.38,0.0,73.2,28.97,normal
1306,2022,1,73.2,0.0,0.0,69.46,28.97,normal
1306,2022,2,69.46,0.0,0.0,63.68,28.97,normal
1306,2022,3,63.68,12.19,0.0,69.06,28.97,normal
1306,2022,4,69.06,12.02,0.0,70.73,28.97,normal
1306,2022,5,70.73,0.0,0.0,67.17,28.97,normal
1306,2022,6,67.17,0.0,0.0,61.44,28.97,normal
1306,2022,7,61.44,8.15,0.0,64.54,28.97,normal
1306,2022,8,64.54,0.0,0.0,57.05,28.97,normal
1306,2022,9,57.05,0.0,0.0,52.79,28.97,normal
1306,2022,10,52.79,0.0,0.0,48.52,28.97,normal
1306,2022,11,48.52,0.0,0.0,41.24,28.97,normal
1306,2022,12,41.24,0.0,0.0,35.16,28.97,normal
1306,2023,1,35.16,0.0,0.0,31.97,28.97,normal
1306,2023,2,31.97,0.0,0.0,28.81,28.97,understock
1306,2023,3,28.81,114.77,108.0,35.58,28.97,normal
1307,2021,2,119.04,53.49,51.0,121.53,30.67,normal
1307,2021,3,121.53,143.14,143.0,121.67,30.67,normal
1308,2022,3,119.81,91.2,82.0,129.01,29.89,normal
1308,2022,4,129.01,0.0,0.0,121.11,29.89,normal
1308,2022,5,121.11,0.0,0.0,107.67,29.89,normal
1308,2022,6,107.67,0.0,0.0,92.31,29.89,normal
1308,2022,7,92.31,0.0,0.0,78.55,29.89,normal
1308,2022,8,78.55,0.0,0.0,73.71,29.89,normal
1308,2022,9,73.71,0.0,0.0,68.68,29.89,normal
1308,2022,10,68.68,0.0,0.0,60.49,29.89,normal
1308,2022,11,60.49,0.0,0.0,56.87,29.89,normal
1308,2022,12,56.87,159.46,170.0,46.33,29.89,normal
1308,2023,1,46.33,0.0,0.0,43.32,29.89,normal
1308,2023,2,43.32,0.0,0.0,38.7,29.89,normal
1308,2023,3,38.7,0.0,0.0,34.34,29.89,normal
1308,2023,4,34.34,11.08,0.0,41.45,29.89,normal
1308,2023,5,41.45,0.0,0.0,35.8,29.89,normal
1308,2023,6,35.8,0.0,0.0,30.6,29.89,normal
1308,2023,7,30.6,18.97,0.0,45.42,29.89,normal
1308,2023,8,45.42,25.54,36.0,34.96,29.89,normal
1309,2023,3,61.28,133.15,148.0,46.43,15.75,normal
1309,2023,4,46.43,0.0,0.0,42.04,15.75,normal
1309,2023,5,42.04,0.0,0.0,37.19,15.75,normal
1309,2023,6,37.19,0.0,0.0,34.43,15.75,normal
1309,2023,7,34.43,0.0,0.0,29.97,15.75,normal
1309,2023,8,29.97,0.0,0.0,27.71,15.75,normal
1309,2023,9,27.71,0.0,0.0,26.17,15.75,normal
1309,2023,10,26.17,0.0,0.0,23.71,15.75,normal
1309,2023,11,23.71,0.0,0.0,20.33,15.75,normal
1309,2023,12,20.33,0.0,0.0,18.41,15.75,normal
1309,2024,1,18.41,0.0,0.0,16.01,15.75,normal
1309,2024,2,16.01,0.0,0.0,15.09,15.75,understock
1309,2024,3,15.09,0.0,0.0,13.9,15.75,understock
1309,2024,4,13.9,35.45,31.0,18.35,15.75,normal
1309,2024,5,18.35,45.03,45.0,18.38,15.75,normal
1310,2021,1,190.27,139.02,290.0,39.29,33.27,normal
1310,2021,2,39.29,0.0,0.0,36.97,33.27,normal
1310,2021,3,36.97,0.0,0.0,31.99,33.27,understock
1310,2021,4,31.99,28.69,0.0,56.61,33.27,normal
1310,2021,5,56.61,0.0,0.0,49.87,33.27,normal
1310,2021,6,49.87,31.57,0.0,76.2,33.27,normal
1310,2021,7,76.2,0.0,0.0,67.33,33.27,normal
1310,2021,8,67.33,0.0,0.0,58.19,33.27,normal
1310,2021,9,58.19,0.0,0.0,50.0,33.27,normal
1310,2021,10,50.0,0.0,0.0,46.64,33.27,normal
1310,2021,11,46.64,0.0,0.0,41.13,33.27,normal
1310,2021,12,41.13,0.0,0.0,35.02,33.27,normal
1310,2022,1,35.02,19.01,0.0,51.44,33.27,normal
1310,2022,2,51.44,0.0,0.0,44.72,33.27,normal
1310,2022,3,44.72,0.0,0.0,40.45,33.27,normal
1310,2022,4,40.45,0.0,0.0,34.72,33.27,normal
1310,2022,5,34.72,0.0,0.0,32.14,33.27,understock
1310,2022,6,32.14,0.0,0.0,27.42,33.27,understock
1310,2022,7,27.42,150.13,97.0,80.55,33.27,normal
1310,2022,8,80.55,0.0,0.0,68.85,33.27,normal
1310,2022,9,68.85,13.08,0.0,75.59,33.27,normal
1310,2022,10,75.59,0.0,0.0,67.25,33.27,normal
1310,2022,11,67.25,127.73,112.0,82.98,33.27,normal
1311,2023,3,74.37,156.69,148.0,83.06,25.18,normal
1311,2023,4,83.06,0.0,0.0,76.02,25.18,normal
1311,2023,5,76.02,0.0,0.0,68.74,25.18,normal
1311,2023,6,68.74,0.0,0.0,60.2,25.18,normal
1311,2023,7,60.2,0.0,0.0,54.93,25.18,normal
1311,2023,8,54.93,0.0,0.0,52.15,25.18,normal
1311,2023,9,52.15,0.0,0.0,45.4,25.18,normal
1311,2023,10,45.4,0.0,0.0,40.98,25.18,normal
1311,2023,11,40.98,0.0,0.0,35.21,25.18,normal
1311,2023,12,35.21,0.0,0.0,30.63,25.18,normal
1311,2024,1,30.63,0.0,0.0,26.94,25.18,normal
1311,2024,2,26.94,0.0,0.0,25.49,25.18,normal
1311,2024,3,25.49,0.0,0.0,22.77,25.18,understock
1311,2024,4,22.77,20.62,31.0,12.39,25.18,understock
1311,2024,5,12.39,62.24,45.0,29.63,25.18,normal
1312,2021,1,130.26,106.69,110.0,126.95,29.59,normal
1312,2021,2,126.95,87.11,84.0,130.06,29.59,normal
1312,2021,3,130.06,133.24,181.5,81.8,29.59,normal
1312,2021,4,81.8,45.89,31.5,96.19,29.59,normal
1312,2021,5,96.19,0.0,0.0,85.75,29.59,normal
1312,2021,6,85.75,0.0,0.0,76.01,29.59,normal
1312,2021,7,76.01,0.0,0.0,68.95,29.59,normal
1312,2021,8,68.95,0.0,0.0,64.51,29.59,normal
1312,2021,9,64.51,0.0,0.0,60.23,29.59,normal
1312,2021,10,60.23,0.0,0.0,56.76,29.59,normal
1312,2021,11,56.76,0.0,0.0,52.6,29.59,normal
1312,2021,12,52.6,152.9,135.2,70.3,29.59,normal
1313,2021,8,50.68,66.43,56.0,61.11,16.12,normal
1315,2021,4,775.72,209.67,230.0,755.39,210.94,normal
1315,2021,5,755.39,0.0,0.0,696.86,210.94,normal
1315,2021,6,696.86,0.0,0.0,602.47,210.94,normal
1315,2021,7,602.47,0.0,0.0,562.63,210.94,normal
1315,2021,8,562.63,0.0,0.0,486.09,210.94,normal
1315,2021,9,486.09,0.0,0.0,461.62,210.94,normal
1315,2021,10,461.62,0.0,0.0,423.47,210.94,normal
1315,2021,11,423.47,0.0,0.0,383.4,210.94,normal
1315,2021,12,383.4,0.0,0.0,351.28,210.94,normal
1315,2022,1,351.28,0.0,0.0,312.04,210.94,normal
1315,2022,2,312.04,0.0,0.0,286.28,210.94,normal
1315,2022,3,286.28,498.92,453.25,331.95,210.94,normal
1315,2022,4,331.95,794.3,775.25,351.0,210.94,normal
1315,2022,5,351.0,1803.48,1678.2,476.28,210.94,normal
1317,2023,6,2.75,1.49,2.5,1.74,0.82,normal
1320,2021,7,51.65,60.17,54.0,57.82,16.62,normal
1321,2021,1,110.61,236.89,232.0,115.5,23.78,normal
1321,2021,2,115.5,129.99,278.0,0.0,23.78,stockout
1321,2021,3,0.0,0.0,0.0,0.0,23.78,stockout
1321,2021,4,0.0,504.69,299.05,205.64,23.78,overstock
1321,2021,5,205.64,0.0,0.0,188.83,23.78,overstock
1321,2021,6,188.83,0.0,0.0,164.05,23.78,normal
1321,2021,7,164.05,819.77,628.0,355.82,23.78,overstock
1321,2021,8,355.82,115.48,101.0,370.3,23.78,overstock
1321,2021,9,370.3,0.0,0.0,337.05,23.78,overstock
1321,2021,10,337.05,43.25,37.0,343.3,23.78,overstock
1321,2021,11,343.3,7.62,12.0,338.92,23.78,overstock
1321,2021,12,338.92,81.46,84.0,336.38,23.78,overstock
1321,2022,1,336.38,38.17,38.4,336.15,23.78,overstock
1321,2022,2,336.15,0.0,0.0,291.44,23.78,overstock
1321,2022,3,291.44,31.36,20.0,302.8,23.78,overstock
1321,2022,4,302.8,0.0,0.0,273.87,23.78,overstock
1321,2022,5,273.87,0.0,0.0,240.55,23.78,overstock
1321,2022,6,240.55,0.0,0.0,224.55,23.78,overstock
1321,2022,7,224.55,0.0,0.0,204.52,23.78,overstock
1321,2022,8,204.52,0.0,0.0,182.59,23.78,overstock
1321,2022,9,182.59,14.05,18.0,178.64,23.78,overstock
1321,2022,10,178.64,0.0,0.0,167.46,23.78,normal
1321,2022,11,167.46,0.0,0.0,150.35,23.78,normal
1321,2022,12,150.35,0.0,0.0,128.77,23.78,normal
1321,2023,1,128.77,0.0,0.0,117.06,23.78,normal
1321,2023,2,117.06,0.0,0.0,104.93,23.78,normal
1321,2023,3,104.93,26.62,24.0,107.55,23.78,normal
1321,2023,4,107.55,0.0,0.0,101.66,23.78,normal
1321,2023,5,101.66,0.0,0.0,94.85,23.78,normal
1321,2023,6,94.85,0.0,0.0,85.57,23.78,normal
1321,2023,7,85.57,0.0,0.0,74.94,23.78,normal
1321,2023,8,74.94,0.0,0.0,68.41,23.78,normal
1321,2023,9,68.41,120.06,115.0,73.47,23.78,normal
1321,2023,10,73.47,0.0,0.0,64.71,23.78,normal
1321,2023,11,64.71,0.0,0.0,60.28,23.78,normal
1321,2023,12,60.28,30.34,29.0,61.62,23.78,normal
1321,2024,1,61.62,12.11,0.0,66.8,23.78,normal
1321,2024,2,66.8,7.03,12.0,61.83,23.78,normal
1321,2024,3,61.83,7.72,0.0,61.29,23.78,normal
1321,2024,4,61.29,2.54,18.0,45.83,23.78,normal
1321,2024,5,45.83,0.0,0.0,41.14,23.78,normal
1321,2024,6,41.14,9.25,12.0,38.39,23.78,normal
1321,2024,7,38.39,66.25,58.4,46.24,23.78,normal
1322,2021,3,637.48,681.38,637.45,681.41,118.96,normal
1322,2021,4,681.41,732.02,518.45,894.98,118.96,overstock
1322,2021,5,894.98,301.95,303.75,893.18,118.96,overstock
1322,2021,6,893.18,0.0,0.0,768.63,118.96,normal
1322,2021,7,768.63,865.34,826.0,807.97,118.96,normal
1323,2021,9,861.34,1467.36,918.0,1410.7,296.16,overstock
1324,2021,1,93.1,185.89,263.0,15.99,35.12,understock
1324,2021,2,15.99,229.2,248.0,0.0,35.12,stockout
1324,2021,3,0.0,0.0,0.0,0.0,35.12,stockout
1324,2021,4,0.0,18.17,0.0,18.17,35.12,understock
1324,2021,5,18.17,0.0,0.0,16.97,35.12,understock
1324,2021,6,16.97,17.14,0.0,32.33,35.12,understock
1324,2021,7,32.33,0.0,0.0,28.08,35.12,understock
1324,2021,8,28.08,222.78,239.0,11.86,35.12,understock
1324,2021,9,11.86,0.0,0.0,10.16,35.12,understock
1324,2021,10,10.16,0.0,0.0,9.07,35.12,understock
1324,2021,11,9.07,0.0,0.0,7.71,35.12,understock
1324,2021,12,7.71,0.0,0.0,7.01,35.12,understock
1324,2022,1,7.01,0.0,0.0,6.37,35.12,understock
1324,2022,2,6.37,0.0,0.0,5.74,35.12,understock
1324,2022,3,5.74,0.0,0.0,4.97,35.12,understock
1324,2022,4,4.97,0.0,0.0,4.36,35.12,understock
1324,2022,5,4.36,15.4,9.0,10.76,35.12,understock
1324,2022,6,10.76,19.49,0.0,29.18,35.12,understock
1324,2022,7,29.18,7.44,0.0,34.7,35.12,understock
1324,2022,8,34.7,0.0,0.0,30.5,35.12,understock
1324,2022,9,30.5,0.0,0.0,26.39,35.12,understock
1324,2022,10,26.39,0.0,0.0,22.98,35.12,understock
1324,2022,11,22.98,0.0,0.0,20.15,35.12,understock
1324,2022,12,20.15,3.59,3.5,20.24,35.12,understock
1324,2023,1,20.24,0.0,0.0,17.96,35.12,understock
1324,2023,2,17.96,14.05,0.0,29.34,35.12,understock
1324,2023,3,29.34,0.0,0.0,25.75,35.12,understock
1324,2023,4,25.75,0.0,0.0,22.78,35.12,understock
1324,2023,5,22.78,9.62,9.0,23.4,35.12,understock
1324,2023,6,23.4,0.0,0.0,21.77,35.12,understock
1324,2023,7,21.77,0.0,0.0,19.43,35.12,understock
1324,2023,8,19.43,0.0,0.0,17.26,35.12,understock
1324,2023,9,17.26,0.0,0.0,16.37,35.12,understock
1324,2023,10,16.37,0.0,0.0,14.2,35.12,understock
1324,2023,11,14.2,0.0,0.0,12.9,35.12,understock
1324,2023,12,12.9,0.0,0.0,10.99,35.12,understock
1324,2024,1,10.99,0.0,0.0,9.45,35.12,understock
1324,2024,2,9.45,0.0,0.0,8.11,35.12,understock
1324,2024,3,8.11,0.0,0.0,7.4,35.12,understock
1324,2024,4,7.4,0.0,0.0,6.69,35.12,understock
1324,2024,5,6.69,0.0,0.0,6.18,35.12,understock
1324,2024,6,6.18,7.87,0.0,13.47,35.12,understock
1324,2024,7,13.47,0.55,2.0,12.02,35.12,understock
1325,2021,2,24.41,12.29,8.4,28.3,7.49,normal
1325,2021,3,28.3,0.0,0.0,24.68,7.49,normal
1325,2021,4,24.68,0.0,0.0,21.58,7.49,normal
1325,2021,5,21.58,0.0,0.0,19.5,7.49,normal
1325,2021,6,19.5,0.0,0.0,18.34,7.49,normal
1325,2021,7,18.34,0.0,0.0,16.43,7.49,normal
1325,2021,8,16.43,5.3,0.0,20.1,7.49,normal
1325,2021,9,20.1,0.0,0.0,17.37,7.49,normal
1325,2021,10,17.37,0.0,0.0,16.39,7.49,normal
1325,2021,11,16.39,0.0,0.0,14.14,7.49,normal
1325,2021,12,14.14,0.0,0.0,12.79,7.49,normal
1325,2022,1,12.79,0.0,0.0,11.93,7.49,normal
1325,2022,2,11.93,0.0,0.0,11.08,7.49,normal
1325,2022,3,11.08,0.0,0.0,9.79,7.49,normal
1325,2022,4,9.79,0.0,0.0,8.38,7.49,normal
1325,2022,5,8.38,1.43,0.0,8.97,7.49,normal
1325,2022,6,8.97,0.0,0.0,8.37,7.49,normal
1325,2022,7,8.37,0.0,0.0,7.61,7.49,normal
1325,2022,8,7.61,0.0,0.0,7.22,7.49,understock
1325,2022,9,7.22,0.0,0.0,6.41,7.49,understock
1325,2022,10,6.41,0.0,0.0,6.06,7.49,understock
1325,2022,11,6.06,0.0,0.0,5.61,7.49,understock
1325,2022,12,5.61,0.0,0.0,5.19,7.49,understock
1325,2023,1,5.19,0.0,0.0,4.64,7.49,understock
1325,2023,2,4.64,3.64,0.0,7.68,7.49,normal
1325,2023,3,7.68,5.17,0.0,12.02,7.49,normal
1325,2023,4,12.02,0.0,0.0,11.24,7.49,normal
1325,2023,5,11.24,0.0,0.0,9.95,7.49,normal
1325,2023,6,9.95,0.0,0.0,8.94,7.49,normal
1325,2023,7,8.94,5.38,0.0,13.3,7.49,normal
1325,2023,8,13.3,1.5,0.0,14.07,7.49,normal
1325,2023,9,14.07,0.0,0.0,12.5,7.49,normal
1325,2023,10,12.5,0.0,0.0,11.49,7.49,normal
1325,2023,11,11.49,0.0,0.0,10.32,7.49,normal
1325,2023,12,10.32,2.6,0.0,12.35,7.49,normal
1325,2024,1,12.35,0.0,0.0,10.84,7.49,normal
1325,2024,2,10.84,0.0,0.0,9.97,7.49,normal
1325,2024,3,9.97,72.71,48.0,34.68,7.49,normal
1326,2021,2,187.34,56.44,61.0,182.78,46.5,normal
1326,2021,3,182.78,31.83,48.0,166.61,46.5,normal
1326,2021,4,166.61,199.61,196.0,170.22,46.5,normal
1326,2021,5,170.22,0.0,0.0,148.58,46.5,normal
1326,2021,6,148.58,0.0,0.0,137.07,46.5,normal
1326,2021,7,137.07,112.75,72.0,177.82,46.5,normal
1326,2021,8,177.82,0.0,0.0,154.47,46.5,normal
1326,2021,9,154.47,313.4,273.0,194.87,46.5,normal
1326,2021,10,194.87,24.73,0.0,191.04,46.5,normal
1326,2021,11,191.04,0.0,0.0,169.11,46.5,normal
1326,2021,12,169.11,0.0,0.0,147.78,46.5,normal
1326,2022,1,147.78,0.0,0.0,131.48,46.5,normal
1326,2022,2,131.48,254.79,180.0,206.27,46.5,normal
1326,2022,3,206.27,117.21,266.0,57.48,46.5,normal
1326,2022,4,57.48,0.0,0.0,52.34,46.5,normal
1326,2022,5,52.34,0.0,0.0,49.53,46.5,normal
1326,2022,6,49.53,0.0,0.0,43.83,46.5,understock
1326,2022,7,43.83,0.0,0.0,38.51,46.5,understock
1326,2022,8,38.51,0.0,0.0,33.1,46.5,understock
1326,2022,9,33.1,0.0,0.0,30.48,46.5,understock
1326,2022,10,30.48,0.0,0.0,26.68,46.5,understock
1326,2022,11,26.68,0.0,0.0,23.45,46.5,understock
1326,2022,12,23.45,0.0,0.0,19.99,46.5,understock
1326,2023,1,19.99,0.0,0.0,18.34,46.5,understock
1326,2023,2,18.34,0.0,0.0,17.22,46.5,understock
1326,2023,3,17.22,0.0,0.0,14.84,46.5,understock
1326,2023,4,14.84,0.0,0.0,13.18,46.5,understock
1326,2023,5,13.18,0.0,0.0,11.49,46.5,understock
1326,2023,6,11.49,0.0,0.0,10.57,46.5,understock
1326,2023,7,10.57,0.0,0.0,9.66,46.5,understock
1326,2023,8,9.66,0.0,0.0,8.37,46.5,understock
1326,2023,9,8.37,0.0,0.0,7.22,46.5,understock
1326,2023,10,7.22,0.0,0.0,6.29,46.5,understock
1326,2023,11,6.29,0.0,0.0,5.49,46.5,understock
1326,2023,12,5.49,0.0,0.0,5.16,46.5,understock
1326,2024,1,5.16,0.0,0.0,4.69,46.5,understock
1326,2024,2,4.69,0.0,0.0,4.42,46.5,understock
1326,2024,3,4.42,0.0,0.0,3.88,46.5,understock
1326,2024,4,3.88,0.0,0.0,3.39,46.5,understock
1326,2024,5,3.39,0.0,0.0,3.02,46.5,understock
1326,2024,6,3.02,0.0,0.0,2.68,46.5,understock
1326,2024,7,2.68,72.0,101.0,0.0,46.5,stockout
1328,2021,1,765.12,3611.25,2624.0,1752.37,320.54,overstock
1328,2021,2,1752.37,585.36,528.0,1809.73,320.54,overstock
1328,2021,3,1809.73,2390.04,4417.0,0.0,320.54,stockout
1328,2021,4,0.0,495.92,491.75,4.17,320.54,understock
1328,2021,5,4.17,67.02,11.65,59.54,320.54,understock
1328,2021,6,59.54,137.3,0.0,191.26,320.54,understock
1328,2021,7,191.26,0.0,0.0,166.04,320.54,understock
1328,2021,8,166.04,0.0,0.0,143.03,320.54,understock
1328,2021,9,143.03,0.0,0.0,127.97,320.54,understock
1328,2021,10,127.97,0.0,0.0,121.08,320.54,understock
1328,2021,11,121.08,59.37,0.0,169.1,320.54,understock
1328,2021,12,169.1,0.0,0.0,144.0,320.54,understock
1328,2022,1,144.0,0.0,0.0,127.26,320.54,understock
1328,2022,2,127.26,0.0,0.0,116.8,320.54,understock
1328,2022,3,116.8,320.75,249.3,188.25,320.54,understock
1328,2022,4,188.25,0.0,0.0,164.36,320.54,understock
1328,2022,5,164.36,158.19,0.0,305.07,320.54,understock
1328,2022,6,305.07,0.0,0.0,279.82,320.54,understock
1328,2022,7,279.82,106.3,193.0,193.12,320.54,understock
1328,2022,8,193.12,0.0,0.0,173.87,320.54,understock
1328,2022,9,173.87,0.0,0.0,156.66,320.54,understock
1328,2022,10,156.66,0.0,0.0,140.88,320.54,understock
1328,2022,11,140.88,176.42,0.0,298.72,320.54,understock
1328,2022,12,298.72,620.94,970.0,0.0,320.54,stockout
1328,2023,1,0.0,30.98,69.5,0.0,320.54,stockout
1328,2023,2,0.0,966.39,591.0,375.39,320.54,normal
1328,2023,3,375.39,0.0,0.0,329.93,320.54,normal
1328,2023,4,329.93,0.0,0.0,313.42,320.54,understock
1328,2023,5,313.42,0.0,0.0,290.38,320.54,understock
1328,2023,6,290.38,425.14,304.0,411.52,320.54,normal
1329,2021,2,139.6,67.75,61.0,146.35,44.88,normal
1329,2021,3,146.35,48.31,48.0,146.66,44.88,normal
1329,2021,4,146.66,99.12,196.0,49.78,44.88,normal
1329,2021,5,49.78,0.0,0.0,43.23,44.88,understock
1329,2021,6,43.23,0.0,0.0,37.02,44.88,understock
1329,2021,7,37.02,72.74,72.0,37.76,44.88,understock
1329,2021,8,37.76,0.0,0.0,35.37,44.88,understock
1329,2021,9,35.37,263.34,273.0,25.71,44.88,understock
1329,2021,10,25.71,0.0,0.0,24.36,44.88,understock
1329,2021,11,24.36,0.0,0.0,23.09,44.88,understock
1329,2021,12,23.09,0.0,0.0,21.42,44.88,understock
1329,2022,1,21.42,0.0,0.0,19.42,44.88,understock
1329,2022,2,19.42,174.97,180.0,14.39,44.88,understock
1329,2022,3,14.39,294.68,266.0,43.07,44.88,understock
1329,2022,4,43.07,0.0,0.0,39.57,44.88,understock
1329,2022,5,39.57,17.74,0.0,51.44,44.88,normal
1329,2022,6,51.44,0.0,0.0,45.05,44.88,normal
1329,2022,7,45.05,0.0,0.0,38.97,44.88,understock
1329,2022,8,38.97,0.0,0.0,34.08,44.88,understock
1329,2022,9,34.08,0.0,0.0,31.79,44.88,understock
1329,2022,10,31.79,0.0,0.0,27.12,44.88,understock
1329,2022,11,27.12,0.0,0.0,25.0,44.88,understock
1329,2022,12,25.0,0.0,0.0,22.74,44.88,understock
1329,2023,1,22.74,0.0,0.0,20.8,44.88,understock
1329,2023,2,20.8,0.0,0.0,18.36,44.88,understock
1329,2023,3,18.36,0.0,0.0,15.84,44.88,understock
1329,2023,4,15.84,0.0,0.0,13.74,44.88,understock
1329,2023,5,13.74,0.0,0.0,12.47,44.88,understock
1329,2023,6,12.47,0.0,0.0,11.28,44.88,understock
1329,2023,7,11.28,0.0,0.0,10.54,44.88,understock
1329,2023,8,10.54,0.0,0.0,9.21,44.88,understock
1329,2023,9,9.21,0.0,0.0,8.02,44.88,understock
1329,2023,10,8.02,0.0,0.0,7.02,44.88,understock
1329,2023,11,7.02,0.0,0.0,6.62,44.88,understock
1329,2023,12,6.62,0.0,0.0,6.03,44.88,understock
1329,2024,1,6.03,0.0,0.0,5.68,44.88,understock
1329,2024,2,5.68,0.0,0.0,4.98,44.88,understock
1329,2024,3,4.98,0.0,0.0,4.35,44.88,understock
1329,2024,4,4.35,0.0,0.0,3.89,44.88,understock
1329,2024,5,3.89,0.0,0.0,3.62,44.88,understock
1329,2024,6,3.62,0.0,0.0,3.36,44.88,understock
1329,2024,7,3.36,114.64,101.0,17.0,44.88,understock
1330,2021,1,75.75,84.02,88.55,71.22,30.84,normal
1330,2021,2,71.22,49.59,48.0,72.81,30.84,normal
1330,2021,3,72.81,583.91,983.45,0.0,30.84,stockout
1330,2021,4,0.0,83.09,59.65,23.44,30.84,understock
1330,2021,5,23.44,8.65,0.0,30.6,30.84,understock
1330,2021,6,30.6,0.0,0.0,28.59,30.84,understock
1330,2021,7,28.59,0.0,0.0,26.53,30.84,understock
1330,2021,8,26.53,11.15,35.6,2.08,30.84,understock
1330,2021,9,2.08,398.33,356.0,44.41,30.84,normal
1330,2021,10,44.41,8.1,11.8,40.71,30.84,normal
1330,2021,11,40.71,15.72,11.3,45.13,30.84,normal
1330,2021,12,45.13,23.43,20.0,48.56,30.84,normal
1330,2022,1,48.56,178.93,252.0,0.0,30.84,stockout
1330,2022,2,0.0,134.83,82.7,52.13,30.84,normal
1330,2022,3,52.13,120.1,73.05,99.18,30.84,normal
1330,2022,4,99.18,0.0,0.0,88.89,30.84,normal
1330,2022,5,88.89,4.01,11.25,81.65,30.84,normal
1330,2022,6,81.65,0.0,0.0,74.3,30.84,normal
1330,2022,7,74.3,0.0,0.0,67.92,30.84,normal
1330,2022,8,67.92,0.0,0.0,58.39,30.84,normal
1330,2022,9,58.39,0.0,0.0,52.86,30.84,normal
1330,2022,10,52.86,0.0,0.0,46.47,30.84,normal
1330,2022,11,46.47,16.27,13.0,49.74,30.84,normal
1330,2022,12,49.74,2.77,6.0,46.51,30.84,normal
1330,2023,1,46.51,5.82,11.25,41.08,30.84,normal
1330,2023,2,41.08,0.0,0.0,35.22,30.84,normal
1330,2023,3,35.22,26.65,48.0,13.87,30.84,understock
1330,2023,4,13.87,40.87,26.0,28.74,30.84,understock
1330,2023,5,28.74,2.49,4.8,26.43,30.84,understock
1330,2023,6,26.43,15.71,12.0,30.14,30.84,understock
1330,2023,7,30.14,13.51,12.4,31.25,30.84,normal
1330,2023,8,31.25,0.0,0.0,28.78,30.84,understock
1330,2023,9,28.78,0.0,0.0,25.05,30.84,understock
1330,2023,10,25.05,0.0,0.0,23.39,30.84,understock
1330,2023,11,23.39,11.07,0.0,32.2,30.84,normal
1330,2023,12,32.2,0.0,0.0,29.07,30.84,understock
1330,2024,1,29.07,11.55,0.0,36.53,30.84,normal
1330,2024,2,36.53,52.73,47.0,42.26,30.84,normal
1330,2024,3,42.26,0.0,0.0,36.98,30.84,normal
1330,2024,4,36.98,16.85,12.3,41.53,30.84,normal
1330,2024,5,41.53,0.0,0.0,36.38,30.84,normal
1330,2024,6,36.38,7.63,12.3,31.71,30.84,normal
1330,2024,7,31.71,54.34,50.4,35.65,30.84,normal
1331,2021,1,850.47,1127.62,2624.0,0.0,196.1,stockout
1331,2021,2,0.0,902.32,528.0,374.32,196.1,normal
1331,2021,3,374.32,6213.41,4417.0,2170.73,196.1,overstock
1331,2021,4,2170.73,717.39,491.75,2396.37,196.1,overstock
1331,2021,5,2396.37,0.0,11.65,2384.72,196.1,overstock
1331,2021,6,2384.72,0.0,0.0,2120.37,196.1,overstock
1331,2021,7,2120.37,0.0,0.0,1850.02,196.1,overstock
1331,2021,8,1850.02,0.0,0.0,1714.15,196.1,overstock
1331,2021,9,1714.15,137.13,0.0,1688.36,196.1,overstock
1331,2021,10,1688.36,0.0,0.0,1548.84,196.1,overstock
1331,2021,11,1548.84,0.0,0.0,1454.65,196.1,overstock
1331,2021,12,1454.65,0.0,0.0,1270.83,196.1,normal
1331,2022,1,1270.83,0.0,0.0,1102.28,196.1,normal
1331,2022,2,1102.28,109.57,0.0,1089.56,196.1,normal
1331,2022,3,1089.56,184.78,249.3,1025.04,196.1,normal
1331,2022,4,1025.04,146.57,0.0,1046.06,196.1,normal
1331,2022,5,1046.06,0.0,0.0,921.23,196.1,normal
1331,2022,6,921.23,0.0,0.0,827.74,196.1,normal
1331,2022,7,827.74,364.67,193.0,999.41,196.1,normal
1331,2022,8,999.41,0.0,0.0,888.23,196.1,normal
1331,2022,9,888.23,151.05,0.0,931.93,196.1,normal
1331,2022,10,931.93,0.0,0.0,873.73,196.1,normal
1331,2022,11,873.73,0.0,0.0,804.21,196.1,normal
1331,2022,12,804.21,436.86,970.0,271.07,196.1,normal
1331,2023,1,271.07,102.94,69.5,304.51,196.1,normal
1331,2023,2,304.51,649.01,591.0,362.52,196.1,normal
1331,2023,3,362.52,0.0,0.0,311.75,196.1,normal
1331,2023,4,311.75,0.0,0.0,293.86,196.1,normal
1331,2023,5,293.86,0.0,0.0,269.25,196.1,normal
1331,2023,6,269.25,148.43,304.0,113.68,196.1,understock
1332,2021,8,147.56,231.12,134.0,244.68,40.56,overstock
1333,2021,3,108.02,127.38,132.0,103.4,28.05,normal
1333,2021,4,103.4,66.53,66.0,103.93,28.05,normal
1333,2021,5,103.93,0.0,0.0,93.56,28.05,normal
1333,2021,6,93.56,0.0,0.0,88.26,28.05,normal
1333,2021,7,88.26,0.0,0.0,75.56,28.05,normal
1333,2021,8,75.56,0.0,0.0,65.12,28.05,normal
1333,2021,9,65.12,14.66,0.0,75.75,28.05,normal
1333,2021,10,75.75,0.0,0.0,69.51,28.05,normal
1333,2021,11,69.51,13.86,34.0,49.37,28.05,normal
1333,2021,12,49.37,66.99,125.0,0.0,28.05,stockout
1333,2022,1,0.0,115.51,114.85,0.66,28.05,understock
1333,2022,2,0.66,95.67,62.0,34.33,28.05,normal
1333,2022,3,34.33,325.88,333.4,26.81,28.05,understock
1333,2022,4,26.81,60.32,64.0,23.13,28.05,understock
1333,2022,5,23.13,31.02,32.0,22.15,28.05,understock
1333,2022,6,22.15,0.0,0.0,19.74,28.05,understock
1333,2022,7,19.74,10.86,33.5,0.0,28.05,stockout
1333,2022,8,0.0,0.0,0.0,0.0,28.05,stockout
1333,2022,9,0.0,89.95,67.0,22.95,28.05,understock
1333,2022,10,22.95,0.0,0.0,20.16,28.05,understock
1333,2022,11,20.16,95.84,57.53,58.47,28.05,normal
1333,2022,12,58.47,96.94,151.95,3.46,28.05,understock
1333,2023,1,3.46,0.0,0.0,2.97,28.05,understock
1333,2023,2,2.97,137.24,150.0,0.0,28.05,stockout
1333,2023,3,0.0,9.53,0.0,9.53,28.05,understock
1333,2023,4,9.53,32.56,28.6,13.49,28.05,understock
1333,2023,5,13.49,5.75,0.0,18.09,28.05,understock
1333,2023,6,18.09,15.29,0.0,30.91,28.05,normal
1333,2023,7,30.91,0.0,0.0,28.61,28.05,normal
1333,2023,8,28.61,0.0,0.0,26.65,28.05,understock
1333,2023,9,26.65,0.0,0.0,23.94,28.05,understock
1333,2023,10,23.94,19.3,42.0,1.24,28.05,understock
1333,2023,11,1.24,0.0,0.0,1.06,28.05,understock
1333,2023,12,1.06,73.49,49.0,25.55,28.05,understock
1333,2024,1,25.55,0.0,0.0,22.25,28.05,understock
1333,2024,2,22.25,0.0,0.0,20.58,28.05,understock
1333,2024,3,20.58,16.83,27.8,9.61,28.05,understock
1333,2024,4,9.61,29.02,72.0,0.0,28.05,stockout
1334,2021,7,30.96,38.06,34.0,35.02,8.21,normal
1335,2021,3,153.44,307.67,311.0,150.11,35.4,normal
1335,2021,4,150.11,99.9,99.0,151.01,35.4,normal
1335,2021,5,151.01,0.0,0.0,134.79,35.4,normal
1335,2021,6,134.79,110.04,99.0,145.83,35.4,normal
1335,2021,7,145.83,0.0,0.0,135.59,35.4,normal
1335,2021,8,135.59,0.0,0.0,117.39,35.4,normal
1335,2021,9,117.39,0.0,0.0,107.73,35.4,normal
1335,2021,10,107.73,0.0,0.0,96.82,35.4,normal
1335,2021,11,96.82,0.0,0.0,82.98,35.4,normal
1335,2021,12,82.98,75.3,136.8,21.48,35.4,understock
1335,2022,1,21.48,204.0,202.0,23.48,35.4,understock
1335,2022,2,23.48,352.18,232.0,143.66,35.4,normal
1335,2022,3,143.66,247.33,240.0,150.99,35.4,normal
1335,2022,4,150.99,0.0,0.0,133.92,35.4,normal
1335,2022,5,133.92,12.64,0.0,132.55,35.4,normal
1335,2022,6,132.55,39.74,33.5,138.79,35.4,normal
1335,2022,7,138.79,61.46,66.0,134.25,35.4,normal
1335,2022,8,134.25,153.12,266.0,21.37,35.4,understock
1335,2022,9,21.37,0.0,0.0,18.68,35.4,understock
1335,2022,10,18.68,0.0,0.0,16.6,35.4,understock
1335,2022,11,16.6,0.0,0.0,14.19,35.4,understock
1335,2022,12,14.19,74.17,62.0,26.36,35.4,understock
1335,2023,1,26.36,18.29,0.0,42.25,35.4,normal
1335,2023,2,42.25,0.0,0.0,37.97,35.4,normal
1335,2023,3,37.97,0.0,0.0,36.0,35.4,normal
1335,2023,4,36.0,0.0,0.0,30.96,35.4,understock
1335,2023,5,30.96,0.0,0.0,29.31,35.4,understock
1335,2023,6,29.31,0.0,0.0,25.78,35.4,understock
1335,2023,7,25.78,0.0,0.0,23.31,35.4,understock
1335,2023,8,23.31,0.0,0.0,21.55,35.4,understock
1335,2023,9,21.55,0.0,0.0,20.14,35.4,understock
1335,2023,10,20.14,0.0,0.0,17.81,35.4,understock
1335,2023,11,17.81,0.0,0.0,15.51,35.4,understock
1335,2023,12,15.51,0.0,0.0,14.18,35.4,understock
1335,2024,1,14.18,14.54,0.0,26.78,35.4,understock
1335,2024,2,26.78,218.18,129.6,115.36,35.4,normal
1335,2024,3,115.36,0.0,0.0,101.39,35.4,normal
1335,2024,4,101.39,272.28,413.0,0.0,35.4,stockout
1336,2021,3,76.92,117.38,132.0,62.3,21.95,normal
1336,2021,4,62.3,69.1,66.0,65.4,21.95,normal
1336,2021,5,65.4,0.0,0.0,56.64,21.95,normal
1336,2021,6,56.64,0.0,0.0,53.05,21.95,normal
1336,2021,7,53.05,0.0,0.0,45.25,21.95,normal
1336,2021,8,45.25,0.0,0.0,42.16,21.95,normal
1336,2021,9,42.16,0.0,0.0,38.39,21.95,normal
1336,2021,10,38.39,0.0,0.0,35.47,21.95,normal
1336,2021,11,35.47,31.17,34.0,32.64,21.95,normal
1336,2021,12,32.64,143.98,125.0,51.62,21.95,normal
1336,2022,1,51.62,81.41,114.85,18.18,21.95,understock
1336,2022,2,18.18,60.32,62.0,16.5,21.95,understock
1336,2022,3,16.5,495.6,333.4,178.7,21.95,overstock
1336,2022,4,178.7,71.97,64.0,186.67,21.95,overstock
1336,2022,5,186.67,37.58,32.0,192.25,21.95,overstock
1336,2022,6,192.25,0.0,0.0,170.65,21.95,overstock
1336,2022,7,170.65,47.55,33.5,184.7,21.95,overstock
1336,2022,8,184.7,0.0,0.0,161.2,21.95,overstock
1336,2022,9,161.2,74.22,67.0,168.42,21.95,overstock
1336,2022,10,168.42,0.0,0.0,148.52,21.95,overstock
1336,2022,11,148.52,63.68,57.53,154.67,21.95,overstock
1336,2022,12,154.67,156.42,151.95,159.14,21.95,overstock
1336,2023,1,159.14,0.0,0.0,149.95,21.95,overstock
1336,2023,2,149.95,103.8,150.0,103.75,21.95,normal
1336,2023,3,103.75,5.18,0.0,99.0,21.95,normal
1336,2023,4,99.0,10.68,28.6,81.08,21.95,normal
1336,2023,5,81.08,0.0,0.0,75.2,21.95,normal
1336,2023,6,75.2,0.0,0.0,65.96,21.95,normal
1336,2023,7,65.96,0.0,0.0,62.13,21.95,normal
1336,2023,8,62.13,0.0,0.0,56.06,21.95,normal
1336,2023,9,56.06,0.0,0.0,51.64,21.95,normal
1336,2023,10,51.64,25.55,42.0,35.19,21.95,normal
1336,2023,11,35.19,0.0,0.0,30.25,21.95,normal
1336,2023,12,30.25,51.27,49.0,32.52,21.95,normal
1336,2024,1,32.52,0.0,0.0,29.86,21.95,normal
1336,2024,2,29.86,0.0,0.0,27.25,21.95,normal
1336,2024,3,27.25,14.18,27.8,13.63,21.95,understock
1336,2024,4,13.63,71.74,72.0,13.37,21.95,understock
1337,2021,4,77.82,82.73,75.0,85.55,18.31,normal
1337,2021,5,85.55,0.0,0.0,80.91,18.31,normal
1337,2021,6,80.91,5.29,0.0,77.39,18.31,normal
1337,2021,7,77.39,0.0,0.0,69.66,18.31,normal
1337,2021,8,69.66,0.0,0.0,60.58,18.31,normal
1337,2021,9,60.58,0.0,0.0,54.77,18.31,normal
1337,2021,10,54.77,0.0,0.0,49.66,18.31,normal
1337,2021,11,49.66,0.0,0.0,43.89,18.31,normal
1337,2021,12,43.89,0.0,0.0,39.48,18.31,normal
1337,2022,1,39.48,0.0,0.0,34.89,18.31,normal
1337,2022,2,34.89,0.0,0.0,32.52,18.31,normal
1337,2022,3,32.52,0.0,0.0,27.94,18.31,normal
1337,2022,4,27.94,0.0,0.0,23.84,18.31,normal
1337,2022,5,23.84,15.85,0.0,37.44,18.31,normal
1337,2022,6,37.44,15.55,0.0,50.17,18.31,normal
1337,2022,7,50.17,6.02,0.0,50.37,18.31,normal
1337,2022,8,50.37,0.0,0.0,47.29,18.31,normal
1337,2022,9,47.29,0.0,0.0,44.07,18.31,normal
1337,2022,10,44.07,0.0,0.0,41.35,18.31,normal
1337,2022,11,41.35,0.0,0.0,38.47,18.31,normal
1337,2022,12,38.47,0.0,0.0,33.19,18.31,normal
1337,2023,1,33.19,0.0,0.0,31.34,18.31,normal
1337,2023,2,31.34,0.0,0.0,27.27,18.31,normal
1337,2023,3,27.27,5.21,0.0,30.6,18.31,normal
1337,2023,4,30.6,0.0,0.0,27.26,18.31,normal
1337,2023,5,27.26,0.0,0.0,25.22,18.31,normal
1337,2023,6,25.22,0.0,0.0,21.52,18.31,normal
1337,2023,7,21.52,0.0,0.0,18.5,18.31,normal
1337,2023,8,18.5,0.0,0.0,17.35,18.31,understock
1337,2023,9,17.35,0.0,0.0,14.84,18.31,understock
1337,2023,10,14.84,0.0,0.0,12.82,18.31,understock
1337,2023,11,12.82,0.0,0.0,11.45,18.31,understock
1337,2023,12,11.45,0.0,0.0,9.82,18.31,understock
1337,2024,1,9.82,0.0,0.0,8.7,18.31,understock
1337,2024,2,8.7,7.52,0.0,15.54,18.31,understock
1337,2024,3,15.54,91.05,96.0,10.59,18.31,understock
1338,2024,3,19.46,24.79,22.2,22.05,7.73,normal
1340,2024,5,59.08,49.38,51.0,57.46,10.63,normal
1341,2022,11,47.32,29.14,50.0,26.46,14.17,normal
1342,2023,5,1345.14,1132.02,1175.0,1302.16,260.63,normal
1343,2022,11,126.14,137.98,125.0,139.12,36.83,normal
1345,2021,10,89.16,248.74,146.0,191.9,26.28,overstock
1345,2021,11,191.9,0.0,0.0,172.48,26.28,overstock
1345,2021,12,172.48,11.5,0.0,159.82,26.28,overstock
1345,2022,1,159.82,0.0,0.0,139.26,26.28,overstock
1345,2022,2,139.26,0.0,0.0,127.31,26.28,overstock
1345,2022,3,127.31,0.0,0.0,116.92,26.28,normal
1345,2022,4,116.92,0.0,0.0,106.81,26.28,normal
1345,2022,5,106.81,11.88,23.0,95.69,26.28,normal
1347,2024,5,151.95,225.69,179.25,198.39,43.56,normal
1348,2024,5,145.27,75.14,179.25,41.16,36.24,normal
1349,2021,1,136.87,132.49,300.0,0.0,53.58,stockout
1349,2021,2,0.0,94.09,155.0,0.0,53.58,stockout
1349,2021,3,0.0,134.94,118.0,16.94,53.58,understock
1349,2021,4,16.94,0.0,0.0,14.53,53.58,understock
1349,2021,5,14.53,10.46,0.0,22.83,53.58,understock
1349,2021,6,22.83,0.0,0.0,21.14,53.58,understock
1349,2021,7,21.14,0.0,0.0,19.52,53.58,understock
1349,2021,8,19.52,0.0,0.0,16.91,53.58,understock
1349,2021,9,16.91,0.0,0.0,15.6,53.58,understock
1349,2021,10,15.6,0.0,0.0,14.18,53.58,understock
1349,2021,11,14.18,0.0,0.0,13.23,53.58,understock
1349,2021,12,13.23,0.0,0.0,11.89,53.58,understock
1349,2022,1,11.89,0.0,0.0,10.32,53.58,understock
1349,2022,2,10.32,0.0,0.0,9.57,53.58,understock
1349,2022,3,9.57,0.0,0.0,8.33,53.58,understock
1349,2022,4,8.33,0.0,0.0,7.38,53.58,understock
1349,2022,5,7.38,15.55,0.0,21.89,53.58,understock
1349,2022,6,21.89,0.0,0.0,19.54,53.58,understock
1349,2022,7,19.54,0.0,0.0,16.89,53.58,understock
1349,2022,8,16.89,0.0,0.0,15.22,53.58,understock
1349,2022,9,15.22,0.0,0.0,13.83,53.58,understock
1349,2022,10,13.83,17.41,0.0,29.46,53.58,understock
1349,2022,11,29.46,0.0,0.0,25.36,53.58,understock
1349,2022,12,25.36,19.81,0.0,43.63,53.58,understock
1349,2023,1,43.63,0.0,0.0,37.52,53.58,understock
1349,2023,2,37.52,0.0,0.0,32.8,53.58,understock
1349,2023,3,32.8,17.27,0.0,46.22,53.58,understock
1349,2023,4,46.22,15.18,0.0,58.79,53.58,normal
1349,2023,5,58.79,0.0,0.0,50.14,53.58,understock
1349,2023,6,50.14,0.0,0.0,42.75,53.58,understock
1349,2023,7,42.75,67.74,41.0,69.49,53.58,normal
1353,2021,9,98.5,140.35,124.0,114.85,26.65,normal
1353,2021,10,114.85,0.0,0.0,106.29,26.65,normal
1353,2021,11,106.29,0.0,0.0,92.43,26.65,normal
1353,2021,12,92.43,1.61,5.0,89.04,26.65,normal
1353,2022,1,89.04,142.89,150.0,81.93,26.65,normal
1354,2021,1,162.75,135.81,135.0,163.56,33.67,normal
1354,2021,2,163.56,12.22,30.0,145.78,33.67,normal
1354,2021,3,145.78,430.4,301.0,275.18,33.67,overstock
1354,2021,4,275.18,15.3,0.0,255.12,33.67,overstock
1354,2021,5,255.12,18.06,0.0,245.26,33.67,overstock
1354,2021,6,245.26,19.42,15.0,249.68,33.67,overstock
1354,2021,7,249.68,25.81,30.0,245.49,33.67,overstock
1354,2021,8,245.49,0.0,0.0,214.58,33.67,overstock
1354,2021,9,214.58,950.9,569.0,596.48,33.67,overstock
1354,2021,10,596.48,0.0,0.0,524.05,33.67,overstock
1354,2021,11,524.05,34.07,31.0,527.12,33.67,overstock
1354,2021,12,527.12,0.0,0.0,459.44,33.67,overstock
1354,2022,1,459.44,0.0,0.0,402.82,33.67,overstock
1354,2022,2,402.82,16.32,33.2,385.94,33.67,overstock
1354,2022,3,385.94,0.0,0.0,364.93,33.67,overstock
1354,2022,4,364.93,69.63,61.0,373.56,33.67,overstock
1354,2022,5,373.56,0.0,0.0,348.41,33.67,overstock
1354,2022,6,348.41,0.0,0.0,310.58,33.67,overstock
1354,2022,7,310.58,306.48,293.0,324.06,33.67,overstock
1354,2022,8,324.06,0.0,0.0,277.81,33.67,overstock
1354,2022,9,277.81,8.43,0.0,259.12,33.67,overstock
1354,2022,10,259.12,0.0,0.0,235.13,33.67,overstock
1354,2022,11,235.13,0.0,0.0,208.3,33.67,overstock
1354,2022,12,208.3,25.58,0.0,218.63,33.67,overstock
1354,2023,1,218.63,0.0,0.0,205.32,33.67,overstock
1354,2023,2,205.32,0.0,0.0,190.23,33.67,normal
1354,2023,3,190.23,116.94,87.0,220.17,33.67,overstock
1354,2023,4,220.17,0.0,0.0,190.01,33.67,normal
1354,2023,5,190.01,0.0,0.0,173.62,33.67,normal
1354,2023,6,173.62,0.0,0.0,149.43,33.67,normal
1354,2023,7,149.43,0.0,0.0,133.39,33.67,normal
1354,2023,8,133.39,0.0,0.0,113.61,33.67,normal
1354,2023,9,113.61,0.0,0.0,98.3,33.67,normal
1354,2023,10,98.3,0.0,0.0,89.73,33.67,normal
1354,2023,11,89.73,0.0,0.0,83.37,33.67,normal
1354,2023,12,83.37,32.15,59.0,56.52,33.67,normal
1354,2024,1,56.52,0.0,0.0,48.11,33.67,normal
1354,2024,2,48.11,0.0,0.0,43.84,33.67,normal
1354,2024,3,43.84,79.26,59.0,64.1,33.67,normal
1355,2021,1,340.08,275.27,265.0,350.35,79.55,normal
1356,2021,2,176.16,20.1,21.0,175.26,39.08,normal
1356,2021,3,175.26,0.0,0.0,162.05,39.08,normal
1356,2021,4,162.05,0.0,0.0,143.52,39.08,normal
1356,2021,5,143.52,0.0,0.0,134.97,39.08,normal
1356,2021,6,134.97,0.0,0.0,118.06,39.08,normal
1356,2021,7,118.06,0.0,0.0,104.86,39.08,normal
1356,2021,8,104.86,16.98,0.0,106.84,39.08,normal
1356,2021,9,106.84,352.14,240.0,218.98,39.08,overstock
1356,2021,10,218.98,0.0,0.0,206.61,39.08,overstock
1356,2021,11,206.61,0.0,0.0,183.85,39.08,normal
1356,2021,12,183.85,8.79,0.0,179.64,39.08,normal
1356,2022,1,179.64,0.0,0.0,160.94,39.08,normal
1356,2022,2,160.94,0.0,0.0,148.45,39.08,normal
1356,2022,3,148.45,0.0,0.0,138.87,39.08,normal
1356,2022,4,138.87,54.73,47.0,146.6,39.08,normal
1356,2022,5,146.6,0.0,0.0,128.76,39.08,normal
1356,2022,6,128.76,0.0,0.0,122.07,39.08,normal
1356,2022,7,122.07,0.0,0.0,108.25,39.08,normal
1356,2022,8,108.25,16.3,0.0,109.23,39.08,normal
1356,2022,9,109.23,0.0,0.0,98.73,39.08,normal
1356,2022,10,98.73,0.0,0.0,85.79,39.08,normal
1356,2022,11,85.79,0.0,0.0,74.99,39.08,normal
1356,2022,12,74.99,0.0,0.0,70.7,39.08,normal
1356,2023,1,70.7,0.0,0.0,62.36,39.08,normal
1356,2023,2,62.36,0.0,0.0,53.22,39.08,normal
1356,2023,3,53.22,38.55,41.0,50.77,39.08,normal
1356,2023,4,50.77,0.0,0.0,45.47,39.08,normal
1356,2023,5,45.47,0.0,0.0,41.53,39.08,normal
1356,2023,6,41.53,507.19,334.0,214.72,39.08,overstock
1357,2023,12,290.25,327.86,324.0,294.11,76.58,normal
1359,2022,11,29.8,7.42,17.5,19.72,9.14,normal
1359,2022,12,19.72,0.0,0.0,18.17,9.14,normal
1359,2023,1,18.17,0.0,0.0,16.93,9.14,normal
1359,2023,2,16.93,0.0,0.0,15.09,9.14,normal
1359,2023,3,15.09,0.0,0.0,13.08,9.14,normal
1359,2023,4,13.08,34.91,35.0,12.99,9.14,normal
1361,2023,11,206.9,151.65,189.9,168.65,66.11,normal
1361,2023,12,168.65,0.0,0.0,145.77,66.11,normal
1361,2024,1,145.77,0.0,0.0,135.1,66.11,normal
1361,2024,2,135.1,37.59,0.0,159.27,66.11,normal
1361,2024,3,159.27,0.0,0.0,140.24,66.11,normal
1361,2024,4,140.24,465.44,318.0,287.68,66.11,normal
1362,2021,7,58.11,52.98,47.0,64.09,12.76,normal
1363,2021,8,116.98,9.26,12.0,114.24,37.15,normal
1363,2021,9,114.24,0.0,0.0,104.28,37.15,normal
1363,2021,10,104.28,0.0,0.0,93.38,37.15,normal
1363,2021,11,93.38,0.0,0.0,82.22,37.15,normal
1363,2021,12,82.22,0.0,0.0,71.72,37.15,normal
1363,2022,1,71.72,0.0,0.0,61.74,37.15,normal
1363,2022,2,61.74,0.0,0.0,53.35,37.15,normal
1363,2022,3,53.35,0.0,0.0,45.66,37.15,normal
1363,2022,4,45.66,0.0,0.0,39.15,37.15,normal
1363,2022,5,39.15,0.0,0.0,36.62,37.15,understock
1363,2022,6,36.62,0.0,0.0,34.48,37.15,understock
1363,2022,7,34.48,0.0,0.0,31.22,37.15,understock
1363,2022,8,31.22,0.0,0.0,28.13,37.15,understock
1363,2022,9,28.13,0.0,0.0,24.77,37.15,understock
1363,2022,10,24.77,0.0,0.0,21.59,37.15,understock
1363,2022,11,21.59,0.0,0.0,19.86,37.15,understock
1363,2022,12,19.86,15.61,0.0,34.12,37.15,understock
1363,2023,1,34.12,0.0,0.0,29.38,37.15,understock
1363,2023,2,29.38,0.0,0.0,26.25,37.15,understock
1363,2023,3,26.25,0.0,0.0,24.74,37.15,understock
1363,2023,4,24.74,0.0,0.0,22.49,37.15,understock
1363,2023,5,22.49,0.0,0.0,20.64,37.15,understock
1363,2023,6,20.64,0.0,0.0,17.99,37.15,understock
1363,2023,7,17.99,0.0,0.0,15.65,37.15,understock
1363,2023,8,15.65,0.0,0.0,13.62,37.15,understock
1363,2023,9,13.62,0.0,0.0,11.82,37.15,understock
1363,2023,10,11.82,0.0,0.0,10.9,37.15,understock
1363,2023,11,10.9,0.0,0.0,10.11,37.15,understock
1363,2023,12,10.11,8.27,0.0,17.81,37.15,understock
1363,2024,1,17.81,0.0,0.0,15.26,37.15,understock
1363,2024,2,15.26,0.0,0.0,13.21,37.15,understock
1363,2024,3,13.21,289.51,257.35,45.37,37.15,normal
1363,2024,4,45.37,0.0,0.0,42.8,37.15,normal
1363,2024,5,42.8,10.26,0.0,50.73,37.15,normal
1363,2024,6,50.73,0.0,0.0,47.89,37.15,normal
1363,2024,7,47.89,50.8,50.0,48.69,37.15,normal
1364,2021,1,80.67,151.02,107.0,124.69,26.71,overstock
1364,2021,2,124.69,196.53,204.0,117.22,26.71,normal
1364,2021,3,117.22,0.0,0.0,108.58,26.71,normal
1364,2021,4,108.58,4.76,3.0,110.34,26.71,normal
1364,2021,5,110.34,273.69,265.85,118.18,26.71,normal
1364,2021,6,118.18,0.0,0.0,103.74,26.71,normal
1364,2021,7,103.74,61.35,52.0,113.09,26.71,normal
1364,2021,8,113.09,0.0,0.0,102.32,26.71,normal
1364,2021,9,102.32,18.5,18.5,102.32,26.71,normal
1364,2021,10,102.32,0.0,0.0,89.84,26.71,normal
1364,2021,11,89.84,0.0,0.0,77.96,26.71,normal
1364,2021,12,77.96,203.72,204.4,77.28,26.71,normal
1364,2022,1,77.28,0.0,0.0,68.58,26.71,normal
1364,2022,2,68.58,7.94,6.0,70.52,26.71,normal
1364,2022,3,70.52,70.61,69.0,72.13,26.71,normal
1364,2022,4,72.13,0.0,0.0,67.47,26.71,normal
1364,2022,5,67.47,177.51,184.9,60.08,26.71,normal
1364,2022,6,60.08,0.0,0.0,52.54,26.71,normal
1364,2022,7,52.54,20.22,23.0,49.76,26.71,normal
1364,2022,8,49.76,0.0,0.0,45.78,26.71,normal
1364,2022,9,45.78,0.0,0.0,39.8,26.71,normal
1364,2022,10,39.8,0.0,0.0,34.84,26.71,normal
1364,2022,11,34.84,7.96,3.9,38.9,26.71,normal
1364,2022,12,38.9,0.0,0.0,33.15,26.71,normal
1364,2023,1,33.15,0.0,0.0,31.27,26.71,normal
1364,2023,2,31.27,66.56,70.0,27.83,26.71,normal
1364,2023,3,27.83,0.0,0.0,24.81,26.71,understock
1364,2023,4,24.81,192.09,180.0,36.9,26.71,normal
1364,2023,5,36.9,0.0,0.0,34.76,26.71,normal
1364,2023,6,34.76,0.0,0.0,30.14,26.71,normal
1364,2023,7,30.14,0.0,0.0,27.73,26.71,normal
1364,2023,8,27.73,0.0,0.0,24.09,26.71,understock
1364,2023,9,24.09,10.19,5.0,29.28,26.71,normal
1364,2023,10,29.28,0.0,0.0,27.41,26.71,normal
1364,2023,11,27.41,0.0,0.0,23.3,26.71,understock
1364,2023,12,23.3,0.0,0.0,19.93,26.71,understock
1364,2024,1,19.93,20.7,13.0,27.63,26.71,normal
1364,2024,2,27.63,41.84,40.0,29.47,26.71,normal
1364,2024,3,29.47,3.92,12.0,21.39,26.71,understock
1366,2021,3,171.31,172.01,173.0,170.32,37.31,normal
1366,2021,4,170.32,0.0,0.0,147.3,37.31,normal
1366,2021,5,147.3,0.0,0.0,133.41,37.31,normal
1366,2021,6,133.41,0.0,0.0,119.15,37.31,normal
1366,2021,7,119.15,0.0,0.0,104.54,37.31,normal
1366,2021,8,104.54,0.0,0.0,92.84,37.31,normal
1366,2021,9,92.84,0.0,0.0,81.86,37.31,normal
1366,2021,10,81.86,0.0,0.0,70.65,37.31,normal
1366,2021,11,70.65,0.0,0.0,60.87,37.31,normal
1366,2021,12,60.87,0.0,0.0,57.07,37.31,normal
1366,2022,1,57.07,0.0,0.0,52.07,37.31,normal
1366,2022,2,52.07,0.0,0.0,47.22,37.31,normal
1366,2022,3,47.22,0.0,0.0,43.4,37.31,normal
1366,2022,4,43.4,0.0,0.0,39.55,37.31,normal
1366,2022,5,39.55,0.0,0.0,34.97,37.31,understock
1366,2022,6,34.97,135.73,179.0,0.0,37.31,stockout
1366,2022,7,0.0,10.03,0.0,10.03,37.31,understock
1366,2022,8,10.03,179.43,173.0,16.46,37.31,understock
1366,2022,9,16.46,0.0,0.0,14.69,37.31,understock
1366,2022,10,14.69,0.0,0.0,12.53,37.31,understock
1366,2022,11,12.53,0.0,0.0,11.76,37.31,understock
1366,2022,12,11.76,0.0,0.0,10.87,37.31,understock
1366,2023,1,10.87,0.0,0.0,9.73,37.31,understock
1366,2023,2,9.73,0.0,0.0,9.02,37.31,understock
1366,2023,3,9.02,0.0,0.0,7.91,37.31,understock
1366,2023,4,7.91,18.53,0.0,25.34,37.31,understock
1366,2023,5,25.34,0.0,0.0,23.19,37.31,understock
1366,2023,6,23.19,0.0,0.0,21.47,37.31,understock
1366,2023,7,21.47,29.24,0.0,49.45,37.31,normal
1366,2023,8,49.45,134.67,144.0,40.12,37.31,normal
1366,2023,9,40.12,0.0,0.0,36.98,37.31,understock
1366,2023,10,36.98,0.0,0.0,32.18,37.31,understock
1366,2023,11,32.18,247.22,178.0,101.4,37.31,normal
1370,2022,2,43.18,16.53,26.0,33.71,10.86,normal
1370,2022,3,33.71,0.0,0.0,29.04,10.86,normal
1370,2022,4,29.04,0.0,0.0,26.21,10.86,normal
1370,2022,5,26.21,0.0,0.0,23.57,10.86,normal
1370,2022,6,23.57,0.0,0.0,20.95,10.86,normal
1370,2022,7,20.95,0.0,0.0,18.53,10.86,normal
1370,2022,8,18.53,0.0,0.0,16.45,10.86,normal
1370,2022,9,16.45,0.0,0.0,14.91,10.86,normal
1370,2022,10,14.91,0.0,0.0,12.86,10.86,normal
1370,2022,11,12.86,0.0,0.0,11.93,10.86,normal
1370,2022,12,11.93,7.99,0.0,19.07,10.86,normal
1370,2023,1,19.07,175.63,115.0,79.7,10.86,overstock
1370,2023,2,79.7,0.0,0.0,70.47,10.86,normal
1370,2023,3,70.47,0.0,0.0,61.17,10.86,normal
1370,2023,4,61.17,0.0,0.0,52.07,10.86,normal
1370,2023,5,52.07,0.0,0.0,45.07,10.86,normal
1370,2023,6,45.07,5.4,0.0,44.89,10.86,normal
1370,2023,7,44.89,0.0,0.0,41.77,10.86,normal
1370,2023,8,41.77,0.0,0.0,38.58,10.86,normal
1370,2023,9,38.58,0.0,0.0,35.32,10.86,normal
1370,2023,10,35.32,0.0,0.0,32.82,10.86,normal
1370,2023,11,32.82,0.0,0.0,30.54,10.86,normal
1370,2023,12,30.54,0.0,0.0,28.54,10.86,normal
1370,2024,1,28.54,0.0,0.0,25.89,10.86,normal
1370,2024,2,25.89,10.01,8.1,27.8,10.86,normal
1370,2024,3,27.8,58.31,62.0,24.11,10.86,normal
1371,2021,7,86.66,42.48,44.0,85.14,22.69,normal
1371,2021,8,85.14,7.95,0.0,81.87,22.69,normal
1371,2021,9,81.87,9.22,0.0,79.79,22.69,normal
1371,2021,10,79.79,0.0,0.0,74.34,22.69,normal
1371,2021,11,74.34,0.0,0.0,68.73,22.69,normal
1371,2021,12,68.73,0.0,0.0,62.7,22.69,normal
1371,2022,1,62.7,0.0,0.0,54.08,22.69,normal
1371,2022,2,54.08,0.0,0.0,49.18,22.69,normal
1371,2022,3,49.18,0.0,0.0,42.03,22.69,normal
1371,2022,4,42.03,5.45,0.0,41.33,22.69,normal
1371,2022,5,41.33,0.0,0.0,38.53,22.69,normal
1371,2022,6,38.53,7.6,0.0,44.01,22.69,normal
1371,2022,7,44.01,0.0,0.0,41.47,22.69,normal
1371,2022,8,41.47,8.25,0.0,43.67,22.69,normal
1371,2022,9,43.67,0.0,0.0,39.93,22.69,normal
1371,2022,10,39.93,0.0,0.0,35.81,22.69,normal
1371,2022,11,35.81,0.0,0.0,32.64,22.69,normal
1371,2022,12,32.64,0.0,0.0,29.34,22.69,normal
1371,2023,1,29.34,11.02,12.5,27.86,22.69,normal
1371,2023,2,27.86,0.0,0.0,25.6,22.69,normal
1371,2023,3,25.6,131.16,145.0,11.76,22.69,understock
1372,2023,11,139.51,45.08,67.5,117.09,51.04,normal
1372,2023,12,117.09,0.0,0.0,102.66,51.04,normal
1372,2024,1,102.66,26.7,0.0,122.82,51.04,normal
1372,2024,2,122.82,242.47,211.2,154.09,51.04,normal
1372,2024,3,154.09,20.42,0.0,165.84,51.04,normal
1372,2024,4,165.84,96.22,225.0,37.06,51.04,understock
1373,2022,12,1401.93,580.71,1279.2,703.44,341.36,normal
1373,2023,1,703.44,0.0,0.0,660.51,341.36,normal
1373,2023,2,660.51,245.38,0.0,852.25,341.36,normal
1373,2023,3,852.25,0.0,0.0,792.59,341.36,normal
1373,2023,4,792.59,0.0,0.0,731.93,341.36,normal
1373,2023,5,731.93,0.0,0.0,639.04,341.36,normal
1373,2023,6,639.04,0.0,0.0,574.13,341.36,normal
1373,2023,7,574.13,0.0,0.0,530.28,341.36,normal
1373,2023,8,530.28,0.0,0.0,471.22,341.36,normal
1373,2023,9,471.22,0.0,0.0,445.47,341.36,normal
1373,2023,10,445.47,0.0,0.0,406.52,341.36,normal
1373,2023,11,406.52,0.0,0.0,353.34,341.36,normal
1373,2023,12,353.34,940.04,2395.0,0.0,341.36,stockout
1373,2024,1,0.0,553.05,851.0,0.0,341.36,stockout
1400,2021,1,4825.48,5360.61,5888.0,4298.09,1753.43,normal
1400,2021,2,4298.09,4883.79,6994.0,2187.88,1753.43,normal
1400,2021,3,2187.88,6687.34,10595.5,0.0,1753.43,stockout
1400,2021,4,0.0,4148.78,9439.0,0.0,1753.43,stockout
1400,2021,5,0.0,11889.2,11202.0,687.2,1753.43,understock
1400,2021,6,687.2,3359.69,2392.0,1654.89,1753.43,understock
1400,2021,7,1654.89,4845.12,4597.8,1902.21,1753.43,normal
1400,2021,8,1902.21,3182.45,4425.0,659.66,1753.43,understock
1400,2021,9,659.66,9691.88,6368.54,3983.0,1753.43,normal
1400,2021,10,3983.0,6580.52,6742.2,3821.32,1753.43,normal
1400,2021,11,3821.32,4017.0,4429.8,3408.52,1753.43,normal
1400,2021,12,3408.52,4841.94,4723.2,3527.26,1753.43,normal
1400,2022,1,3527.26,2957.6,4553.4,1931.46,1753.43,normal
1400,2022,2,1931.46,3627.14,3467.37,2091.23,1753.43,normal
1400,2022,3,2091.23,6958.57,6244.0,2805.8,1753.43,normal
1400,2022,4,2805.8,3599.91,4761.2,1644.51,1753.43,understock
1400,2022,5,1644.51,4550.56,4197.7,1997.37,1753.43,normal
1400,2022,6,1997.37,4262.51,4004.0,2255.88,1753.43,normal
1400,2022,7,2255.88,8742.51,5251.5,5746.89,1753.43,normal
1400,2022,8,5746.89,971.34,1107.0,5611.23,1753.43,normal
1400,2022,9,5611.23,5159.12,4873.8,5896.55,1753.43,normal
1400,2022,10,5896.55,5861.82,4344.9,7413.47,1753.43,normal
1400,2022,11,7413.47,2117.12,3407.8,6122.79,1753.43,normal
1400,2022,12,6122.79,3384.35,5629.91,3877.23,1753.43,normal
1400,2023,1,3877.23,4135.72,4654.8,3358.15,1753.43,normal
1400,2023,2,3358.15,6182.76,3842.4,5698.51,1753.43,normal
1400,2023,3,5698.51,3228.34,6785.4,2141.45,1753.43,normal
1400,2023,4,2141.45,1700.76,3227.2,615.01,1753.43,understock
1400,2023,5,615.01,7048.72,4258.2,3405.53,1753.43,normal
1400,2023,6,3405.53,4498.89,3748.8,4155.62,1753.43,normal
1400,2023,7,4155.62,4247.6,3630.8,4772.42,1753.43,normal
1400,2023,8,4772.42,6032.18,3761.1,7043.5,1753.43,normal
1400,2023,9,7043.5,5459.9,3616.2,8887.2,1753.43,overstock
1400,2023,10,8887.2,3723.58,3653.0,8957.78,1753.43,overstock
1400,2023,11,8957.78,4102.78,4159.8,8900.76,1753.43,overstock
1400,2023,12,8900.76,2437.62,2659.2,8679.18,1753.43,overstock
1400,2024,1,8679.18,8987.33,5714.8,11951.71,1753.43,overstock
1400,2024,2,11951.71,6290.66,5613.8,12628.57,1753.43,overstock
1400,2024,3,12628.57,5905.43,5572.4,12961.6,1753.43,overstock
1400,2024,4,12961.6,6202.57,5877.8,13286.37,1753.43,overstock
1400,2024,5,13286.37,3698.52,6384.8,10600.09,1753.43,overstock
1400,2024,6,10600.09,3187.15,5318.5,8468.74,1753.43,overstock
1400,2024,7,8468.74,10673.61,6514.8,12627.55,1753.43,overstock
1401,2023,2,322.37,234.84,205.3,351.91,84.55,normal
1401,2023,3,351.91,551.66,555.6,347.97,84.55,normal
1401,2023,4,347.97,0.0,0.0,298.95,84.55,normal
1401,2023,5,298.95,0.0,0.0,254.47,84.55,normal
1401,2023,6,254.47,37.58,71.0,221.05,84.55,normal
1401,2023,7,221.05,34.9,0.0,241.62,84.55,normal
1401,2023,8,241.62,0.0,0.0,211.42,84.55,normal
1401,2023,9,211.42,0.0,0.0,197.39,84.55,normal
1401,2023,10,197.39,0.0,0.0,180.27,84.55,normal
1401,2023,11,180.27,39.37,0.0,199.67,84.55,normal
1401,2023,12,199.67,31.56,0.0,212.98,84.55,normal
1401,2024,1,212.98,0.0,0.0,190.45,84.55,normal
1401,2024,2,190.45,0.0,0.0,173.0,84.55,normal
1401,2024,3,173.0,46.9,119.0,100.9,84.55,normal
1401,2024,4,100.9,285.69,479.0,0.0,84.55,stockout
1402,2021,6,177.18,5.44,15.0,167.62,48.22,normal
1402,2021,7,167.62,0.0,0.0,148.69,48.22,normal
1402,2021,8,148.69,0.0,0.0,141.24,48.22,normal
1402,2021,9,141.24,0.0,0.0,131.15,48.22,normal
1402,2021,10,131.15,22.14,0.0,136.94,48.22,normal
1402,2021,11,136.94,0.0,0.0,120.92,48.22,normal
1402,2021,12,120.92,0.0,0.0,109.59,48.22,normal
1402,2022,1,109.59,0.0,0.0,99.92,48.22,normal
1402,2022,2,99.92,0.0,0.0,88.47,48.22,normal
1402,2022,3,88.47,10.9,0.0,89.11,48.22,normal
1402,2022,4,89.11,40.86,42.0,87.97,48.22,normal
1402,2022,5,87.97,0.0,0.0,75.75,48.22,normal
1402,2022,6,75.75,0.0,0.0,71.51,48.22,normal
1402,2022,7,71.51,0.0,0.0,66.21,48.22,normal
1402,2022,8,66.21,0.0,0.0,61.6,48.22,normal
1402,2022,9,61.6,4.95,17.0,49.55,48.22,normal
1402,2022,10,49.55,0.0,0.0,43.76,48.22,understock
1402,2022,11,43.76,28.42,21.0,51.18,48.22,normal
1402,2022,12,51.18,19.02,24.0,46.2,48.22,understock
1402,2023,1,46.2,0.0,0.0,41.86,48.22,understock
1402,2023,2,41.86,0.0,0.0,37.86,48.22,understock
1402,2023,3,37.86,90.44,63.0,65.3,48.22,normal
1402,2023,4,65.3,0.0,0.0,61.6,48.22,normal
1402,2023,5,61.6,0.0,0.0,57.55,48.22,normal
1402,2023,6,57.55,112.21,90.0,79.76,48.22,normal
1402,2023,7,79.76,0.0,0.0,73.77,48.22,normal
1402,2023,8,73.77,0.0,0.0,66.14,48.22,normal
1402,2023,9,66.14,0.0,0.0,58.01,48.22,normal
1402,2023,10,58.01,0.0,0.0,53.88,48.22,normal
1402,2023,11,53.88,0.0,0.0,50.97,48.22,normal
1402,2023,12,50.97,26.79,0.0,75.09,48.22,normal
1402,2024,1,75.09,0.0,0.0,65.02,48.22,normal
1402,2024,2,65.02,0.0,0.0,61.48,48.22,normal
1402,2024,3,61.48,97.36,130.0,28.84,48.22,understock
1402,2024,4,28.84,26.54,20.0,35.38,48.22,understock
1402,2024,5,35.38,455.99,949.42,0.0,48.22,stockout
1402,2024,6,0.0,83.24,71.1,12.14,48.22,understock
1402,2024,7,12.14,382.87,604.48,0.0,48.22,stockout
1403,2021,2,13.32,7.08,7.0,13.4,3.07,normal
1403,2021,3,13.4,0.0,0.0,12.53,3.07,normal
1403,2021,4,12.53,0.0,0.0,10.89,3.07,normal
1403,2021,5,10.89,1.24,0.0,10.69,3.07,normal
1403,2021,6,10.69,0.0,0.0,9.14,3.07,normal
1403,2021,7,9.14,0.0,0.0,7.79,3.07,normal
1403,2021,8,7.79,20.34,21.48,6.65,3.07,normal
1405,2021,9,99.93,71.55,138.28,33.2,30.06,normal
1405,2021,10,33.2,0.0,0.0,29.67,30.06,understock
1405,2021,11,29.67,0.0,0.0,27.4,30.06,understock
1405,2021,12,27.4,0.0,0.0,23.82,30.06,understock
1405,2022,1,23.82,0.0,0.0,20.75,30.06,understock
1405,2022,2,20.75,50.64,102.54,0.0,30.06,stockout
1405,2022,3,0.0,2.6,7.01,0.0,30.06,stockout
1405,2022,4,0.0,63.0,112.61,0.0,30.06,stockout
1405,2022,5,0.0,0.0,0.0,0.0,30.06,stockout
1405,2022,6,0.0,181.9,176.93,4.97,30.06,understock
1405,2022,7,4.97,107.59,106.13,6.43,30.06,understock
1405,2022,8,6.43,114.77,124.09,0.0,30.06,stockout
1405,2022,9,0.0,106.3,110.63,0.0,30.06,stockout
1405,2022,10,0.0,0.0,0.0,0.0,30.06,stockout
1405,2022,11,0.0,175.79,420.28,0.0,30.06,stockout
1405,2022,12,0.0,90.8,164.16,0.0,30.06,stockout
1405,2023,1,0.0,41.26,36.07,5.19,30.06,understock
1405,2023,2,5.19,10.24,11.57,3.86,30.06,understock
1405,2023,3,3.86,14.74,22.33,0.0,30.06,stockout
1405,2023,4,0.0,0.0,0.0,0.0,30.06,stockout
1405,2023,5,0.0,461.58,337.17,124.41,30.06,normal
1405,2023,6,124.41,0.0,0.0,108.06,30.06,normal
1405,2023,7,108.06,7.9,5.4,110.56,30.06,normal
1405,2023,8,110.56,0.0,0.0,102.48,30.06,normal
1405,2023,9,102.48,0.0,0.0,93.65,30.06,normal
1405,2023,10,93.65,0.0,0.0,80.18,30.06,normal
1405,2023,11,80.18,39.47,33.93,85.72,30.06,normal
1405,2023,12,85.72,4.06,5.21,84.57,30.06,normal
1405,2024,1,84.57,15.6,23.0,77.17,30.06,normal
1405,2024,2,77.17,0.0,0.0,66.64,30.06,normal
1405,2024,3,66.64,4.26,3.6,67.3,30.06,normal
1405,2024,4,67.3,15.97,0.0,74.08,30.06,normal
1405,2024,5,74.08,1.58,10.02,65.64,30.06,normal
1405,2024,6,65.64,19.16,15.9,68.9,30.06,normal
1408,2023,3,75.4,65.39,38.5,102.29,16.82,normal
1408,2023,4,102.29,0.0,0.0,87.49,16.82,normal
1408,2023,5,87.49,0.0,1.0,86.49,16.82,normal
1408,2023,6,86.49,5.22,0.0,79.03,16.82,normal
1408,2023,7,79.03,301.84,267.0,113.87,16.82,overstock
1408,2023,8,113.87,6.33,0.0,109.54,16.82,overstock
1408,2023,9,109.54,0.0,0.0,102.18,16.82,normal
1408,2023,10,102.18,0.0,0.0,93.35,16.82,normal
1408,2023,11,93.35,0.0,0.0,87.77,16.82,normal
1408,2023,12,87.77,1.54,5.0,84.31,16.82,normal
1408,2024,1,84.31,0.0,0.0,76.7,16.82,normal
1408,2024,2,76.7,61.05,82.0,55.75,16.82,normal
1408,2024,3,55.75,0.0,0.0,50.21,16.82,normal
1408,2024,4,50.21,5.71,0.0,51.28,16.82,normal
1408,2024,5,51.28,63.38,40.7,73.96,16.82,normal
1410,2023,10,6.18,5.33,5.0,6.51,1.44,normal
1416,2024,5,30.96,33.62,24.0,40.58,6.08,overstock
1416,2024,6,40.58,2.18,0.0,39.12,6.08,overstock
1416,2024,7,39.12,25.1,24.0,40.22,6.08,overstock
1417,2024,6,76.21,94.21,90.0,80.42,29.47,normal
2004,2021,1,10270.11,13645.32,10000.0,13915.43,2154.02,normal
2004,2021,2,13915.43,5530.0,5000.0,14445.43,2154.02,normal
2004,2021,3,14445.43,22209.91,15000.0,21655.34,2154.02,overstock
2004,2021,4,21655.34,5688.49,12000.0,15343.83,2154.02,normal
2004,2021,5,15343.83,0.0,0.0,13806.54,2154.02,normal
2004,2021,6,13806.54,0.0,0.0,12433.46,2154.02,normal
2004,2021,7,12433.46,1396.71,0.0,12596.6,2154.02,normal
2004,2021,8,12596.6,3324.57,3000.0,12921.17,2154.02,normal
2004,2021,9,12921.17,4409.32,4000.0,13330.49,2154.02,normal
2004,2021,10,13330.49,3007.3,3000.0,13337.79,2154.02,normal
2004,2021,11,13337.79,1329.03,1000.0,13666.82,2154.02,normal
2004,2021,12,13666.82,0.0,0.0,12183.62,2154.02,normal
2004,2022,1,12183.62,9281.41,10500.0,10965.03,2154.02,normal
2004,2022,2,10965.03,6047.97,6000.0,11013.0,2154.02,normal
2004,2022,3,11013.0,2960.24,3000.0,10973.24,2154.02,normal
2004,2022,4,10973.24,2584.06,2000.0,11557.3,2154.02,normal
2004,2022,5,11557.3,2020.03,2000.0,11577.33,2154.02,normal
2004,2022,6,11577.33,955.38,1000.0,11532.71,2154.02,normal
2004,2022,7,11532.71,0.0,0.0,10418.0,2154.02,normal
2004,2022,8,10418.0,0.0,0.0,8988.01,2154.02,normal
2004,2022,9,8988.01,1144.04,1000.0,9132.05,2154.02,normal
2004,2022,10,9132.05,628.23,1000.0,8760.28,2154.02,normal
2004,2022,11,8760.28,602.49,2000.0,7362.77,2154.02,normal
2004,2022,12,7362.77,18031.1,19000.0,6393.87,2154.02,normal
2004,2023,1,6393.87,2771.29,3000.0,6165.16,2154.02,normal
2004,2023,2,6165.16,8889.18,6000.0,9054.34,2154.02,normal
2004,2023,3,9054.34,11263.04,12000.0,8317.38,2154.02,normal
2004,2023,4,8317.38,13196.7,18000.0,3514.08,2154.02,normal
2004,2023,5,3514.08,25315.78,24500.0,4329.86,2154.02,normal
2004,2023,6,4329.86,20087.51,18000.0,6417.37,2154.02,normal
2004,2023,7,6417.37,18941.56,18000.0,7358.93,2154.02,normal
2004,2023,8,7358.93,0.0,0.0,6676.4,2154.02,normal
2004,2023,9,6676.4,5436.96,5000.0,7113.36,2154.02,normal
2004,2023,10,7113.36,0.0,0.0,6232.85,2154.02,normal
2004,2023,11,6232.85,14805.07,13000.0,8037.92,2154.02,normal
2004,2023,12,8037.92,26627.61,27000.0,7665.53,2154.02,normal
2004,2024,1,7665.53,6836.56,6000.0,8502.09,2154.02,normal
2004,2024,2,8502.09,14804.19,14000.0,9306.28,2154.02,normal
2004,2024,3,9306.28,0.0,0.0,8739.51,2154.02,normal
2004,2024,4,8739.51,5317.6,11000.0,3057.11,2154.02,normal
2004,2024,5,3057.11,28210.37,20500.0,10767.48,2154.02,normal
2004,2024,6,10767.48,27128.7,36000.0,1896.18,2154.02,understock
2004,2024,7,1896.18,10049.35,18000.0,0.0,2154.02,stockout
2005,2024,4,1103.98,615.48,950.0,769.46,294.1,normal
2016,2021,2,13979.08,10789.74,12000.0,12768.82,4255.24,normal
2016,2021,3,12768.82,20277.33,18500.0,14546.15,4255.24,normal
2016,2021,4,14546.15,10614.09,10900.0,14260.24,4255.24,normal
2016,2021,5,14260.24,0.0,0.0,12970.13,4255.24,normal
2016,2021,6,12970.13,8283.42,6000.0,15253.55,4255.24,normal
2016,2021,7,15253.55,31735.39,23000.0,23988.94,4255.24,overstock
2016,2021,8,23988.94,10447.33,12000.0,22436.27,4255.24,normal
2016,2021,9,22436.27,13454.43,10000.0,25890.7,4255.24,overstock
2016,2021,10,25890.7,3114.49,3000.0,26005.19,4255.24,overstock
2016,2021,11,26005.19,5833.22,6000.0,25838.41,4255.24,overstock
2016,2021,12,25838.41,5852.25,5000.0,26690.66,4255.24,overstock
2016,2022,1,26690.66,5614.1,4500.0,27804.76,4255.24,overstock
2016,2022,2,27804.76,8092.45,12000.0,23897.21,4255.24,overstock
2016,2022,3,23897.21,5056.01,5000.0,23953.22,4255.24,overstock
2016,2022,4,23953.22,3028.71,5000.0,21981.93,4255.24,normal
2016,2022,5,21981.93,5456.07,5000.0,22438.0,4255.24,normal
2016,2022,6,22438.0,4644.72,5000.0,22082.72,4255.24,normal
2016,2022,7,22082.72,2093.38,4000.0,20176.1,4255.24,normal
2016,2022,8,20176.1,0.0,0.0,17782.38,4255.24,normal
2016,2022,9,17782.38,4043.08,4000.0,17825.46,4255.24,normal
2016,2022,10,17825.46,22589.98,21000.0,19415.44,4255.24,normal
2016,2022,11,19415.44,2997.81,5000.0,17413.25,4255.24,normal
2016,2022,12,17413.25,13063.18,20000.0,10476.43,4255.24,normal
2016,2023,1,10476.43,17191.05,37000.0,0.0,4255.24,stockout
2016,2023,2,0.0,13468.78,13000.0,468.78,4255.24,understock
2016,2023,3,468.78,19395.07,21000.0,0.0,4255.24,stockout
2016,2023,4,0.0,7592.69,14000.0,0.0,4255.24,stockout
2016,2023,5,0.0,11568.12,20500.0,0.0,4255.24,stockout
2016,2023,6,0.0,6980.14,6000.0,980.14,4255.24,understock
2016,2023,7,980.14,48086.28,28000.0,21066.42,4255.24,normal
2016,2023,8,21066.42,23409.7,24000.0,20476.12,4255.24,normal
2016,2023,9,20476.12,23650.31,21000.0,23126.43,4255.24,overstock
2016,2023,10,23126.43,24641.22,25000.0,22767.65,4255.24,overstock
2016,2023,11,22767.65,35422.39,22000.0,36190.04,4255.24,overstock
2016,2023,12,36190.04,23348.57,23000.0,36538.61,4255.24,overstock
2016,2024,1,36538.61,35267.29,39000.0,32805.9,4255.24,overstock
2016,2024,2,32805.9,6834.02,13000.0,26639.92,4255.24,overstock
2016,2024,3,26639.92,7306.42,8000.0,25946.34,4255.24,overstock
2016,2024,4,25946.34,22886.61,22000.0,26832.95,4255.24,overstock
2016,2024,5,26832.95,41852.47,26225.0,42460.42,4255.24,overstock
2016,2024,6,42460.42,20237.88,30000.0,32698.3,4255.24,overstock
2016,2024,7,32698.3,6703.62,10000.0,29401.92,4255.24,overstock
2018,2021,10,1891.59,2923.56,3000.0,1815.15,561.74,normal
2018,2021,11,1815.15,0.0,0.0,1719.43,561.74,normal
2018,2021,12,1719.43,156.72,0.0,1633.02,561.74,normal
2018,2022,1,1633.02,0.0,0.0,1466.65,561.74,normal
2018,2022,2,1466.65,0.0,0.0,1344.62,561.74,normal
2018,2022,3,1344.62,0.0,0.0,1167.77,561.74,normal
2018,2022,4,1167.77,209.28,0.0,1244.58,561.74,normal
2018,2022,5,1244.58,217.5,0.0,1327.97,561.74,normal
2018,2022,6,1327.97,222.51,400.0,1150.48,561.74,normal
2019,2022,6,908.75,1533.93,1000.0,1442.68,347.47,normal
2028,2022,10,844.82,917.97,1000.0,762.79,323.91,normal
2035,2021,3,7923.55,5383.92,5000.0,8307.47,1581.44,normal
2035,2021,4,8307.47,5476.45,5600.0,8183.92,1581.44,normal
2035,2021,5,8183.92,619.09,0.0,8386.89,1581.44,normal
2035,2021,6,8386.89,0.0,0.0,7470.92,1581.44,normal
2035,2021,7,7470.92,9266.41,15000.0,1737.33,1581.44,normal
2035,2021,8,1737.33,5184.5,5000.0,1921.83,1581.44,normal
2035,2021,9,1921.83,6330.88,11000.0,0.0,1581.44,stockout
2035,2021,10,0.0,22858.2,25000.0,0.0,1581.44,stockout
2035,2021,11,0.0,506.49,0.0,506.49,1581.44,understock
2035,2021,12,506.49,0.0,0.0,430.71,1581.44,understock
2035,2022,1,430.71,0.0,0.0,388.16,1581.44,understock
2035,2022,2,388.16,0.0,0.0,344.58,1581.44,understock
2035,2022,3,344.58,506.31,0.0,831.18,1581.44,understock
2035,2022,4,831.18,0.0,0.0,748.55,1581.44,understock
2035,2022,5,748.55,0.0,0.0,645.3,1581.44,understock
2035,2022,6,645.3,0.0,0.0,583.24,1581.44,understock
2035,2022,7,583.24,0.0,0.0,527.47,1581.44,understock
2035,2022,8,527.47,1457.64,0.0,1957.53,1581.44,normal
2035,2022,9,1957.53,0.0,0.0,1799.15,1581.44,normal
2035,2022,10,1799.15,0.0,0.0,1608.67,1581.44,normal
2035,2022,11,1608.67,4345.6,4000.0,1954.27,1581.44,normal
2035,2022,12,1954.27,2641.48,6000.0,0.0,1581.44,stockout
2035,2023,1,0.0,4609.93,3000.0,1609.93,1581.44,normal
2035,2023,2,1609.93,0.0,0.0,1502.06,1581.44,understock
2035,2023,3,1502.06,497.67,0.0,1900.44,1581.44,normal
2035,2023,4,1900.44,0.0,0.0,1620.9,1581.44,normal
2035,2023,5,1620.9,0.0,0.0,1384.49,1581.44,understock
2035,2023,6,1384.49,4387.19,4000.0,1771.68,1581.44,normal
2035,2023,7,1771.68,15711.05,16000.0,1482.73,1581.44,understock
2035,2023,8,1482.73,0.0,0.0,1264.06,1581.44,understock
2035,2023,9,1264.06,702.58,1000.0,966.64,1581.44,understock
2035,2023,10,966.64,0.0,0.0,832.68,1581.44,understock
2035,2023,11,832.68,0.0,0.0,734.47,1581.44,understock
2035,2023,12,734.47,0.0,0.0,678.7,1581.44,understock
2035,2024,1,678.7,0.0,0.0,624.13,1581.44,understock
2035,2024,2,624.13,0.0,0.0,589.82,1581.44,understock
2035,2024,3,589.82,0.0,0.0,556.54,1581.44,understock
2035,2024,4,556.54,0.0,0.0,521.73,1581.44,understock
2035,2024,5,521.73,879.37,1000.0,401.1,1581.44,understock
2035,2024,6,401.1,652.55,1000.0,53.65,1581.44,understock
2036,2021,8,1576.8,1133.15,1000.0,1709.95,449.16,normal
2036,2021,9,1709.95,0.0,0.0,1557.15,449.16,normal
2036,2021,10,1557.15,0.0,0.0,1335.99,449.16,normal
2036,2021,11,1335.99,0.0,0.0,1240.47,449.16,normal
2036,2021,12,1240.47,0.0,0.0,1154.94,449.16,normal
2036,2022,1,1154.94,148.68,0.0,1161.91,449.16,normal
2036,2022,2,1161.91,0.0,0.0,1029.77,449.16,normal
2036,2022,3,1029.77,0.0,0.0,968.77,449.16,normal
2036,2022,4,968.77,210.94,0.0,1037.68,449.16,normal
2036,2022,5,1037.68,0.0,0.0,980.45,449.16,normal
2036,2022,6,980.45,0.0,0.0,907.43,449.16,normal
2036,2022,7,907.43,0.0,0.0,858.1,449.16,normal
2036,2022,8,858.1,0.0,0.0,770.95,449.16,normal
2036,2022,9,770.95,0.0,0.0,727.22,449.16,normal
2036,2022,10,727.22,206.96,0.0,833.29,449.16,normal
2036,2022,11,833.29,0.0,0.0,718.48,449.16,normal
2036,2022,12,718.48,0.0,0.0,677.11,449.16,normal
2036,2023,1,677.11,0.0,0.0,598.72,449.16,normal
2036,2023,2,598.72,0.0,0.0,551.38,449.16,normal
2036,2023,3,551.38,0.0,0.0,499.26,449.16,normal
2036,2023,4,499.26,0.0,0.0,469.13,449.16,normal
2036,2023,5,469.13,1077.12,1000.0,546.25,449.16,normal
2036,2023,6,546.25,0.0,0.0,475.48,449.16,normal
2036,2023,7,475.48,0.0,0.0,441.5,449.16,understock
2036,2023,8,441.5,0.0,0.0,388.81,449.16,understock
2036,2023,9,388.81,0.0,0.0,332.05,449.16,understock
2036,2023,10,332.05,0.0,0.0,297.95,449.16,understock
2036,2023,11,297.95,91.22,0.0,369.62,449.16,understock
2036,2023,12,369.62,165.19,0.0,503.88,449.16,normal
2036,2024,1,503.88,0.0,0.0,451.69,449.16,normal
2036,2024,2,451.69,0.0,0.0,407.79,449.16,understock
2036,2024,3,407.79,0.0,0.0,348.55,449.16,understock
2036,2024,4,348.55,286.25,0.0,606.52,449.16,normal
2036,2024,5,606.52,0.0,0.0,569.59,449.16,normal
2036,2024,6,569.59,2079.62,2000.0,649.21,449.16,normal
2036,2024,7,649.21,912.21,2000.0,0.0,449.16,stockout
2037,2023,1,6266.12,7603.72,5000.0,8869.84,1291.46,overstock
2103,2023,5,20.92,41.08,30.0,32.0,5.5,normal
2103,2023,6,32.0,0.0,0.0,29.22,5.5,normal
2103,2023,7,29.22,16.71,15.0,30.93,5.5,normal
2103,2023,8,30.93,42.96,25.0,48.89,5.5,overstock
2104,2023,2,39.26,38.18,25.0,52.44,9.48,overstock
2104,2023,3,52.44,0.0,0.0,47.0,9.48,normal
2104,2023,4,47.0,0.0,0.0,40.47,9.48,normal
2104,2023,5,40.47,0.0,0.0,37.6,9.48,normal
2104,2023,6,37.6,0.0,0.0,34.94,9.48,normal
2104,2023,7,34.94,0.0,0.0,30.04,9.48,normal
2104,2023,8,30.04,38.07,55.0,13.11,9.48,normal
2104,2023,9,13.11,0.0,0.0,11.21,9.48,normal
2104,2023,10,11.21,4.58,0.0,14.2,9.48,normal
2104,2023,11,14.2,4.82,0.0,17.64,9.48,normal
2104,2023,12,17.64,0.0,0.0,15.65,9.48,normal
2104,2024,1,15.65,5.43,0.0,20.29,9.48,normal
2104,2024,2,20.29,0.0,0.0,18.25,9.48,normal
2104,2024,3,18.25,0.0,0.0,16.78,9.48,normal
2104,2024,4,16.78,0.0,0.0,14.37,9.48,normal
2104,2024,5,14.37,0.0,0.0,12.9,9.48,normal
2104,2024,6,12.9,0.0,0.0,11.07,9.48,normal
2104,2024,7,11.07,19.51,20.0,10.58,9.48,normal
2108,2023,8,25.99,37.54,25.0,38.53,5.37,overstock
2123,2023,5,37.16,52.35,36.0,53.51,7.98,normal
2128,2021,7,63.22,43.6,73.5,33.32,24.37,normal
2131,2021,2,43.84,92.09,90.0,45.93,17.12,normal
2131,2021,3,45.93,0.0,0.0,39.76,17.12,normal
2131,2021,4,39.76,0.0,0.0,35.63,17.12,normal
2131,2021,5,35.63,0.0,0.0,31.26,17.12,normal
2131,2021,6,31.26,0.0,0.0,26.79,17.12,normal
2131,2021,7,26.79,0.0,0.0,24.34,17.12,normal
2131,2021,8,24.34,0.0,0.0,22.15,17.12,normal
2131,2021,9,22.15,7.89,0.0,27.11,17.12,normal
2131,2021,10,27.11,0.0,0.0,25.13,17.12,normal
2131,2021,11,25.13,0.0,0.0,23.81,17.12,normal
2131,2021,12,23.81,0.0,0.0,22.0,17.12,normal
2131,2022,1,22.0,5.54,0.0,25.07,17.12,normal
2131,2022,2,25.07,0.0,0.0,21.34,17.12,normal
2131,2022,3,21.34,0.0,0.0,19.27,17.12,normal
2131,2022,4,19.27,0.0,0.0,16.68,17.12,understock
2131,2022,5,16.68,0.0,0.0,14.54,17.12,understock
2131,2022,6,14.54,0.0,0.0,13.25,17.12,understock
2131,2022,7,13.25,0.0,0.0,11.69,17.12,understock
2131,2022,8,11.69,0.0,0.0,10.69,17.12,understock
2131,2022,9,10.69,0.0,0.0,9.18,17.12,understock
2131,2022,10,9.18,0.0,0.0,8.51,17.12,understock
2131,2022,11,8.51,0.0,0.0,7.51,17.12,understock
2131,2022,12,7.51,0.0,0.0,7.12,17.12,understock
2131,2023,1,7.12,0.0,0.0,6.19,17.12,understock
2131,2023,2,6.19,0.0,0.0,5.57,17.12,understock
2131,2023,3,5.57,0.0,0.0,4.97,17.12,understock
2131,2023,4,4.97,0.0,0.0,4.46,17.12,understock
2131,2023,5,4.46,6.07,0.0,10.16,17.12,understock
2131,2023,6,10.16,0.0,0.0,9.0,17.12,understock
2131,2023,7,9.0,0.0,0.0,8.54,17.12,understock
2131,2023,8,8.54,0.0,0.0,7.57,17.12,understock
2131,2023,9,7.57,3.31,0.0,10.01,17.12,understock
2131,2023,10,10.01,0.0,0.0,9.19,17.12,understock
2131,2023,11,9.19,0.0,0.0,7.86,17.12,understock
2131,2023,12,7.86,0.0,0.0,7.23,17.12,understock
2131,2024,1,7.23,0.0,0.0,6.44,17.12,understock
2131,2024,2,6.44,0.0,0.0,5.81,17.12,understock
2131,2024,3,5.81,0.0,0.0,5.07,17.12,understock
2131,2024,4,5.07,0.0,0.0,4.41,17.12,understock
2131,2024,5,4.41,0.0,0.0,4.14,17.12,understock
2131,2024,6,4.14,0.0,0.0,3.54,17.12,understock
2131,2024,7,3.54,9.16,10.0,2.7,17.12,understock
2136,2023,6,20.76,24.78,18.0,27.54,4.65,overstock
2137,2024,4,117.24,73.15,80.0,110.39,36.18,normal
2137,2024,5,110.39,225.32,205.0,130.71,36.18,normal
2137,2024,6,130.71,181.24,130.0,181.95,36.18,normal
2138,2024,7,50.0,59.2,44.0,65.2,14.92,normal
2139,2021,8,39.72,40.5,40.0,40.22,10.82,normal
2139,2021,9,40.22,5.04,0.0,42.56,10.82,normal
2139,2021,10,42.56,5.36,0.0,44.47,10.82,normal
2139,2021,11,44.47,0.0,0.0,40.65,10.82,normal
2139,2021,12,40.65,0.0,0.0,36.71,10.82,normal
2139,2022,1,36.71,0.0,0.0,33.58,10.82,normal
2139,2022,2,33.58,0.0,0.0,31.04,10.82,normal
2139,2022,3,31.04,0.0,0.0,27.77,10.82,normal
2139,2022,4,27.77,0.0,0.0,25.07,10.82,normal
2139,2022,5,25.07,0.0,0.0,23.8,10.82,normal
2139,2022,6,23.8,0.0,0.0,20.94,10.82,normal
2139,2022,7,20.94,0.0,0.0,19.31,10.82,normal
2139,2022,8,19.31,0.0,0.0,18.27,10.82,normal
2139,2022,9,18.27,0.0,0.0,15.93,10.82,normal
2139,2022,10,15.93,0.0,0.0,14.81,10.82,normal
2139,2022,11,14.81,0.0,0.0,12.86,10.82,normal
2139,2022,12,12.86,0.0,0.0,11.79,10.82,normal
2139,2023,1,11.79,0.0,0.0,10.54,10.82,understock
2139,2023,2,10.54,0.0,0.0,9.06,10.82,understock
2139,2023,3,9.06,0.0,0.0,7.94,10.82,understock
2139,2023,4,7.94,0.0,0.0,7.05,10.82,understock
2139,2023,5,7.05,45.22,30.0,22.27,10.82,normal
2139,2023,6,22.27,0.0,0.0,19.33,10.82,normal
2139,2023,7,19.33,5.82,0.0,22.41,10.82,normal
2139,2023,8,22.41,0.0,0.0,20.87,10.82,normal
2139,2023,9,20.87,3.32,0.0,22.93,10.82,normal
2139,2023,10,22.93,0.0,0.0,21.62,10.82,normal
2139,2023,11,21.62,0.0,0.0,19.59,10.82,normal
2139,2023,12,19.59,0.0,0.0,17.5,10.82,normal
2139,2024,1,17.5,0.0,0.0,16.54,10.82,normal
2139,2024,2,16.54,2.21,0.0,17.22,10.82,normal
2139,2024,3,17.22,6.04,0.0,22.01,10.82,normal
2139,2024,4,22.01,0.0,0.0,19.84,10.82,normal
2139,2024,5,19.84,0.0,0.0,17.3,10.82,normal
2139,2024,6,17.3,0.0,0.0,15.38,10.82,normal
2139,2024,7,15.38,61.17,42.0,34.55,10.82,normal
2146,2024,3,74.38,88.43,80.0,82.81,26.06,normal
2149,2023,2,137.19,161.93,150.0,149.12,34.79,normal
2150,2021,3,97.8,76.0,80.0,93.8,29.58,normal
2150,2021,4,93.8,4.65,10.0,88.45,29.58,normal
2150,2021,5,88.45,0.0,0.0,80.62,29.58,normal
2150,2021,6,80.62,0.0,0.0,70.64,29.58,normal
2150,2021,7,70.64,0.0,0.0,60.15,29.58,normal
2150,2021,8,60.15,0.0,0.0,53.26,29.58,normal
2150,2021,9,53.26,0.0,0.0,47.51,29.58,normal
2150,2021,10,47.51,0.0,0.0,43.17,29.58,normal
2150,2021,11,43.17,0.0,0.0,40.77,29.58,normal
2150,2021,12,40.77,0.0,0.0,35.47,29.58,normal
2150,2022,1,35.47,0.0,0.0,31.23,29.58,normal
2150,2022,2,31.23,0.0,0.0,29.57,29.58,understock
2150,2022,3,29.57,0.0,0.0,26.92,29.58,understock
2150,2022,4,26.92,0.0,0.0,24.06,29.58,understock
2150,2022,5,24.06,0.0,0.0,21.29,29.58,understock
2150,2022,6,21.29,0.0,0.0,18.74,29.58,understock
2150,2022,7,18.74,0.0,0.0,17.44,29.58,understock
2150,2022,8,17.44,0.0,0.0,15.81,29.58,understock
2150,2022,9,15.81,0.0,0.0,14.44,29.58,understock
2150,2022,10,14.44,0.0,0.0,12.77,29.58,understock
2150,2022,11,12.77,0.0,0.0,10.92,29.58,understock
2150,2022,12,10.92,0.0,0.0,9.81,29.58,understock
2150,2023,1,9.81,0.0,0.0,9.26,29.58,understock
2150,2023,2,9.26,0.0,0.0,8.14,29.58,understock
2150,2023,3,8.14,0.0,0.0,7.55,29.58,understock
2150,2023,4,7.55,0.0,0.0,6.85,29.58,understock
2150,2023,5,6.85,0.0,0.0,6.48,29.58,understock
2150,2023,6,6.48,106.31,100.0,12.79,29.58,understock
2150,2023,7,12.79,182.81,175.0,20.6,29.58,understock
3005,2023,7,860.24,1774.94,1088.3,1546.88,269.33,overstock
3005,2023,8,1546.88,0.0,0.0,1331.03,269.33,overstock
3005,2023,9,1331.03,150.97,0.0,1397.15,269.33,overstock
3005,2023,10,1397.15,46.31,0.0,1324.85,269.33,overstock
3005,2023,11,1324.85,0.0,0.0,1205.31,269.33,overstock
3005,2023,12,1205.31,96.47,0.0,1188.22,269.33,normal
3005,2024,1,1188.22,0.0,0.0,1095.58,269.33,normal
3005,2024,2,1095.58,0.0,0.0,1012.76,269.33,normal
3005,2024,3,1012.76,0.0,0.0,901.44,269.33,normal
3005,2024,4,901.44,0.0,0.0,826.0,269.33,normal
3005,2024,5,826.0,0.0,0.0,754.06,269.33,normal
3005,2024,6,754.06,0.0,0.0,698.79,269.33,normal
3005,2024,7,698.79,810.43,500.0,1009.22,269.33,normal
3007,2024,7,26.94,23.55,25.0,25.49,6.52,normal
3011,2024,4,343.27,350.28,325.0,368.55,89.49,normal
3011,2024,5,368.55,256.04,250.0,374.59,89.49,normal
3011,2024,6,374.59,0.0,0.0,324.48,89.49,normal
3011,2024,7,324.48,266.33,250.0,340.81,89.49,normal
3012,2024,2,212.55,360.93,250.0,323.48,44.44,overstock
3012,2024,3,323.48,163.66,150.0,337.14,44.44,overstock
3019,2024,4,1769.78,1608.01,1425.0,1952.79,330.14,normal
3019,2024,5,1952.79,1351.9,1250.0,2054.69,330.14,normal
3019,2024,6,2054.69,2768.09,3000.0,1822.78,330.14,normal
3019,2024,7,1822.78,738.21,500.0,2060.99,330.14,normal
3031,2023,6,35.17,38.31,25.0,48.48,11.14,normal
3031,2023,7,48.48,0.0,0.0,44.02,11.14,normal
3031,2023,8,44.02,0.0,0.0,40.61,11.14,normal
3031,2023,9,40.61,0.0,0.0,37.32,11.14,normal
3031,2023,10,37.32,0.0,0.0,35.28,11.14,normal
3031,2023,11,35.28,6.44,0.0,38.42,11.14,normal
3031,2023,12,38.42,0.0,0.0,34.16,11.14,normal
3031,2024,1,34.16,21.56,50.0,5.72,11.14,understock
3033,2023,7,847.94,1537.64,1580.0,805.58,255.53,normal
3033,2023,8,805.58,0.0,0.0,696.03,255.53,normal
3033,2023,9,696.03,0.0,16.0,680.03,255.53,normal
3036,2023,5,1892.21,1077.76,1000.0,1969.97,555.1,normal
3036,2023,6,1969.97,2233.54,3500.0,703.51,555.1,normal
3036,2023,7,703.51,2248.09,2000.0,951.6,555.1,normal
3036,2023,8,951.6,1822.65,3000.0,0.0,555.1,stockout
3036,2023,9,0.0,1946.52,2000.0,0.0,555.1,stockout
3036,2023,10,0.0,1752.03,1150.0,602.03,555.1,normal
3036,2023,11,602.03,1144.37,1000.0,746.4,555.1,normal
3036,2023,12,746.4,1665.98,1250.0,1162.38,555.1,normal
3036,2024,1,1162.38,1273.28,1100.0,1335.66,555.1,normal
3036,2024,2,1335.66,710.99,1075.0,971.65,555.1,normal
3036,2024,3,971.65,1444.34,1500.0,915.99,555.1,normal
3036,2024,4,915.99,2187.6,2375.0,728.59,555.1,normal
3036,2024,5,728.59,1539.58,2600.0,0.0,555.1,stockout
3036,2024,6,0.0,669.14,1450.0,0.0,555.1,stockout
3036,2024,7,0.0,3779.09,3625.0,154.09,555.1,understock
3045,2021,9,736.61,400.73,275.0,862.34,302.92,normal
3045,2021,10,862.34,579.4,404.0,1037.74,302.92,normal
3045,2021,11,1037.74,0.0,0.0,976.43,302.92,normal
3045,2021,12,976.43,0.0,0.0,838.6,302.92,normal
3045,2022,1,838.6,0.0,0.0,736.05,302.92,normal
3045,2022,2,736.05,1147.58,1050.8,832.83,302.92,normal
3045,2022,3,832.83,0.0,0.0,767.9,302.92,normal
3045,2022,4,767.9,59.68,0.0,742.42,302.92,normal
3045,2022,5,742.42,0.0,0.0,685.98,302.92,normal
3045,2022,6,685.98,0.0,0.0,598.61,302.92,normal
3045,2022,7,598.61,0.0,0.0,533.66,302.92,normal
3045,2022,8,533.66,0.0,0.0,466.79,302.92,normal
3045,2022,9,466.79,0.0,0.0,428.97,302.92,normal
3045,2022,10,428.97,0.0,0.0,406.7,302.92,normal
3045,2022,11,406.7,0.0,0.0,367.09,302.92,normal
3045,2022,12,367.09,59.72,0.0,391.45,302.92,normal
3045,2023,1,391.45,0.0,0.0,339.24,302.92,normal
3045,2023,2,339.24,0.0,0.0,306.17,302.92,normal
3045,2023,3,306.17,0.0,0.0,284.95,302.92,understock
3045,2023,4,284.95,146.2,0.0,403.65,302.92,normal
3045,2023,5,403.65,339.54,532.0,211.19,302.92,understock
3045,2023,6,211.19,0.0,0.0,189.85,302.92,understock
3045,2023,7,189.85,0.0,0.0,172.31,302.92,understock
3045,2023,8,172.31,0.0,0.0,146.77,302.92,understock
3045,2023,9,146.77,0.0,0.0,126.17,302.92,understock
3045,2023,10,126.17,61.54,0.0,180.33,302.92,understock
3045,2023,11,180.33,0.0,0.0,163.34,302.92,understock
3045,2023,12,163.34,0.0,0.0,146.99,302.92,understock
3045,2024,1,146.99,1262.92,750.0,659.91,302.92,normal
3045,2024,2,659.91,1007.65,1000.0,667.56,302.92,normal
3045,2024,3,667.56,441.52,1000.0,109.08,302.92,understock
3045,2024,4,109.08,2142.2,1250.0,1001.28,302.92,normal
3045,2024,5,1001.28,1741.4,1900.0,842.68,302.92,normal
3045,2024,6,842.68,149.24,0.0,924.77,302.92,normal
3045,2024,7,924.77,766.14,500.0,1190.91,302.92,normal
3063,2023,4,1065.36,1007.9,1000.0,1073.26,231.97,normal
3063,2023,5,1073.26,571.68,1000.0,644.94,231.97,normal
3063,2023,6,644.94,960.32,1475.0,130.26,231.97,understock
3063,2023,7,130.26,2266.52,2343.7,53.08,231.97,understock
3063,2023,8,53.08,0.0,0.0,48.18,231.97,understock
3063,2023,9,48.18,491.21,1000.0,0.0,231.97,stockout
3063,2023,10,0.0,3732.76,2500.0,1232.76,231.97,normal
3063,2023,11,1232.76,0.0,0.0,1109.04,231.97,normal
3063,2023,12,1109.04,959.23,1000.0,1068.27,231.97,normal
3063,2024,1,1068.27,157.91,150.0,1076.18,231.97,normal
3063,2024,2,1076.18,212.25,500.0,788.43,231.97,normal
3063,2024,3,788.43,1051.66,975.0,865.09,231.97,normal
3063,2024,4,865.09,227.68,625.0,467.77,231.97,normal
3063,2024,5,467.77,433.78,500.0,401.55,231.97,normal
3063,2024,6,401.55,542.66,550.0,394.21,231.97,normal
3063,2024,7,394.21,744.87,750.0,389.08,231.97,normal
3065,2023,12,40.59,31.16,34.0,37.75,8.39,normal
3074,2023,7,1155.54,1926.63,1745.0,1337.17,314.84,normal
3074,2023,8,1337.17,1082.03,1000.0,1419.2,314.84,normal
3074,2023,9,1419.2,412.35,500.0,1331.55,314.84,normal
3074,2023,10,1331.55,266.92,500.0,1098.47,314.84,normal
3074,2023,11,1098.47,856.79,750.0,1205.26,314.84,normal
3074,2023,12,1205.26,290.48,250.0,1245.74,314.84,normal
3074,2024,1,1245.74,631.09,500.0,1376.83,314.84,normal
3074,2024,2,1376.83,1720.91,1250.0,1847.74,314.84,normal
3074,2024,3,1847.74,2092.49,1500.0,2440.23,314.84,overstock
3074,2024,4,2440.23,434.39,1000.0,1874.62,314.84,normal
3074,2024,5,1874.62,1924.86,2000.0,1799.48,314.84,normal
3074,2024,6,1799.48,4591.8,3000.0,3391.28,314.84,overstock
3074,2024,7,3391.28,4226.97,3000.0,4618.25,314.84,overstock
3079,2024,1,313.91,247.94,250.0,311.85,53.36,normal
3084,2024,7,279.58,327.62,250.0,357.2,58.16,normal
3090,2021,2,25.47,5.02,11.0,19.49,8.22,normal
3090,2021,3,19.49,4.87,0.0,23.35,8.22,normal
3090,2021,4,23.35,63.56,46.0,40.91,8.22,overstock
3090,2021,5,40.91,0.0,0.0,35.5,8.22,normal
3090,2021,6,35.5,0.0,0.0,30.65,8.22,normal
3090,2021,7,30.65,0.0,0.0,28.0,8.22,normal
3090,2021,8,28.0,0.0,0.0,25.64,8.22,normal
3090,2021,9,25.64,0.0,0.0,22.48,8.22,normal
3090,2021,10,22.48,0.0,0.0,20.9,8.22,normal
3090,2021,11,20.9,0.0,0.0,18.17,8.22,normal
3090,2021,12,18.17,0.0,0.0,16.3,8.22,normal
3090,2022,1,16.3,0.0,0.0,14.65,8.22,normal
3090,2022,2,14.65,0.0,0.0,12.46,8.22,normal
3090,2022,3,12.46,3.52,0.0,14.25,8.22,normal
3090,2022,4,14.25,0.0,0.0,12.28,8.22,normal
3090,2022,5,12.28,0.0,0.0,11.33,8.22,normal
3090,2022,6,11.33,0.0,0.0,10.32,8.22,normal
3090,2022,7,10.32,0.0,0.0,9.65,8.22,normal
3090,2022,8,9.65,0.0,0.0,8.64,8.22,normal
3090,2022,9,8.64,0.0,0.0,7.78,8.22,understock
3090,2022,10,7.78,0.0,0.0,7.38,8.22,understock
3090,2022,11,7.38,0.0,0.0,6.61,8.22,understock
3090,2022,12,6.61,0.0,0.0,5.78,8.22,understock
3090,2023,1,5.78,0.0,0.0,5.33,8.22,understock
3090,2023,2,5.33,0.0,0.0,4.7,8.22,understock
3090,2023,3,4.7,0.0,0.0,4.4,8.22,understock
3090,2023,4,4.4,0.0,0.0,4.15,8.22,understock
3090,2023,5,4.15,9.81,19.0,0.0,8.22,stockout
3107,2021,8,297.81,742.22,550.0,490.03,91.13,overstock
3107,2021,9,490.03,0.0,0.0,427.97,91.13,overstock
3107,2021,10,427.97,0.0,0.0,405.58,91.13,normal
3107,2021,11,405.58,0.0,0.0,373.2,91.13,normal
3107,2021,12,373.2,0.0,0.0,336.42,91.13,normal
3107,2022,1,336.42,0.0,0.0,293.82,91.13,normal
3107,2022,2,293.82,0.0,0.0,266.2,91.13,normal
3107,2022,3,266.2,0.0,0.0,242.39,91.13,normal
3107,2022,4,242.39,0.0,0.0,209.64,91.13,normal
3107,2022,5,209.64,0.0,0.0,199.15,91.13,normal
3107,2022,6,199.15,0.0,0.0,186.72,91.13,normal
3107,2022,7,186.72,0.0,0.0,174.54,91.13,normal
3107,2022,8,174.54,0.0,0.0,151.8,91.13,normal
3107,2022,9,151.8,0.0,0.0,129.7,91.13,normal
3107,2022,10,129.7,0.0,0.0,116.92,91.13,normal
3107,2022,11,116.92,0.0,0.0,101.41,91.13,normal
3107,2022,12,101.41,0.0,0.0,94.42,91.13,normal
3107,2023,1,94.42,0.0,0.0,86.42,91.13,understock
3107,2023,2,86.42,0.0,0.0,76.83,91.13,understock
3107,2023,3,76.83,0.0,0.0,67.41,91.13,understock
3107,2023,4,67.41,0.0,0.0,63.58,91.13,understock
3107,2023,5,63.58,0.0,0.0,56.18,91.13,understock
3107,2023,6,56.18,0.0,0.0,51.61,91.13,understock
3107,2023,7,51.61,31.47,0.0,75.41,91.13,understock
3107,2023,8,75.41,0.0,0.0,67.63,91.13,understock
3107,2023,9,67.63,1.29,8.0,60.92,91.13,understock
3108,2021,2,676.07,829.42,825.0,680.49,272.55,normal
3122,2022,9,1.22,1.07,1.0,1.29,0.25,normal
3123,2022,9,1.05,1.05,1.0,1.1,0.32,normal
3125,2021,2,32.1,37.58,50.0,19.68,8.01,normal
3125,2021,3,19.68,0.0,0.0,16.73,8.01,normal
3125,2021,4,16.73,26.11,25.0,17.84,8.01,normal
3125,2021,5,17.84,0.0,0.0,16.53,8.01,normal
3125,2021,6,16.53,5.21,0.0,20.76,8.01,normal
3125,2021,7,20.76,0.0,0.0,18.84,8.01,normal
3125,2021,8,18.84,28.09,25.0,21.93,8.01,normal
3125,2021,9,21.93,24.92,25.0,21.85,8.01,normal
3125,2021,10,21.85,9.23,15.0,16.08,8.01,normal
3125,2021,11,16.08,0.0,0.0,15.0,8.01,normal
3125,2021,12,15.0,37.87,39.0,13.87,8.01,normal
3125,2022,1,13.87,41.56,25.0,30.43,8.01,normal
3125,2022,2,30.43,18.25,25.0,23.68,8.01,normal
3125,2022,3,23.68,4.25,0.0,24.98,8.01,normal
3125,2022,4,24.98,21.69,50.0,0.0,8.01,stockout
3125,2022,5,0.0,23.43,25.0,0.0,8.01,stockout
3125,2022,6,0.0,56.45,50.0,6.45,8.01,understock
3125,2022,7,6.45,37.21,25.0,18.66,8.01,normal
3125,2022,8,18.66,0.0,0.0,17.62,8.01,normal
3125,2022,9,17.62,192.88,146.0,64.5,8.01,overstock
3125,2022,10,64.5,0.0,0.0,58.57,8.01,overstock
3125,2022,11,58.57,72.16,50.0,80.73,8.01,overstock
3125,2022,12,80.73,52.44,50.0,83.17,8.01,overstock
3125,2023,1,83.17,40.49,25.0,98.66,8.01,overstock
3125,2023,2,98.66,12.5,25.0,86.16,8.01,overstock
3125,2023,3,86.16,0.0,0.0,73.59,8.01,overstock
3125,2023,4,73.59,12.11,25.0,60.7,8.01,overstock
3125,2023,5,60.7,0.0,0.0,51.66,8.01,normal
3125,2023,6,51.66,6.33,0.0,53.57,8.01,normal
3125,2023,7,53.57,0.0,0.0,46.43,8.01,normal
3125,2023,8,46.43,24.81,25.0,46.24,8.01,normal
3125,2023,9,46.24,16.85,25.0,38.09,8.01,normal
3125,2023,10,38.09,2.89,0.0,37.2,8.01,normal
3125,2023,11,37.2,0.0,0.0,33.81,8.01,normal
3125,2023,12,33.81,0.0,0.0,32.07,8.01,normal
3125,2024,1,32.07,0.0,0.0,30.47,8.01,normal
3125,2024,2,30.47,24.86,25.0,30.33,8.01,normal
3125,2024,3,30.33,0.0,0.0,26.76,8.01,normal
3125,2024,4,26.76,0.0,0.0,24.05,8.01,normal
3125,2024,5,24.05,37.81,25.0,36.86,8.01,normal
3125,2024,6,36.86,0.0,0.0,32.7,8.01,normal
3125,2024,7,32.7,9.8,25.0,17.5,8.01,normal
3127,2022,9,0.99,1.52,1.0,1.51,0.27,overstock
3136,2022,9,1.06,1.01,1.0,1.07,0.33,normal
3140,2022,7,24.12,24.78,25.0,23.9,5.34,normal
3149,2023,8,0.93,0.56,1.0,0.49,0.22,normal
3150,2021,8,20.27,24.09,25.0,19.36,6.19,normal
3150,2021,9,19.36,0.0,0.0,17.28,6.19,normal
3150,2021,10,17.28,0.0,0.0,15.97,6.19,normal
3150,2021,11,15.97,0.0,0.0,15.06,6.19,normal
3150,2021,12,15.06,0.0,0.0,12.83,6.19,normal
3150,2022,1,12.83,0.0,0.0,11.6,6.19,normal
3150,2022,2,11.6,0.84,0.74,11.7,6.19,normal
3150,2022,3,11.7,0.0,0.0,10.38,6.19,normal
3150,2022,4,10.38,0.0,0.0,9.76,6.19,normal
3150,2022,5,9.76,0.0,0.0,8.32,6.19,normal
3150,2022,6,8.32,0.0,0.0,7.29,6.19,normal
3150,2022,7,7.29,3.38,0.0,9.62,6.19,normal
3150,2022,8,9.62,0.0,0.0,9.12,6.19,normal
3150,2022,9,9.12,4.03,0.0,12.04,6.19,normal
3150,2022,10,12.04,1.28,0.0,11.75,6.19,normal
3150,2022,11,11.75,32.83,25.0,19.58,6.19,normal
3150,2022,12,19.58,0.0,0.0,17.07,6.19,normal
3150,2023,1,17.07,0.0,0.0,14.58,6.19,normal
3150,2023,2,14.58,0.0,0.0,12.86,6.19,normal
3150,2023,3,12.86,0.0,0.0,11.0,6.19,normal
3150,2023,4,11.0,0.0,0.0,10.2,6.19,normal
3150,2023,5,10.2,0.0,0.0,8.82,6.19,normal
3150,2023,6,8.82,0.0,0.0,8.07,6.19,normal
3150,2023,7,8.07,0.0,0.0,7.56,6.19,normal
3150,2023,8,7.56,2.02,0.0,8.74,6.19,normal
3150,2023,9,8.74,25.4,37.0,0.0,6.19,stockout
3151,2021,4,14.17,23.65,25.0,12.82,5.27,normal
3151,2021,5,12.82,0.0,0.0,11.91,5.27,normal
3151,2021,6,11.91,26.97,25.0,13.88,5.27,normal
3151,2021,7,13.88,0.0,0.0,12.95,5.27,normal
3151,2021,8,12.95,1.45,0.0,13.68,5.27,normal
3151,2021,9,13.68,0.0,0.0,11.91,5.27,normal
3151,2021,10,11.91,0.0,0.0,10.85,5.27,normal
3151,2021,11,10.85,0.0,0.0,10.07,5.27,normal
3151,2021,12,10.07,2.12,0.0,11.04,5.27,normal
3151,2022,1,11.04,0.0,0.0,9.7,5.27,normal
3151,2022,2,9.7,0.0,0.78,8.92,5.27,normal
3153,2022,9,29.49,35.13,25.0,39.62,5.89,overstock
3155,2021,8,23.5,28.3,25.0,26.8,5.27,normal
3155,2021,9,26.8,23.61,25.0,25.41,5.27,normal
3155,2021,10,25.41,0.0,0.0,22.2,5.27,normal
3155,2021,11,22.2,4.88,0.0,24.81,5.27,normal
3155,2021,12,24.81,24.46,25.0,24.27,5.27,normal
3155,2022,1,24.27,0.0,0.0,21.91,5.27,normal
3155,2022,2,21.91,19.18,20.0,21.09,5.27,normal
3155,2022,3,21.09,0.0,0.0,19.3,5.27,normal
3155,2022,4,19.3,23.96,25.0,18.26,5.27,normal
3155,2022,5,18.26,0.0,0.0,16.08,5.27,normal
3155,2022,6,16.08,26.73,25.0,17.81,5.27,normal
3155,2022,7,17.81,16.95,25.0,9.76,5.27,normal
3155,2022,8,9.76,14.57,25.0,0.0,5.27,stockout
3155,2022,9,0.0,12.81,25.0,0.0,5.27,stockout
3156,2022,9,39.01,34.24,50.0,23.25,12.22,normal
3156,2022,10,23.25,6.68,0.0,27.33,12.22,normal
3156,2022,11,27.33,54.76,75.0,7.09,12.22,understock
3156,2022,12,7.09,49.85,50.0,6.94,12.22,understock
3156,2023,1,6.94,0.0,0.0,6.15,12.22,understock
3156,2023,2,6.15,0.0,0.0,5.47,12.22,understock
3156,2023,3,5.47,34.4,25.0,14.87,12.22,normal
3156,2023,4,14.87,14.74,25.0,4.61,12.22,understock
3156,2023,5,4.61,6.36,0.0,10.59,12.22,understock
3156,2023,6,10.59,0.0,0.0,9.7,12.22,understock
3156,2023,7,9.7,0.0,0.0,8.53,12.22,understock
3156,2023,8,8.53,12.79,25.0,0.0,12.22,stockout
3156,2023,9,0.0,0.0,0.0,0.0,12.22,stockout
3156,2023,10,0.0,0.0,0.0,0.0,12.22,stockout
3156,2023,11,0.0,0.0,0.0,0.0,12.22,stockout
3156,2023,12,0.0,0.0,0.0,0.0,12.22,stockout
3156,2024,1,0.0,0.0,0.0,0.0,12.22,stockout
3156,2024,2,0.0,0.0,0.0,0.0,12.22,stockout
3156,2024,3,0.0,0.0,0.0,0.0,12.22,stockout
3156,2024,4,0.0,6.86,0.0,6.86,12.22,understock
3156,2024,5,6.86,0.0,0.0,6.32,12.22,understock
3156,2024,6,6.32,9.9,25.0,0.0,12.22,stockout
3156,2024,7,0.0,27.91,25.0,2.91,12.22,understock
3159,2022,2,10.31,0.17,0.68,9.8,3.91,normal
3159,2022,3,9.8,0.0,0.0,8.35,3.91,normal
3159,2022,4,8.35,0.0,0.0,7.46,3.91,normal
3159,2022,5,7.46,0.0,0.0,6.51,3.91,normal
3159,2022,6,6.51,0.0,0.0,5.96,3.91,normal
3159,2022,7,5.96,0.0,0.0,5.33,3.91,normal
3159,2022,8,5.33,0.0,0.0,4.92,3.91,normal
3159,2022,9,4.92,0.0,0.0,4.6,3.91,normal
3159,2022,10,4.6,33.45,25.0,13.05,3.91,normal
10359,2023,6,43.14,9.8,7.6,45.34,9.52,normal
10359,2023,7,45.34,0.0,0.0,39.66,9.52,normal
10359,2023,8,39.66,0.0,0.0,33.97,9.52,normal
10359,2023,9,33.97,0.0,0.0,30.66,9.52,normal
10359,2023,10,30.66,0.0,0.0,28.27,9.52,normal
10359,2023,11,28.27,0.0,0.0,25.92,9.52,normal
10359,2023,12,25.92,3.57,9.3,20.19,9.52,normal
10359,2024,1,20.19,41.64,60.0,1.83,9.52,understock
10359,2024,2,1.83,58.62,100.8,0.0,9.52,stockout
12823,2023,2,267.26,180.51,186.56,261.21,71.31,normal
12823,2023,3,261.21,222.41,176.87,306.75,71.31,normal
12823,2023,4,306.75,0.0,0.0,287.69,71.31,normal
12823,2023,5,287.69,22.46,0.0,267.33,71.31,normal
12823,2023,6,267.33,304.25,283.7,287.88,71.31,normal
12823,2023,7,287.88,0.0,0.0,265.08,71.31,normal
12823,2023,8,265.08,1080.19,639.84,705.43,71.31,overstock
12823,2023,9,705.43,92.17,168.16,629.44,71.31,overstock
12823,2023,10,629.44,0.0,0.0,569.48,71.31,overstock
12823,2023,11,569.48,0.0,0.0,524.87,71.31,overstock
12823,2023,12,524.87,0.0,0.0,476.5,71.31,overstock
12823,2024,1,476.5,91.12,83.5,484.12,71.31,overstock
12823,2024,2,484.12,0.0,0.0,448.78,71.31,overstock
12823,2024,3,448.78,0.0,0.0,407.97,71.31,overstock
12823,2024,4,407.97,306.72,324.9,389.79,71.31,overstock
12823,2024,5,389.79,357.11,255.68,491.22,71.31,overstock
12823,2024,6,491.22,70.24,93.15,468.31,71.31,overstock
